order_id,order_date,customer_id,region,channel,category,product,quantity,unit_price,discount_rate,unit_cost
ORD000630,2024-01-01,C00024,East,Online,Home,Coffee Maker,1,93.82,0.1,52.25
ORD002343,2024-01-01,C00266,East,Online,Fitness,Yoga Mat,2,31.7,0.0,12.6
ORD003470,2024-01-01,C00513,East,Store,Beauty,Makeup Kit,1,41.78,0.1,14.0
ORD003470,2024-01-01,C00513,East,Store,Home,Storage Box,1,25.12,0.1,9.36
ORD003517,2024-01-01,C00620,East,Online,Beauty,Hair Dryer,1,83.55,0.0,39.0
ORD003517,2024-01-01,C00620,East,Online,Fitness,Resistance Bands,1,20.83,0.1,7.48
ORD003700,2024-01-01,C00788,South,Marketplace,Home,Lamp,1,50.71,0.05,21.12
ORD004261,2024-01-01,C00109,South,Store,Home,Coffee Maker,1,94.11,0.1,52.25
ORD004261,2024-01-01,C00109,South,Store,Home,Coffee Maker,3,101.75,0.0,52.25
ORD004731,2024-01-01,C00022,North,Marketplace,Electronics,Smartwatch,3,226.28,0.0,132.3
ORD005232,2024-01-01,C00067,North,Marketplace,Beauty,Hair Dryer,1,80.41,0.2,39.0
ORD005232,2024-01-01,C00067,North,Marketplace,Home,Lamp,2,49.19,0.05,21.12
ORD001368,2024-01-02,C00131,East,Online,Electronics,Headphones,1,91.33,0.0,49.3
ORD001368,2024-01-02,C00131,East,Online,Electronics,Headphones,1,89.74,0.15,49.3
ORD001530,2024-01-02,C00493,West,Store,Home,Storage Box,2,23.8,0.15,9.36
ORD002617,2024-01-02,C00498,East,Online,Fitness,Resistance Bands,1,22.59,0.0,7.48
ORD002617,2024-01-02,C00498,East,Online,Beauty,Skin Care Set,3,42.53,0.05,16.65
ORD003488,2024-01-02,C01098,South,Online,Fitness,Resistance Bands,1,23.01,0.15,7.48
ORD003488,2024-01-02,C01098,South,Online,Beauty,Hair Dryer,4,78.01,0.0,39.0
ORD000512,2024-01-03,C00630,East,Store,Electronics,Headphones,1,91.54,0.05,49.3
ORD000876,2024-01-03,C00434,West,Store,Electronics,Keyboard,2,67.52,0.0,33.8
ORD001759,2024-01-03,C00192,North,Online,Home,Storage Box,2,24.09,0.05,9.36
ORD001759,2024-01-03,C00192,North,Online,Electronics,Keyboard,1,61.59,0.05,33.8
ORD001968,2024-01-03,C00642,East,Online,Electronics,Keyboard,1,65.72,0.1,33.8
ORD002685,2024-01-03,C00139,West,Store,Electronics,Headphones,1,86.61,0.0,49.3
ORD003359,2024-01-03,C00697,North,Online,Electronics,Keyboard,1,65.34,0.05,33.8
ORD003620,2024-01-03,C00084,North,Store,Beauty,Hair Dryer,3,81.99,0.2,39.0
ORD003620,2024-01-03,C00084,North,Store,Beauty,Hair Dryer,2,74.2,0.1,39.0
ORD003743,2024-01-03,C00167,South,Marketplace,Beauty,Makeup Kit,2,42.73,0.0,14.0
ORD003743,2024-01-03,C00167,South,Marketplace,Electronics,Headphones,2,82.02,0.0,49.3
ORD004280,2024-01-03,C00580,South,Online,Fitness,Resistance Bands,3,22.37,0.0,7.48
ORD004280,2024-01-03,C00580,South,Online,Home,Coffee Maker,2,102.2,0.0,52.25
ORD004319,2024-01-03,C00028,North,Store,Beauty,Hair Dryer,2,83.04,0.05,39.0
ORD004319,2024-01-03,C00028,North,Store,Electronics,Smartwatch,1,203.65,0.3,132.3
ORD004989,2024-01-03,C02034,West,Online,Home,Storage Box,4,22.9,0.05,9.36
ORD004989,2024-01-03,C02034,West,Online,Electronics,Smartwatch,1,200.56,0.0,132.3
ORD000155,2024-01-04,C00406,West,Store,Home,Storage Box,2,22.7,0.15,9.36
ORD000399,2024-01-04,C00603,East,Marketplace,Electronics,Headphones,1,85.05,0.05,49.3
ORD000771,2024-01-04,C00706,East,Online,Electronics,Headphones,1,87.43,0.0,49.3
ORD000809,2024-01-04,C00264,East,Store,Fitness,Resistance Bands,1,22.82,0.1,7.48
ORD002832,2024-01-04,C00579,East,Store,Fitness,Yoga Mat,1,31.11,0.0,12.6
ORD003273,2024-01-04,C01965,South,Online,Fitness,Resistance Bands,1,23.23,0.1,7.48
ORD003273,2024-01-04,C01965,South,Online,Electronics,Headphones,2,87.34,0.15,49.3
ORD004786,2024-01-04,C00668,West,Online,Fitness,Dumbbells,2,68.79,0.05,39.9
ORD004786,2024-01-04,C00668,West,Online,Home,Lamp,1,45.45,0.0,21.12
ORD004931,2024-01-04,C00358,North,Online,Home,Lamp,3,45.64,0.15,21.12
ORD004931,2024-01-04,C00358,North,Online,Home,Coffee Maker,2,91.7,0.15,52.25
ORD000059,2024-01-05,C00344,South,Online,Home,Lamp,3,49.13,0.0,21.12
ORD000059,2024-01-05,C00344,South,Online,Home,Coffee Maker,1,100.0,0.0,52.25
ORD000107,2024-01-05,C00605,South,Online,Beauty,Skin Care Set,2,42.63,0.05,16.65
ORD001216,2024-01-05,C00161,South,Online,Beauty,Skin Care Set,2,43.17,0.15,16.65
ORD002428,2024-01-05,C00358,South,Store,Home,Lamp,1,47.18,0.05,21.12
ORD002477,2024-01-05,C00541,South,Online,Home,Lamp,1,51.15,0.1,21.12
ORD002941,2024-01-05,C00082,South,Online,Electronics,Keyboard,2,62.14,0.0,33.8
ORD002941,2024-01-05,C00082,South,Online,Home,Storage Box,2,24.47,0.1,9.36
ORD003282,2024-01-05,C00328,East,Online,Home,Storage Box,2,23.78,0.0,9.36
ORD003282,2024-01-05,C00328,East,Online,Fitness,Yoga Mat,1,31.8,0.2,12.6
ORD004027,2024-01-05,C00071,West,Store,Fitness,Dumbbells,1,66.59,0.0,39.9
ORD005814,2024-01-05,C01898,West,Online,Home,Coffee Maker,4,93.28,0.05,52.25
ORD000422,2024-01-06,C00420,West,Marketplace,Beauty,Skin Care Set,4,48.08,0.0,16.65
ORD000422,2024-01-06,C00420,West,Marketplace,Home,Lamp,2,47.49,0.05,21.12
ORD001125,2024-01-06,C00347,West,Online,Home,Storage Box,1,23.9,0.1,9.36
ORD001820,2024-01-06,C00535,West,Online,Beauty,Makeup Kit,2,42.01,0.05,14.0
ORD001933,2024-01-06,C00693,North,Store,Electronics,Keyboard,1,68.19,0.05,33.8
ORD004604,2024-01-06,C00490,West,Marketplace,Electronics,Smartwatch,1,223.07,0.1,132.3
ORD000463,2024-01-07,C00492,East,Marketplace,Beauty,Makeup Kit,2,40.55,0.1,14.0
ORD000463,2024-01-07,C00492,East,Marketplace,Fitness,Resistance Bands,3,23.33,0.15,7.48
ORD000993,2024-01-07,C00111,West,Online,Home,Coffee Maker,1,90.26,0.0,52.25
ORD001546,2024-01-07,C00177,West,Store,Fitness,Resistance Bands,1,23.7,0.1,7.48
ORD001546,2024-01-07,C00177,West,Store,Home,Storage Box,1,23.88,0.15,9.36
ORD002660,2024-01-07,C00170,East,Online,Home,Coffee Maker,1,95.77,0.15,52.25
ORD002660,2024-01-07,C00170,East,Online,Fitness,Resistance Bands,2,23.48,0.15,7.48
ORD004488,2024-01-07,C00619,East,Online,Electronics,Keyboard,1,66.47,0.05,33.8
ORD004488,2024-01-07,C00619,East,Online,Electronics,Headphones,2,86.54,0.15,49.3
ORD004648,2024-01-07,C02022,East,Online,Beauty,Makeup Kit,3,39.24,0.1,14.0
ORD004648,2024-01-07,C02022,East,Online,Home,Lamp,2,49.15,0.0,21.12
ORD004885,2024-01-07,C00995,North,Marketplace,Electronics,Headphones,1,83.92,0.15,49.3
ORD005778,2024-01-07,C00088,North,Marketplace,Electronics,Smartwatch,1,205.05,0.0,132.3
ORD001961,2024-01-08,C00176,North,Store,Fitness,Dumbbells,4,72.26,0.0,39.9
ORD001961,2024-01-08,C00176,North,Store,Beauty,Makeup Kit,2,40.15,0.15,14.0
ORD002396,2024-01-08,C01420,East,Store,Fitness,Dumbbells,2,66.98,0.0,39.9
ORD002396,2024-01-08,C01420,East,Store,Home,Coffee Maker,2,94.86,0.1,52.25
ORD003351,2024-01-08,C01864,East,Store,Home,Lamp,1,49.38,0.1,21.12
ORD003351,2024-01-08,C01864,East,Store,Beauty,Skin Care Set,1,45.52,0.0,16.65
ORD004719,2024-01-08,C00822,East,Store,Fitness,Yoga Mat,3,29.86,0.1,12.6
ORD004719,2024-01-08,C00822,East,Store,Fitness,Dumbbells,2,66.15,0.1,39.9
ORD005575,2024-01-08,C00442,North,Online,Electronics,Headphones,3,90.04,0.1,49.3
ORD001673,2024-01-09,C00643,East,Online,Fitness,Dumbbells,1,68.94,0.05,39.9
ORD002625,2024-01-09,C00524,East,Online,Electronics,Smartwatch,1,221.95,0.1,132.3
ORD002625,2024-01-09,C00524,East,Online,Home,Lamp,1,45.57,0.0,21.12
ORD002872,2024-01-09,C01460,South,Store,Fitness,Dumbbells,1,66.33,0.0,39.9
ORD003480,2024-01-09,C01847,South,Marketplace,Electronics,Smartwatch,3,226.53,0.05,132.3
ORD003480,2024-01-09,C01847,South,Marketplace,Beauty,Skin Care Set,1,46.68,0.0,16.65
ORD003987,2024-01-09,C00559,North,Online,Home,Lamp,1,49.83,0.2,21.12
ORD004694,2024-01-09,C00297,North,Marketplace,Electronics,Smartwatch,1,225.44,0.05,132.3
ORD004694,2024-01-09,C00297,North,Marketplace,Beauty,Skin Care Set,1,44.17,0.1,16.65
ORD005567,2024-01-09,C01613,North,Online,Electronics,Headphones,2,81.77,0.05,49.3
ORD005567,2024-01-09,C01613,North,Online,Fitness,Dumbbells,2,73.72,0.05,39.9
ORD001500,2024-01-10,C01342,West,Marketplace,Home,Lamp,1,48.49,0.0,21.12
ORD001500,2024-01-10,C01342,West,Marketplace,Beauty,Hair Dryer,1,82.36,0.0,39.0
ORD004399,2024-01-10,C01864,North,Online,Beauty,Hair Dryer,1,82.04,0.0,39.0
ORD004526,2024-01-10,C00296,South,Store,Electronics,Keyboard,1,66.89,0.1,33.8
ORD004526,2024-01-10,C00296,South,Store,Fitness,Yoga Mat,2,29.72,0.0,12.6
ORD004684,2024-01-10,C00199,South,Marketplace,Beauty,Hair Dryer,1,82.2,0.05,39.0
ORD004684,2024-01-10,C00199,South,Marketplace,Home,Storage Box,2,25.39,0.05,9.36
ORD004756,2024-01-10,C00609,South,Online,Home,Storage Box,2,24.65,0.15,9.36
ORD004984,2024-01-10,C00607,North,Store,Fitness,Yoga Mat,3,31.9,0.15,12.6
ORD004984,2024-01-10,C00607,North,Store,Electronics,Smartwatch,1,204.49,0.1,132.3
ORD000612,2024-01-11,C02146,West,Online,Home,Coffee Maker,2,100.3,0.2,52.25
ORD000612,2024-01-11,C02146,West,Online,Home,Storage Box,1,24.55,0.0,9.36
ORD000810,2024-01-11,C00616,North,Online,Home,Lamp,1,47.4,0.0,21.12
ORD001279,2024-01-11,C00788,North,Online,Electronics,Headphones,2,87.56,0.0,49.3
ORD001279,2024-01-11,C00788,North,Online,Home,Lamp,2,50.91,0.05,21.12
ORD001393,2024-01-11,C00274,North,Online,Fitness,Dumbbells,2,71.68,0.0,39.9
ORD001393,2024-01-11,C00274,North,Online,Beauty,Skin Care Set,4,44.13,0.1,16.65
ORD002276,2024-01-11,C00315,North,Online,Home,Coffee Maker,2,92.84,0.05,52.25
ORD003153,2024-01-11,C00132,East,Store,Home,Coffee Maker,2,100.89,0.0,52.25
ORD003153,2024-01-11,C00132,East,Store,Beauty,Makeup Kit,2,39.65,0.15,14.0
ORD003493,2024-01-11,C00519,South,Store,Home,Coffee Maker,2,99.83,0.15,52.25
ORD003949,2024-01-11,C00108,South,Online,Home,Storage Box,1,23.28,0.0,9.36
ORD004962,2024-01-11,C00087,West,Online,Fitness,Resistance Bands,2,23.24,0.2,7.48
ORD004962,2024-01-11,C00087,West,Online,Electronics,Keyboard,2,61.43,0.0,33.8
ORD005028,2024-01-11,C01952,East,Online,Electronics,Keyboard,2,65.91,0.05,33.8
ORD005028,2024-01-11,C01952,East,Online,Electronics,Keyboard,1,64.77,0.0,33.8
ORD000944,2024-01-12,C00825,West,Online,Beauty,Makeup Kit,1,37.69,0.1,14.0
ORD001063,2024-01-12,C00166,North,Online,Electronics,Headphones,1,80.74,0.3,49.3
ORD001063,2024-01-12,C00166,North,Online,Fitness,Resistance Bands,4,22.11,0.2,7.48
ORD001163,2024-01-12,C00127,West,Online,Fitness,Resistance Bands,1,20.8,0.05,7.48
ORD001215,2024-01-12,C01168,North,Store,Electronics,Smartwatch,1,209.89,0.0,132.3
ORD001215,2024-01-12,C01168,North,Store,Beauty,Skin Care Set,1,45.0,0.15,16.65
ORD001667,2024-01-12,C00072,South,Online,Beauty,Makeup Kit,3,37.74,0.15,14.0
ORD002265,2024-01-12,C00755,North,Marketplace,Beauty,Skin Care Set,1,42.71,0.05,16.65
ORD002607,2024-01-12,C00521,North,Online,Home,Storage Box,2,23.24,0.0,9.36
ORD002710,2024-01-12,C00835,East,Online,Beauty,Skin Care Set,1,43.97,0.0,16.65
ORD002710,2024-01-12,C00835,East,Online,Home,Coffee Maker,1,102.03,0.3,52.25
ORD003164,2024-01-12,C00184,South,Online,Electronics,Headphones,1,86.68,0.1,49.3
ORD003176,2024-01-12,C00563,East,Online,Fitness,Resistance Bands,2,21.13,0.0,7.48
ORD003756,2024-01-12,C00343,West,Online,Electronics,Keyboard,1,62.75,0.2,33.8
ORD004621,2024-01-12,C00038,South,Online,Fitness,Yoga Mat,2,31.72,0.1,12.6
ORD004621,2024-01-12,C00038,South,Online,Beauty,Makeup Kit,1,38.87,0.05,14.0
ORD004792,2024-01-12,C02144,North,Store,Fitness,Dumbbells,1,70.01,0.1,39.9
ORD004845,2024-01-12,C02035,East,Online,Home,Lamp,1,50.6,0.0,21.12
ORD005030,2024-01-12,C00509,North,Marketplace,Electronics,Smartwatch,2,215.58,0.15,132.3
ORD005030,2024-01-12,C00509,North,Marketplace,Fitness,Resistance Bands,2,23.66,0.05,7.48
ORD005601,2024-01-12,C00614,East,Online,Electronics,Keyboard,2,63.58,0.0,33.8
ORD005601,2024-01-12,C00614,East,Online,Home,Coffee Maker,1,102.36,0.0,52.25
ORD000435,2024-01-13,C01467,East,Online,Electronics,Keyboard,1,68.49,0.05,33.8
ORD000435,2024-01-13,C01467,East,Online,Home,Coffee Maker,1,97.0,0.2,52.25
ORD000561,2024-01-13,C00140,South,Store,Beauty,Hair Dryer,4,79.74,0.1,39.0
ORD000711,2024-01-13,C00208,South,Store,Beauty,Hair Dryer,1,76.05,0.0,39.0
ORD001188,2024-01-13,C01699,North,Online,Fitness,Dumbbells,1,73.44,0.15,39.9
ORD001278,2024-01-13,C00819,North,Online,Fitness,Yoga Mat,1,29.64,0.0,12.6
ORD001278,2024-01-13,C00819,North,Online,Home,Storage Box,2,25.9,0.15,9.36
ORD001660,2024-01-13,C00268,North,Online,Electronics,Keyboard,1,68.46,0.1,33.8
ORD001849,2024-01-13,C00230,South,Store,Fitness,Resistance Bands,1,22.7,0.2,7.48
ORD002037,2024-01-13,C00028,North,Online,Home,Lamp,1,50.66,0.0,21.12
ORD002037,2024-01-13,C00028,North,Online,Beauty,Skin Care Set,2,44.94,0.05,16.65
ORD002558,2024-01-13,C00054,South,Store,Electronics,Smartwatch,2,218.1,0.05,132.3
ORD002558,2024-01-13,C00054,South,Store,Beauty,Makeup Kit,1,41.48,0.1,14.0
ORD003228,2024-01-13,C00546,North,Online,Beauty,Skin Care Set,2,46.24,0.0,16.65
ORD003436,2024-01-13,C00887,East,Online,Electronics,Keyboard,1,61.66,0.1,33.8
ORD003436,2024-01-13,C00887,East,Online,Electronics,Smartwatch,1,225.15,0.15,132.3
ORD004092,2024-01-13,C00460,East,Online,Fitness,Dumbbells,2,69.42,0.0,39.9
ORD004214,2024-01-13,C00008,East,Store,Electronics,Smartwatch,1,203.74,0.2,132.3
ORD004214,2024-01-13,C00008,East,Store,Home,Storage Box,1,24.64,0.1,9.36
ORD005628,2024-01-13,C00654,North,Store,Fitness,Resistance Bands,4,22.06,0.1,7.48
ORD000513,2024-01-14,C00618,East,Online,Beauty,Makeup Kit,3,37.89,0.05,14.0
ORD001983,2024-01-14,C00008,North,Store,Electronics,Keyboard,4,64.4,0.15,33.8
ORD001983,2024-01-14,C00008,North,Store,Electronics,Headphones,1,81.58,0.2,49.3
ORD002135,2024-01-14,C01350,West,Store,Beauty,Skin Care Set,1,43.75,0.0,16.65
ORD002135,2024-01-14,C01350,West,Store,Electronics,Smartwatch,1,225.3,0.05,132.3
ORD004707,2024-01-14,C00798,West,Online,Beauty,Hair Dryer,1,82.3,0.2,39.0
ORD004746,2024-01-14,C00056,North,Online,Fitness,Resistance Bands,4,22.12,0.05,7.48
ORD004746,2024-01-14,C00056,North,Online,Home,Storage Box,2,23.82,0.05,9.36
ORD001117,2024-01-15,C00043,West,Online,Fitness,Yoga Mat,1,28.37,0.0,12.6
ORD001117,2024-01-15,C00043,West,Online,Electronics,Keyboard,1,67.06,0.1,33.8
ORD001248,2024-01-15,C00533,East,Store,Electronics,Smartwatch,2,198.32,0.15,132.3
ORD003451,2024-01-15,C00690,North,Store,Home,Storage Box,1,23.83,0.1,9.36
ORD003451,2024-01-15,C00690,North,Store,Home,Storage Box,4,23.74,0.2,9.36
ORD004448,2024-01-15,C02070,North,Online,Home,Lamp,1,46.66,0.2,21.12
ORD004448,2024-01-15,C02070,North,Online,Electronics,Smartwatch,1,219.42,0.0,132.3
ORD004895,2024-01-15,C01984,West,Marketplace,Beauty,Skin Care Set,2,44.07,0.15,16.65
ORD000731,2024-01-16,C00544,South,Store,Electronics,Smartwatch,1,223.13,0.05,132.3
ORD000731,2024-01-16,C00544,South,Store,Electronics,Keyboard,1,68.17,0.1,33.8
ORD000857,2024-01-16,C00047,South,Online,Beauty,Skin Care Set,1,47.07,0.05,16.65
ORD000857,2024-01-16,C00047,South,Online,Fitness,Resistance Bands,2,23.21,0.0,7.48
ORD001904,2024-01-16,C00513,West,Store,Electronics,Headphones,3,87.23,0.2,49.3
ORD001904,2024-01-16,C00513,West,Store,Home,Lamp,2,47.13,0.3,21.12
ORD002507,2024-01-16,C00360,West,Store,Home,Lamp,3,46.21,0.0,21.12
ORD003729,2024-01-16,C01117,East,Online,Fitness,Dumbbells,3,73.84,0.05,39.9
ORD003729,2024-01-16,C01117,East,Online,Beauty,Hair Dryer,4,78.32,0.0,39.0
ORD004594,2024-01-16,C00196,South,Store,Beauty,Makeup Kit,1,40.34,0.0,14.0
ORD005118,2024-01-16,C00333,North,Store,Fitness,Yoga Mat,1,31.69,0.0,12.6
ORD005118,2024-01-16,C00333,North,Store,Home,Lamp,2,49.09,0.05,21.12
ORD005257,2024-01-16,C00220,West,Online,Beauty,Makeup Kit,3,42.9,0.0,14.0
ORD005397,2024-01-16,C00254,South,Store,Fitness,Resistance Bands,2,23.18,0.0,7.48
ORD005888,2024-01-16,C00036,East,Online,Fitness,Yoga Mat,4,28.34,0.1,12.6
ORD005888,2024-01-16,C00036,East,Online,Home,Storage Box,1,25.8,0.05,9.36
ORD005909,2024-01-16,C00373,South,Online,Fitness,Dumbbells,1,66.42,0.0,39.9
ORD005909,2024-01-16,C00373,South,Online,Beauty,Makeup Kit,1,37.99,0.0,14.0
ORD000047,2024-01-17,C00395,West,Online,Electronics,Keyboard,1,67.12,0.05,33.8
ORD000047,2024-01-17,C00395,West,Online,Home,Storage Box,2,22.88,0.05,9.36
ORD001549,2024-01-17,C00691,South,Online,Fitness,Dumbbells,2,70.97,0.1,39.9
ORD005505,2024-01-17,C00806,East,Online,Electronics,Smartwatch,1,206.74,0.2,132.3
ORD005505,2024-01-17,C00806,East,Online,Fitness,Dumbbells,3,74.35,0.15,39.9
ORD005774,2024-01-17,C00682,South,Store,Electronics,Smartwatch,2,210.2,0.0,132.3
ORD000770,2024-01-18,C00135,West,Online,Fitness,Dumbbells,1,68.76,0.05,39.9
ORD000770,2024-01-18,C00135,West,Online,Beauty,Makeup Kit,2,41.58,0.05,14.0
ORD001839,2024-01-18,C01686,West,Online,Home,Coffee Maker,1,93.65,0.15,52.25
ORD003328,2024-01-18,C00587,North,Online,Beauty,Hair Dryer,1,84.21,0.0,39.0
ORD005836,2024-01-18,C00261,East,Store,Electronics,Headphones,1,81.54,0.05,49.3
ORD000055,2024-01-19,C00023,West,Store,Electronics,Smartwatch,1,219.13,0.0,132.3
ORD000055,2024-01-19,C00023,West,Store,Beauty,Skin Care Set,3,43.08,0.05,16.65
ORD000174,2024-01-19,C01168,North,Online,Beauty,Makeup Kit,1,38.95,0.0,14.0
ORD001077,2024-01-19,C00655,West,Store,Home,Coffee Maker,1,99.91,0.1,52.25
ORD001077,2024-01-19,C00655,West,Store,Beauty,Skin Care Set,1,47.46,0.05,16.65
ORD001722,2024-01-19,C00220,North,Online,Electronics,Headphones,1,82.68,0.1,49.3
ORD002597,2024-01-19,C00196,North,Online,Fitness,Dumbbells,1,75.48,0.0,39.9
ORD003384,2024-01-19,C00274,South,Online,Home,Coffee Maker,2,91.8,0.15,52.25
ORD003384,2024-01-19,C00274,South,Online,Electronics,Headphones,1,89.7,0.15,49.3
ORD003387,2024-01-19,C00773,North,Online,Fitness,Dumbbells,1,72.3,0.2,39.9
ORD003965,2024-01-19,C01628,South,Store,Fitness,Resistance Bands,1,23.58,0.2,7.48
ORD003965,2024-01-19,C01628,South,Store,Home,Storage Box,2,23.43,0.0,9.36
ORD004801,2024-01-19,C00617,West,Online,Beauty,Makeup Kit,2,42.38,0.0,14.0
ORD005185,2024-01-19,C00606,South,Online,Home,Storage Box,1,22.86,0.3,9.36
ORD005354,2024-01-19,C00050,West,Online,Beauty,Makeup Kit,1,37.72,0.0,14.0
ORD000287,2024-01-20,C00641,South,Store,Beauty,Skin Care Set,2,47.72,0.0,16.65
ORD000577,2024-01-20,C00565,North,Online,Beauty,Makeup Kit,1,38.05,0.0,14.0
ORD000789,2024-01-20,C00311,East,Online,Electronics,Keyboard,2,61.83,0.1,33.8
ORD001935,2024-01-20,C00403,East,Store,Home,Lamp,2,50.7,0.15,21.12
ORD001935,2024-01-20,C00403,East,Store,Fitness,Dumbbells,1,70.09,0.0,39.9
ORD002277,2024-01-20,C01653,South,Online,Beauty,Hair Dryer,2,77.96,0.0,39.0
ORD002277,2024-01-20,C01653,South,Online,Beauty,Skin Care Set,1,45.71,0.0,16.65
ORD002948,2024-01-20,C00181,West,Online,Home,Storage Box,1,22.71,0.15,9.36
ORD002948,2024-01-20,C00181,West,Online,Electronics,Smartwatch,2,214.39,0.0,132.3
ORD003444,2024-01-20,C00493,North,Online,Beauty,Hair Dryer,2,79.26,0.05,39.0
ORD003444,2024-01-20,C00493,North,Online,Beauty,Hair Dryer,2,80.2,0.05,39.0
ORD003460,2024-01-20,C00480,South,Store,Electronics,Headphones,1,86.96,0.05,49.3
ORD003460,2024-01-20,C00480,South,Store,Fitness,Dumbbells,1,66.15,0.05,39.9
ORD003542,2024-01-20,C00595,South,Online,Fitness,Resistance Bands,2,22.66,0.15,7.48
ORD004813,2024-01-20,C01801,North,Marketplace,Home,Storage Box,1,22.56,0.0,9.36
ORD004813,2024-01-20,C01801,North,Marketplace,Beauty,Makeup Kit,2,43.18,0.0,14.0
ORD003440,2024-01-21,C00013,South,Online,Beauty,Skin Care Set,2,46.59,0.15,16.65
ORD003715,2024-01-21,C00555,West,Online,Fitness,Dumbbells,1,69.01,0.2,39.9
ORD003715,2024-01-21,C00555,West,Online,Fitness,Resistance Bands,1,20.83,0.0,7.48
ORD004245,2024-01-21,C00455,West,Marketplace,Beauty,Skin Care Set,1,44.17,0.0,16.65
ORD004245,2024-01-21,C00455,West,Marketplace,Beauty,Makeup Kit,4,38.52,0.0,14.0
ORD004342,2024-01-21,C00881,East,Online,Beauty,Makeup Kit,2,38.23,0.1,14.0
ORD004602,2024-01-21,C00111,North,Store,Electronics,Keyboard,1,67.65,0.05,33.8
ORD004602,2024-01-21,C00111,North,Store,Fitness,Yoga Mat,1,30.88,0.15,12.6
ORD000187,2024-01-22,C01940,North,Store,Home,Storage Box,2,24.01,0.05,9.36
ORD000671,2024-01-22,C00369,West,Online,Home,Lamp,1,46.64,0.0,21.12
ORD000671,2024-01-22,C00369,West,Online,Electronics,Headphones,1,91.69,0.1,49.3
ORD000870,2024-01-22,C01390,West,Store,Beauty,Skin Care Set,2,45.43,0.15,16.65
ORD000870,2024-01-22,C01390,West,Store,Beauty,Hair Dryer,1,80.76,0.15,39.0
ORD001191,2024-01-22,C02119,North,Online,Home,Coffee Maker,3,95.72,0.0,52.25
ORD001797,2024-01-22,C00317,East,Online,Beauty,Skin Care Set,2,45.94,0.1,16.65
ORD001797,2024-01-22,C00317,East,Online,Electronics,Headphones,3,88.76,0.0,49.3
ORD001819,2024-01-22,C01026,East,Marketplace,Electronics,Headphones,3,91.65,0.0,49.3
ORD002392,2024-01-22,C00175,North,Store,Home,Coffee Maker,1,91.24,0.0,52.25
ORD002414,2024-01-22,C00114,West,Online,Home,Lamp,1,46.47,0.05,21.12
ORD002414,2024-01-22,C00114,West,Online,Beauty,Makeup Kit,2,42.36,0.05,14.0
ORD003256,2024-01-22,C00604,East,Online,Beauty,Makeup Kit,1,42.01,0.1,14.0
ORD003256,2024-01-22,C00604,East,Online,Fitness,Yoga Mat,2,29.99,0.0,12.6
ORD003649,2024-01-22,C00134,South,Marketplace,Home,Lamp,1,46.09,0.0,21.12
ORD003649,2024-01-22,C00134,South,Marketplace,Beauty,Makeup Kit,4,43.11,0.0,14.0
ORD005271,2024-01-22,C00963,North,Online,Home,Coffee Maker,1,95.4,0.05,52.25
ORD005347,2024-01-22,C01035,West,Marketplace,Electronics,Keyboard,2,63.48,0.15,33.8
ORD005347,2024-01-22,C01035,West,Marketplace,Beauty,Hair Dryer,2,79.21,0.1,39.0
ORD005725,2024-01-22,C00108,South,Online,Fitness,Resistance Bands,2,21.53,0.0,7.48
ORD005725,2024-01-22,C00108,South,Online,Beauty,Hair Dryer,2,78.49,0.2,39.0
ORD000439,2024-01-23,C00390,West,Marketplace,Electronics,Headphones,2,89.74,0.1,49.3
ORD000564,2024-01-23,C00033,South,Store,Home,Lamp,1,50.17,0.0,21.12
ORD001383,2024-01-23,C00730,North,Online,Beauty,Makeup Kit,2,39.84,0.0,14.0
ORD001835,2024-01-23,C00583,East,Online,Electronics,Smartwatch,1,220.54,0.0,132.3
ORD002914,2024-01-23,C01745,South,Online,Home,Lamp,1,46.66,0.0,21.12
ORD002914,2024-01-23,C01745,South,Online,Electronics,Keyboard,1,65.53,0.3,33.8
ORD003978,2024-01-23,C00255,East,Online,Home,Coffee Maker,1,100.23,0.0,52.25
ORD003978,2024-01-23,C00255,East,Online,Home,Storage Box,1,24.47,0.05,9.36
ORD005817,2024-01-23,C00653,South,Store,Fitness,Yoga Mat,1,30.26,0.1,12.6
ORD000049,2024-01-24,C00683,South,Online,Fitness,Dumbbells,1,73.94,0.0,39.9
ORD000366,2024-01-24,C00700,South,Online,Home,Storage Box,4,24.03,0.0,9.36
ORD000366,2024-01-24,C00700,South,Online,Home,Lamp,1,48.39,0.1,21.12
ORD001746,2024-01-24,C00084,South,Online,Home,Coffee Maker,2,93.13,0.15,52.25
ORD001931,2024-01-24,C01167,West,Marketplace,Beauty,Makeup Kit,1,40.45,0.0,14.0
ORD002290,2024-01-24,C00212,South,Online,Electronics,Smartwatch,2,204.1,0.1,132.3
ORD002290,2024-01-24,C00212,South,Online,Fitness,Dumbbells,2,66.29,0.05,39.9
ORD003033,2024-01-24,C00344,East,Marketplace,Home,Coffee Maker,1,91.65,0.1,52.25
ORD003033,2024-01-24,C00344,East,Marketplace,Home,Lamp,3,50.5,0.2,21.12
ORD004419,2024-01-24,C00182,South,Online,Home,Coffee Maker,3,91.46,0.05,52.25
ORD004419,2024-01-24,C00182,South,Online,Home,Lamp,1,51.78,0.1,21.12
ORD004944,2024-01-24,C00105,East,Online,Fitness,Yoga Mat,1,32.21,0.15,12.6
ORD004944,2024-01-24,C00105,East,Online,Home,Storage Box,2,25.42,0.0,9.36
ORD005672,2024-01-24,C00396,North,Store,Electronics,Headphones,2,83.63,0.2,49.3
ORD000534,2024-01-25,C00322,South,Marketplace,Fitness,Yoga Mat,3,31.41,0.2,12.6
ORD000534,2024-01-25,C00322,South,Marketplace,Home,Storage Box,1,25.57,0.1,9.36
ORD000676,2024-01-25,C00595,South,Store,Home,Coffee Maker,1,92.92,0.1,52.25
ORD000799,2024-01-25,C00528,West,Online,Beauty,Makeup Kit,1,41.5,0.0,14.0
ORD000799,2024-01-25,C00528,West,Online,Fitness,Resistance Bands,2,23.17,0.1,7.48
ORD002017,2024-01-25,C00532,North,Online,Electronics,Headphones,2,83.53,0.15,49.3
ORD002017,2024-01-25,C00532,North,Online,Beauty,Makeup Kit,2,42.54,0.15,14.0
ORD002899,2024-01-25,C00148,North,Store,Home,Storage Box,1,24.43,0.05,9.36
ORD002899,2024-01-25,C00148,North,Store,Fitness,Resistance Bands,1,23.03,0.05,7.48
ORD003202,2024-01-25,C00272,West,Online,Beauty,Hair Dryer,1,80.46,0.05,39.0
ORD003877,2024-01-25,C00185,West,Online,Electronics,Headphones,1,81.4,0.0,49.3
ORD003877,2024-01-25,C00185,West,Online,Home,Coffee Maker,1,100.28,0.0,52.25
ORD004018,2024-01-25,C00036,South,Store,Electronics,Smartwatch,2,202.24,0.1,132.3
ORD004018,2024-01-25,C00036,South,Store,Electronics,Smartwatch,1,205.68,0.0,132.3
ORD004227,2024-01-25,C01060,West,Online,Beauty,Hair Dryer,2,79.83,0.0,39.0
ORD004227,2024-01-25,C01060,West,Online,Fitness,Yoga Mat,3,30.6,0.1,12.6
ORD004644,2024-01-25,C00322,West,Store,Fitness,Dumbbells,2,72.34,0.1,39.9
ORD005199,2024-01-25,C00292,South,Store,Electronics,Smartwatch,1,204.58,0.0,132.3
ORD005199,2024-01-25,C00292,South,Store,Home,Coffee Maker,1,100.69,0.2,52.25
ORD005264,2024-01-25,C00549,West,Marketplace,Home,Storage Box,3,23.35,0.0,9.36
ORD005384,2024-01-25,C00071,South,Online,Electronics,Smartwatch,2,215.9,0.1,132.3
ORD000018,2024-01-26,C00622,South,Online,Home,Coffee Maker,1,90.08,0.0,52.25
ORD000210,2024-01-26,C00409,North,Online,Electronics,Smartwatch,1,212.69,0.0,132.3
ORD000210,2024-01-26,C00409,North,Online,Electronics,Smartwatch,3,200.17,0.05,132.3
ORD000815,2024-01-26,C00495,East,Store,Fitness,Resistance Bands,1,20.97,0.15,7.48
ORD001526,2024-01-26,C02153,East,Online,Electronics,Keyboard,1,61.7,0.05,33.8
ORD001526,2024-01-26,C02153,East,Online,Home,Coffee Maker,2,97.5,0.2,52.25
ORD002287,2024-01-26,C01582,West,Online,Home,Storage Box,1,25.03,0.05,9.36
ORD003101,2024-01-26,C00463,South,Online,Fitness,Resistance Bands,2,21.67,0.15,7.48
ORD003101,2024-01-26,C00463,South,Online,Electronics,Smartwatch,1,208.62,0.15,132.3
ORD004565,2024-01-26,C00543,South,Online,Beauty,Skin Care Set,1,48.44,0.05,16.65
ORD005332,2024-01-26,C00364,West,Online,Beauty,Makeup Kit,3,41.71,0.05,14.0
ORD005332,2024-01-26,C00364,West,Online,Electronics,Smartwatch,2,202.04,0.1,132.3
ORD005351,2024-01-26,C00505,South,Store,Beauty,Hair Dryer,2,76.04,0.1,39.0
ORD005351,2024-01-26,C00505,South,Store,Fitness,Yoga Mat,1,29.55,0.2,12.6
ORD005446,2024-01-26,C00415,East,Online,Home,Lamp,1,46.56,0.0,21.12
ORD005446,2024-01-26,C00415,East,Online,Fitness,Yoga Mat,1,28.85,0.1,12.6
ORD005851,2024-01-26,C01603,East,Online,Home,Lamp,1,49.72,0.2,21.12
ORD000237,2024-01-27,C00346,West,Online,Home,Lamp,2,51.09,0.1,21.12
ORD000237,2024-01-27,C00346,West,Online,Beauty,Hair Dryer,1,78.97,0.05,39.0
ORD000912,2024-01-27,C00118,North,Online,Beauty,Skin Care Set,3,47.28,0.05,16.65
ORD001337,2024-01-27,C00501,West,Online,Home,Storage Box,1,23.66,0.2,9.36
ORD002370,2024-01-27,C00409,East,Store,Fitness,Dumbbells,4,71.55,0.15,39.9
ORD003464,2024-01-27,C00486,South,Online,Fitness,Resistance Bands,3,21.62,0.0,7.48
ORD003464,2024-01-27,C00486,South,Online,Electronics,Headphones,2,81.03,0.0,49.3
ORD003830,2024-01-27,C00943,West,Store,Home,Lamp,1,51.17,0.0,21.12
ORD003830,2024-01-27,C00943,West,Store,Fitness,Resistance Bands,1,21.02,0.1,7.48
ORD003932,2024-01-27,C01489,North,Online,Beauty,Hair Dryer,2,78.03,0.0,39.0
ORD004339,2024-01-27,C00236,South,Online,Home,Storage Box,1,23.38,0.05,9.36
ORD004358,2024-01-27,C00476,South,Online,Fitness,Dumbbells,2,71.29,0.0,39.9
ORD004358,2024-01-27,C00476,South,Online,Home,Storage Box,1,23.91,0.05,9.36
ORD004398,2024-01-27,C00129,East,Marketplace,Beauty,Makeup Kit,1,38.51,0.3,14.0
ORD004398,2024-01-27,C00129,East,Marketplace,Beauty,Hair Dryer,1,78.91,0.2,39.0
ORD005195,2024-01-27,C00593,West,Online,Beauty,Hair Dryer,3,77.7,0.1,39.0
ORD005195,2024-01-27,C00593,West,Online,Electronics,Smartwatch,2,224.68,0.05,132.3
ORD005450,2024-01-27,C01491,East,Online,Fitness,Yoga Mat,3,31.61,0.0,12.6
ORD005506,2024-01-27,C00960,North,Online,Fitness,Dumbbells,1,74.73,0.0,39.9
ORD005510,2024-01-27,C00306,South,Online,Beauty,Makeup Kit,2,38.41,0.1,14.0
ORD005510,2024-01-27,C00306,South,Online,Fitness,Yoga Mat,2,28.73,0.1,12.6
ORD005960,2024-01-27,C00054,South,Online,Electronics,Keyboard,1,68.76,0.15,33.8
ORD005960,2024-01-27,C00054,South,Online,Beauty,Skin Care Set,1,47.55,0.1,16.65
ORD000617,2024-01-28,C00397,South,Online,Home,Lamp,2,47.7,0.0,21.12
ORD000617,2024-01-28,C00397,South,Online,Electronics,Smartwatch,1,221.0,0.2,132.3
ORD001536,2024-01-28,C01193,North,Online,Fitness,Yoga Mat,2,29.41,0.15,12.6
ORD002133,2024-01-28,C00567,North,Online,Fitness,Dumbbells,2,72.61,0.15,39.9
ORD002133,2024-01-28,C00567,North,Online,Electronics,Headphones,2,83.05,0.0,49.3
ORD002353,2024-01-28,C00627,North,Online,Electronics,Smartwatch,3,212.53,0.1,132.3
ORD002756,2024-01-28,C00516,West,Online,Fitness,Yoga Mat,3,30.58,0.1,12.6
ORD002756,2024-01-28,C00516,West,Online,Electronics,Keyboard,1,67.2,0.05,33.8
ORD003561,2024-01-28,C00400,West,Store,Home,Coffee Maker,1,102.24,0.15,52.25
ORD004739,2024-01-28,C00966,South,Store,Fitness,Dumbbells,1,72.2,0.1,39.9
ORD004739,2024-01-28,C00966,South,Store,Fitness,Resistance Bands,2,20.99,0.1,7.48
ORD004742,2024-01-28,C00428,South,Store,Beauty,Skin Care Set,2,44.37,0.1,16.65
ORD000882,2024-01-29,C00031,South,Store,Electronics,Headphones,3,85.83,0.0,49.3
ORD000882,2024-01-29,C00031,South,Store,Beauty,Skin Care Set,1,46.22,0.05,16.65
ORD001171,2024-01-29,C01106,North,Online,Home,Lamp,1,46.01,0.0,21.12
ORD001701,2024-01-29,C02067,West,Online,Electronics,Keyboard,1,66.41,0.2,33.8
ORD002004,2024-01-29,C00025,East,Store,Beauty,Makeup Kit,1,39.16,0.1,14.0
ORD002004,2024-01-29,C00025,East,Store,Beauty,Skin Care Set,2,47.19,0.15,16.65
ORD002567,2024-01-29,C00117,South,Store,Beauty,Makeup Kit,3,43.1,0.05,14.0
ORD002567,2024-01-29,C00117,South,Store,Electronics,Smartwatch,2,206.68,0.0,132.3
ORD003083,2024-01-29,C00576,West,Store,Beauty,Hair Dryer,1,82.7,0.2,39.0
ORD003189,2024-01-29,C02010,South,Online,Beauty,Hair Dryer,1,84.18,0.05,39.0
ORD003189,2024-01-29,C02010,South,Online,Electronics,Keyboard,1,69.7,0.05,33.8
ORD004744,2024-01-29,C02053,West,Marketplace,Beauty,Makeup Kit,1,37.6,0.2,14.0
ORD004744,2024-01-29,C02053,West,Marketplace,Electronics,Headphones,1,86.77,0.15,49.3
ORD005111,2024-01-29,C00361,West,Online,Electronics,Smartwatch,1,206.11,0.05,132.3
ORD005111,2024-01-29,C00361,West,Online,Beauty,Makeup Kit,1,39.41,0.0,14.0
ORD005260,2024-01-29,C00571,East,Store,Beauty,Hair Dryer,4,78.95,0.15,39.0
ORD005869,2024-01-29,C00318,West,Online,Beauty,Makeup Kit,1,41.36,0.05,14.0
ORD005869,2024-01-29,C00318,West,Online,Fitness,Yoga Mat,1,31.71,0.15,12.6
ORD005882,2024-01-29,C00979,North,Store,Electronics,Headphones,1,82.34,0.0,49.3
ORD005882,2024-01-29,C00979,North,Store,Electronics,Smartwatch,1,205.54,0.1,132.3
ORD001071,2024-01-30,C00027,West,Online,Fitness,Yoga Mat,3,28.86,0.05,12.6
ORD001071,2024-01-30,C00027,West,Online,Beauty,Skin Care Set,4,43.66,0.0,16.65
ORD002253,2024-01-30,C00356,South,Online,Electronics,Headphones,2,91.01,0.0,49.3
ORD004426,2024-01-30,C00132,North,Online,Beauty,Makeup Kit,1,41.12,0.05,14.0
ORD005687,2024-01-30,C01433,East,Marketplace,Electronics,Smartwatch,1,225.36,0.0,132.3
ORD000138,2024-01-31,C00465,South,Online,Electronics,Keyboard,1,65.37,0.1,33.8
ORD001373,2024-01-31,C00041,South,Online,Beauty,Skin Care Set,1,46.96,0.3,16.65
ORD001621,2024-01-31,C00283,North,Store,Beauty,Skin Care Set,1,47.69,0.0,16.65
ORD001621,2024-01-31,C00283,North,Store,Home,Coffee Maker,4,99.09,0.0,52.25
ORD003530,2024-01-31,C00438,West,Store,Fitness,Dumbbells,1,74.86,0.0,39.9
ORD003541,2024-01-31,C00383,North,Online,Electronics,Smartwatch,1,220.7,0.0,132.3
ORD005230,2024-01-31,C00547,North,Online,Electronics,Keyboard,2,67.92,0.3,33.8
ORD005388,2024-01-31,C01020,South,Online,Fitness,Yoga Mat,1,29.13,0.1,12.6
ORD005716,2024-01-31,C00502,East,Store,Fitness,Resistance Bands,1,21.9,0.05,7.48
ORD005828,2024-01-31,C02045,North,Online,Home,Lamp,1,50.34,0.0,21.12
ORD002693,2024-02-01,C01259,South,Online,Home,Storage Box,2,23.45,0.0,9.36
ORD003569,2024-02-01,C00463,West,Marketplace,Electronics,Keyboard,1,69.75,0.05,33.8
ORD003569,2024-02-01,C00463,West,Marketplace,Fitness,Yoga Mat,1,30.12,0.0,12.6
ORD003670,2024-02-01,C01407,South,Online,Fitness,Dumbbells,1,75.54,0.1,39.9
ORD003938,2024-02-01,C00191,West,Online,Fitness,Resistance Bands,1,22.39,0.0,7.48
ORD004302,2024-02-01,C01015,East,Store,Electronics,Headphones,3,87.45,0.15,49.3
ORD004302,2024-02-01,C01015,East,Store,Home,Lamp,1,51.8,0.2,21.12
ORD000051,2024-02-02,C00294,North,Store,Fitness,Resistance Bands,2,21.64,0.05,7.48
ORD000292,2024-02-02,C00284,West,Store,Beauty,Makeup Kit,4,39.83,0.05,14.0
ORD000292,2024-02-02,C00284,West,Store,Fitness,Yoga Mat,2,28.78,0.0,12.6
ORD001319,2024-02-02,C00615,South,Marketplace,Electronics,Headphones,1,82.3,0.2,49.3
ORD001319,2024-02-02,C00615,South,Marketplace,Home,Coffee Maker,1,100.23,0.05,52.25
ORD001362,2024-02-02,C00560,East,Online,Electronics,Smartwatch,1,208.71,0.15,132.3
ORD001927,2024-02-02,C01761,South,Online,Electronics,Smartwatch,1,209.86,0.1,132.3
ORD002012,2024-02-02,C00661,South,Store,Beauty,Skin Care Set,2,42.83,0.0,16.65
ORD002713,2024-02-02,C00645,West,Online,Home,Lamp,1,45.4,0.0,21.12
ORD002713,2024-02-02,C00645,West,Online,Home,Storage Box,1,24.86,0.05,9.36
ORD002991,2024-02-02,C00246,East,Online,Electronics,Smartwatch,2,202.63,0.0,132.3
ORD003417,2024-02-02,C00751,West,Store,Home,Coffee Maker,3,92.77,0.05,52.25
ORD003977,2024-02-02,C00305,South,Marketplace,Electronics,Smartwatch,3,206.77,0.15,132.3
ORD004527,2024-02-02,C00402,East,Online,Home,Storage Box,3,25.35,0.1,9.36
ORD004527,2024-02-02,C00402,East,Online,Home,Storage Box,1,22.9,0.2,9.36
ORD004714,2024-02-02,C01818,East,Store,Home,Coffee Maker,1,99.29,0.15,52.25
ORD004714,2024-02-02,C01818,East,Store,Electronics,Keyboard,2,69.05,0.0,33.8
ORD005038,2024-02-02,C00622,North,Online,Home,Coffee Maker,1,100.05,0.05,52.25
ORD005038,2024-02-02,C00622,North,Online,Fitness,Yoga Mat,2,28.63,0.05,12.6
ORD005316,2024-02-02,C01786,West,Store,Home,Lamp,3,48.16,0.0,21.12
ORD005496,2024-02-02,C00071,South,Marketplace,Home,Storage Box,1,24.29,0.0,9.36
ORD005496,2024-02-02,C00071,South,Marketplace,Home,Storage Box,2,25.24,0.0,9.36
ORD005751,2024-02-02,C00173,North,Online,Home,Storage Box,1,23.76,0.05,9.36
ORD005751,2024-02-02,C00173,North,Online,Fitness,Resistance Bands,2,22.92,0.3,7.48
ORD005936,2024-02-02,C00642,West,Store,Electronics,Headphones,2,84.91,0.1,49.3
ORD000373,2024-02-03,C00368,West,Online,Fitness,Dumbbells,1,70.31,0.05,39.9
ORD000373,2024-02-03,C00368,West,Online,Home,Storage Box,1,25.06,0.05,9.36
ORD000418,2024-02-03,C01469,South,Store,Home,Storage Box,1,25.08,0.0,9.36
ORD000418,2024-02-03,C01469,South,Store,Home,Coffee Maker,1,90.87,0.0,52.25
ORD003006,2024-02-03,C00607,East,Store,Fitness,Resistance Bands,1,22.48,0.0,7.48
ORD003006,2024-02-03,C00607,East,Store,Fitness,Dumbbells,1,68.51,0.1,39.9
ORD004246,2024-02-03,C00173,East,Online,Fitness,Yoga Mat,1,31.69,0.05,12.6
ORD004246,2024-02-03,C00173,East,Online,Fitness,Yoga Mat,1,31.41,0.05,12.6
ORD000182,2024-02-04,C00397,West,Online,Electronics,Smartwatch,1,200.68,0.15,132.3
ORD001972,2024-02-04,C01788,South,Store,Home,Lamp,1,49.24,0.0,21.12
ORD001972,2024-02-04,C01788,South,Store,Home,Storage Box,1,22.99,0.3,9.36
ORD002118,2024-02-04,C00236,West,Online,Electronics,Keyboard,1,65.85,0.0,33.8
ORD002118,2024-02-04,C00236,West,Online,Beauty,Hair Dryer,2,78.21,0.05,39.0
ORD002295,2024-02-04,C00702,North,Online,Fitness,Dumbbells,2,74.29,0.05,39.9
ORD002339,2024-02-04,C00409,South,Online,Home,Lamp,1,45.44,0.1,21.12
ORD002339,2024-02-04,C00409,South,Online,Home,Lamp,2,49.24,0.1,21.12
ORD002839,2024-02-04,C01139,North,Marketplace,Electronics,Headphones,2,82.23,0.15,49.3
ORD004198,2024-02-04,C00006,East,Online,Electronics,Smartwatch,2,224.42,0.0,132.3
ORD004198,2024-02-04,C00006,East,Online,Fitness,Dumbbells,1,74.38,0.15,39.9
ORD004291,2024-02-04,C00862,South,Online,Fitness,Dumbbells,2,66.48,0.0,39.9
ORD004291,2024-02-04,C00862,South,Online,Fitness,Resistance Bands,1,21.15,0.1,7.48
ORD005513,2024-02-04,C01512,West,Store,Fitness,Dumbbells,1,66.07,0.0,39.9
ORD005513,2024-02-04,C01512,West,Store,Electronics,Keyboard,2,61.78,0.1,33.8
ORD003289,2024-02-05,C00418,South,Online,Home,Lamp,1,46.52,0.1,21.12
ORD004132,2024-02-05,C01425,West,Store,Fitness,Dumbbells,3,69.81,0.0,39.9
ORD000946,2024-02-06,C00108,South,Store,Electronics,Smartwatch,2,216.98,0.0,132.3
ORD001024,2024-02-06,C01806,East,Store,Home,Lamp,1,51.27,0.0,21.12
ORD001024,2024-02-06,C01806,East,Store,Beauty,Skin Care Set,2,44.33,0.0,16.65
ORD001293,2024-02-06,C00423,East,Marketplace,Electronics,Headphones,1,80.95,0.15,49.3
ORD001293,2024-02-06,C00423,East,Marketplace,Home,Lamp,1,46.58,0.0,21.12
ORD003419,2024-02-06,C00953,North,Online,Home,Lamp,1,46.12,0.0,21.12
ORD003825,2024-02-06,C00874,South,Store,Beauty,Hair Dryer,2,80.73,0.05,39.0
ORD005008,2024-02-06,C00121,South,Store,Fitness,Yoga Mat,1,29.77,0.2,12.6
ORD005413,2024-02-06,C02095,North,Store,Electronics,Headphones,1,80.64,0.0,49.3
ORD000449,2024-02-07,C01652,West,Online,Beauty,Makeup Kit,1,38.09,0.05,14.0
ORD001642,2024-02-07,C01518,South,Store,Fitness,Dumbbells,1,72.87,0.3,39.9
ORD001642,2024-02-07,C01518,South,Store,Home,Lamp,1,50.92,0.1,21.12
ORD002725,2024-02-07,C00222,East,Store,Home,Lamp,1,48.45,0.15,21.12
ORD002770,2024-02-07,C02156,North,Marketplace,Home,Storage Box,1,25.58,0.05,9.36
ORD002921,2024-02-07,C00514,East,Online,Home,Lamp,2,47.73,0.0,21.12
ORD003746,2024-02-07,C00712,East,Marketplace,Home,Storage Box,1,25.0,0.1,9.36
ORD004088,2024-02-07,C00648,North,Online,Home,Storage Box,1,24.95,0.0,9.36
ORD004088,2024-02-07,C00648,North,Online,Beauty,Hair Dryer,1,81.64,0.15,39.0
ORD004172,2024-02-07,C00404,West,Online,Fitness,Yoga Mat,1,29.79,0.1,12.6
ORD004172,2024-02-07,C00404,West,Online,Home,Coffee Maker,2,90.64,0.1,52.25
ORD004710,2024-02-07,C00668,West,Online,Beauty,Skin Care Set,1,47.09,0.05,16.65
ORD004710,2024-02-07,C00668,West,Online,Beauty,Skin Care Set,2,44.6,0.0,16.65
ORD004809,2024-02-07,C02021,East,Store,Fitness,Yoga Mat,1,28.85,0.05,12.6
ORD005667,2024-02-07,C00134,West,Online,Home,Storage Box,1,23.91,0.15,9.36
ORD000112,2024-02-08,C00251,East,Online,Home,Lamp,2,46.94,0.0,21.12
ORD001032,2024-02-08,C01427,South,Marketplace,Beauty,Makeup Kit,1,40.26,0.15,14.0
ORD001418,2024-02-08,C00155,South,Online,Beauty,Skin Care Set,1,46.22,0.0,16.65
ORD001924,2024-02-08,C00620,East,Store,Beauty,Skin Care Set,4,43.97,0.15,16.65
ORD001924,2024-02-08,C00620,East,Store,Fitness,Yoga Mat,4,32.03,0.05,12.6
ORD002887,2024-02-08,C00416,North,Store,Electronics,Smartwatch,1,204.51,0.0,132.3
ORD003138,2024-02-08,C01698,North,Store,Beauty,Skin Care Set,4,44.25,0.05,16.65
ORD003318,2024-02-08,C00339,West,Store,Home,Storage Box,1,25.52,0.15,9.36
ORD004784,2024-02-08,C00288,East,Online,Home,Coffee Maker,2,101.51,0.0,52.25
ORD004784,2024-02-08,C00288,East,Online,Home,Lamp,1,51.7,0.2,21.12
ORD005088,2024-02-08,C00066,East,Online,Electronics,Smartwatch,1,208.71,0.05,132.3
ORD005088,2024-02-08,C00066,East,Online,Electronics,Headphones,2,90.16,0.0,49.3
ORD005549,2024-02-08,C00510,East,Online,Beauty,Hair Dryer,2,75.81,0.05,39.0
ORD005794,2024-02-08,C00584,West,Store,Fitness,Resistance Bands,1,21.42,0.15,7.48
ORD005986,2024-02-08,C00894,West,Marketplace,Electronics,Smartwatch,1,222.55,0.0,132.3
ORD005986,2024-02-08,C00894,West,Marketplace,Electronics,Headphones,1,84.18,0.2,49.3
ORD001036,2024-02-09,C00217,North,Marketplace,Electronics,Headphones,1,90.7,0.05,49.3
ORD001915,2024-02-09,C00298,South,Store,Electronics,Headphones,2,88.29,0.1,49.3
ORD003036,2024-02-09,C01242,West,Marketplace,Fitness,Resistance Bands,1,21.88,0.15,7.48
ORD003687,2024-02-09,C01074,South,Online,Home,Storage Box,1,25.05,0.2,9.36
ORD003964,2024-02-09,C00022,South,Online,Home,Lamp,1,47.22,0.05,21.12
ORD005527,2024-02-09,C00105,North,Store,Electronics,Keyboard,1,67.62,0.2,33.8
ORD000127,2024-02-10,C00135,East,Online,Beauty,Skin Care Set,1,47.6,0.15,16.65
ORD000523,2024-02-10,C00615,South,Online,Home,Storage Box,3,23.28,0.0,9.36
ORD000523,2024-02-10,C00615,South,Online,Electronics,Keyboard,1,64.22,0.05,33.8
ORD000784,2024-02-10,C00605,West,Store,Home,Lamp,2,49.16,0.05,21.12
ORD000784,2024-02-10,C00605,West,Store,Home,Storage Box,1,22.88,0.0,9.36
ORD002818,2024-02-10,C01079,North,Online,Home,Lamp,3,48.89,0.3,21.12
ORD002857,2024-02-10,C02149,South,Online,Fitness,Resistance Bands,3,22.39,0.15,7.48
ORD002857,2024-02-10,C02149,South,Online,Beauty,Makeup Kit,2,41.8,0.05,14.0
ORD003800,2024-02-10,C00810,East,Online,Fitness,Dumbbells,2,66.86,0.2,39.9
ORD003800,2024-02-10,C00810,East,Online,Electronics,Smartwatch,2,209.18,0.3,132.3
ORD005078,2024-02-10,C00026,East,Marketplace,Electronics,Keyboard,2,62.38,0.05,33.8
ORD005078,2024-02-10,C00026,East,Marketplace,Home,Storage Box,4,25.73,0.1,9.36
ORD005355,2024-02-10,C02165,East,Store,Electronics,Smartwatch,3,198.82,0.0,132.3
ORD005462,2024-02-10,C00268,South,Store,Home,Lamp,1,47.39,0.15,21.12
ORD005871,2024-02-10,C00520,East,Store,Home,Coffee Maker,1,92.66,0.05,52.25
ORD001376,2024-02-11,C00413,West,Online,Home,Lamp,1,46.53,0.1,21.12
ORD003568,2024-02-11,C00698,East,Online,Fitness,Resistance Bands,1,22.86,0.1,7.48
ORD003990,2024-02-11,C00335,South,Online,Fitness,Resistance Bands,1,22.43,0.0,7.48
ORD004422,2024-02-11,C00332,West,Online,Fitness,Yoga Mat,2,32.07,0.05,12.6
ORD004422,2024-02-11,C00332,West,Online,Beauty,Makeup Kit,1,40.63,0.0,14.0
ORD005069,2024-02-11,C00132,South,Online,Fitness,Dumbbells,1,66.69,0.05,39.9
ORD005677,2024-02-11,C00342,North,Online,Beauty,Hair Dryer,1,79.11,0.0,39.0
ORD000329,2024-02-12,C00235,South,Store,Electronics,Headphones,2,81.81,0.0,49.3
ORD001017,2024-02-12,C00662,North,Store,Beauty,Hair Dryer,1,78.24,0.1,39.0
ORD001880,2024-02-12,C00333,North,Online,Electronics,Smartwatch,1,205.17,0.15,132.3
ORD001880,2024-02-12,C00333,North,Online,Fitness,Yoga Mat,1,28.88,0.15,12.6
ORD002588,2024-02-12,C00542,North,Online,Fitness,Dumbbells,1,71.25,0.1,39.9
ORD002588,2024-02-12,C00542,North,Online,Home,Lamp,3,46.39,0.0,21.12
ORD003112,2024-02-12,C00048,North,Online,Electronics,Smartwatch,4,200.73,0.1,132.3
ORD003112,2024-02-12,C00048,North,Online,Electronics,Headphones,1,88.41,0.2,49.3
ORD003295,2024-02-12,C00665,South,Online,Fitness,Yoga Mat,2,29.06,0.0,12.6
ORD003544,2024-02-12,C00697,South,Store,Fitness,Yoga Mat,1,29.35,0.0,12.6
ORD003544,2024-02-12,C00697,South,Store,Electronics,Smartwatch,1,224.14,0.15,132.3
ORD005896,2024-02-12,C01572,East,Online,Beauty,Skin Care Set,2,45.61,0.1,16.65
ORD005896,2024-02-12,C01572,East,Online,Fitness,Yoga Mat,1,31.11,0.05,12.6
ORD005937,2024-02-12,C00471,North,Online,Home,Lamp,2,45.13,0.0,21.12
ORD005937,2024-02-12,C00471,North,Online,Home,Lamp,1,48.36,0.1,21.12
ORD000651,2024-02-13,C00534,East,Store,Electronics,Keyboard,1,63.3,0.1,33.8
ORD001033,2024-02-13,C01577,South,Online,Home,Coffee Maker,1,98.48,0.15,52.25
ORD001185,2024-02-13,C00229,West,Online,Electronics,Headphones,1,84.78,0.15,49.3
ORD001185,2024-02-13,C00229,West,Online,Electronics,Smartwatch,1,224.33,0.2,132.3
ORD001682,2024-02-13,C00055,South,Store,Beauty,Makeup Kit,1,40.17,0.15,14.0
ORD001908,2024-02-13,C02155,East,Online,Electronics,Keyboard,1,67.18,0.0,33.8
ORD001908,2024-02-13,C02155,East,Online,Home,Storage Box,2,23.91,0.05,9.36
ORD002121,2024-02-13,C01947,East,Online,Electronics,Headphones,1,89.55,0.1,49.3
ORD002578,2024-02-13,C00577,West,Online,Beauty,Makeup Kit,1,42.34,0.05,14.0
ORD002578,2024-02-13,C00577,West,Online,Beauty,Makeup Kit,2,37.94,0.0,14.0
ORD003043,2024-02-13,C00705,East,Online,Beauty,Hair Dryer,4,79.38,0.05,39.0
ORD003696,2024-02-13,C00120,North,Store,Electronics,Keyboard,1,64.54,0.1,33.8
ORD003797,2024-02-13,C00518,South,Online,Electronics,Smartwatch,2,207.8,0.1,132.3
ORD003818,2024-02-13,C00555,North,Online,Electronics,Smartwatch,1,221.17,0.1,132.3
ORD003818,2024-02-13,C00555,North,Online,Electronics,Keyboard,1,66.39,0.0,33.8
ORD003841,2024-02-13,C00667,South,Online,Fitness,Yoga Mat,1,30.61,0.1,12.6
ORD003841,2024-02-13,C00667,South,Online,Fitness,Resistance Bands,1,23.7,0.05,7.48
ORD005591,2024-02-13,C00570,East,Online,Electronics,Smartwatch,1,219.88,0.1,132.3
ORD005591,2024-02-13,C00570,East,Online,Home,Lamp,2,49.66,0.05,21.12
ORD005661,2024-02-13,C00272,South,Online,Fitness,Resistance Bands,1,22.58,0.05,7.48
ORD005661,2024-02-13,C00272,South,Online,Electronics,Keyboard,1,67.23,0.05,33.8
ORD000176,2024-02-14,C00242,South,Online,Home,Lamp,2,50.44,0.0,21.12
ORD000176,2024-02-14,C00242,South,Online,Electronics,Keyboard,1,65.09,0.1,33.8
ORD002433,2024-02-14,C00163,East,Online,Beauty,Hair Dryer,1,84.11,0.0,39.0
ORD002433,2024-02-14,C00163,East,Online,Home,Storage Box,2,23.81,0.0,9.36
ORD003663,2024-02-14,C00187,East,Online,Home,Storage Box,4,25.08,0.1,9.36
ORD003663,2024-02-14,C00187,East,Online,Fitness,Dumbbells,2,67.63,0.1,39.9
ORD005819,2024-02-14,C00270,East,Online,Electronics,Keyboard,1,64.25,0.1,33.8
ORD005819,2024-02-14,C00270,East,Online,Beauty,Makeup Kit,2,41.53,0.0,14.0
ORD002258,2024-02-15,C00910,West,Online,Home,Storage Box,3,25.83,0.05,9.36
ORD002788,2024-02-15,C00210,South,Store,Beauty,Hair Dryer,1,76.89,0.3,39.0
ORD003834,2024-02-15,C01658,West,Online,Fitness,Resistance Bands,1,22.65,0.0,7.48
ORD003834,2024-02-15,C01658,West,Online,Home,Lamp,3,49.14,0.0,21.12
ORD001260,2024-02-16,C00413,East,Online,Beauty,Skin Care Set,1,45.49,0.0,16.65
ORD004340,2024-02-16,C00195,East,Online,Fitness,Dumbbells,1,68.21,0.1,39.9
ORD004340,2024-02-16,C00195,East,Online,Home,Coffee Maker,2,101.68,0.0,52.25
ORD002957,2024-02-17,C00428,West,Store,Beauty,Hair Dryer,2,76.87,0.2,39.0
ORD002957,2024-02-17,C00428,West,Store,Beauty,Hair Dryer,2,80.47,0.0,39.0
ORD004754,2024-02-17,C00470,West,Marketplace,Beauty,Makeup Kit,1,40.22,0.0,14.0
ORD005072,2024-02-17,C01175,North,Online,Electronics,Keyboard,1,69.89,0.15,33.8
ORD005552,2024-02-17,C00443,South,Store,Beauty,Makeup Kit,1,41.41,0.0,14.0
ORD005552,2024-02-17,C00443,South,Store,Electronics,Smartwatch,1,217.31,0.15,132.3
ORD005688,2024-02-17,C00320,East,Store,Fitness,Yoga Mat,1,28.53,0.1,12.6
ORD005820,2024-02-17,C00643,North,Online,Home,Coffee Maker,1,93.41,0.15,52.25
ORD005820,2024-02-17,C00643,North,Online,Fitness,Yoga Mat,1,32.17,0.0,12.6
ORD000336,2024-02-18,C00013,West,Marketplace,Home,Storage Box,1,24.31,0.15,9.36
ORD001051,2024-02-18,C00564,South,Online,Home,Lamp,2,45.88,0.0,21.12
ORD001583,2024-02-18,C00445,East,Online,Home,Coffee Maker,1,98.7,0.05,52.25
ORD001583,2024-02-18,C00445,East,Online,Electronics,Headphones,1,87.04,0.0,49.3
ORD002602,2024-02-18,C00739,East,Marketplace,Fitness,Dumbbells,2,72.03,0.05,39.9
ORD004010,2024-02-18,C00334,South,Online,Beauty,Skin Care Set,2,48.08,0.15,16.65
ORD004693,2024-02-18,C02043,North,Marketplace,Electronics,Smartwatch,3,210.46,0.2,132.3
ORD005525,2024-02-18,C00139,South,Store,Fitness,Dumbbells,1,69.18,0.15,39.9
ORD001523,2024-02-19,C00518,North,Marketplace,Electronics,Headphones,2,80.29,0.05,49.3
ORD001704,2024-02-19,C00044,East,Online,Beauty,Hair Dryer,1,80.06,0.0,39.0
ORD002075,2024-02-19,C00919,South,Online,Electronics,Smartwatch,2,204.74,0.1,132.3
ORD004166,2024-02-19,C01005,North,Online,Electronics,Headphones,1,81.23,0.05,49.3
ORD004166,2024-02-19,C01005,North,Online,Beauty,Makeup Kit,3,40.49,0.05,14.0
ORD004464,2024-02-19,C01109,West,Marketplace,Beauty,Makeup Kit,1,42.8,0.2,14.0
ORD004464,2024-02-19,C01109,West,Marketplace,Electronics,Smartwatch,1,225.69,0.05,132.3
ORD004720,2024-02-19,C00535,North,Store,Fitness,Yoga Mat,1,29.99,0.1,12.6
ORD004720,2024-02-19,C00535,North,Store,Electronics,Smartwatch,1,217.6,0.0,132.3
ORD005095,2024-02-19,C00357,North,Online,Home,Coffee Maker,2,96.86,0.05,52.25
ORD005095,2024-02-19,C00357,North,Online,Electronics,Smartwatch,1,209.63,0.0,132.3
ORD005125,2024-02-19,C00613,North,Store,Electronics,Smartwatch,1,226.61,0.0,132.3
ORD005125,2024-02-19,C00613,North,Store,Home,Coffee Maker,3,96.96,0.0,52.25
ORD005512,2024-02-19,C01561,East,Store,Home,Storage Box,1,25.89,0.15,9.36
ORD005512,2024-02-19,C01561,East,Store,Electronics,Keyboard,2,69.71,0.0,33.8
ORD000978,2024-02-20,C00094,South,Marketplace,Beauty,Hair Dryer,2,77.06,0.1,39.0
ORD001586,2024-02-20,C00726,West,Store,Fitness,Resistance Bands,4,22.03,0.0,7.48
ORD002749,2024-02-20,C00305,South,Online,Home,Coffee Maker,1,92.92,0.0,52.25
ORD003150,2024-02-20,C01031,South,Online,Beauty,Skin Care Set,1,43.31,0.15,16.65
ORD003181,2024-02-20,C01836,North,Online,Fitness,Resistance Bands,1,21.16,0.05,7.48
ORD004506,2024-02-20,C01502,North,Online,Beauty,Makeup Kit,2,39.75,0.0,14.0
ORD004580,2024-02-20,C01920,North,Online,Fitness,Yoga Mat,1,30.73,0.05,12.6
ORD004580,2024-02-20,C01920,North,Online,Fitness,Yoga Mat,1,32.19,0.3,12.6
ORD005050,2024-02-20,C00306,West,Store,Home,Lamp,1,49.77,0.2,21.12
ORD005050,2024-02-20,C00306,West,Store,Fitness,Yoga Mat,1,30.86,0.15,12.6
ORD005784,2024-02-20,C00808,West,Online,Home,Storage Box,3,23.78,0.1,9.36
ORD005784,2024-02-20,C00808,West,Online,Beauty,Skin Care Set,4,44.28,0.05,16.65
ORD000760,2024-02-21,C00582,East,Online,Home,Storage Box,1,23.94,0.0,9.36
ORD000861,2024-02-21,C01885,East,Store,Beauty,Hair Dryer,1,76.61,0.1,39.0
ORD000861,2024-02-21,C01885,East,Store,Fitness,Dumbbells,1,75.27,0.1,39.9
ORD001048,2024-02-21,C00676,West,Online,Electronics,Keyboard,2,62.06,0.05,33.8
ORD001048,2024-02-21,C00676,West,Online,Beauty,Makeup Kit,2,41.78,0.05,14.0
ORD001688,2024-02-21,C01151,East,Store,Home,Storage Box,1,23.98,0.0,9.36
ORD002251,2024-02-21,C00679,West,Online,Beauty,Skin Care Set,3,44.74,0.1,16.65
ORD003320,2024-02-21,C00741,South,Store,Fitness,Resistance Bands,2,22.11,0.2,7.48
ORD003461,2024-02-21,C00269,North,Online,Home,Coffee Maker,1,102.1,0.15,52.25
ORD003461,2024-02-21,C00269,North,Online,Electronics,Smartwatch,2,218.07,0.0,132.3
ORD004395,2024-02-21,C00271,South,Store,Beauty,Skin Care Set,2,47.29,0.3,16.65
ORD004395,2024-02-21,C00271,South,Store,Home,Coffee Maker,1,100.28,0.15,52.25
ORD005227,2024-02-21,C00561,North,Store,Beauty,Skin Care Set,1,47.66,0.2,16.65
ORD000084,2024-02-22,C00053,North,Store,Electronics,Headphones,1,88.65,0.05,49.3
ORD000407,2024-02-22,C00370,East,Online,Beauty,Makeup Kit,2,41.69,0.05,14.0
ORD001147,2024-02-22,C01736,West,Online,Electronics,Keyboard,2,69.41,0.05,33.8
ORD001147,2024-02-22,C01736,West,Online,Home,Coffee Maker,1,101.05,0.0,52.25
ORD001690,2024-02-22,C00446,East,Store,Home,Coffee Maker,1,100.02,0.15,52.25
ORD001690,2024-02-22,C00446,East,Store,Electronics,Smartwatch,2,222.51,0.05,132.3
ORD001756,2024-02-22,C00420,South,Online,Home,Lamp,1,51.21,0.1,21.12
ORD003206,2024-02-22,C01367,East,Online,Home,Storage Box,3,25.68,0.2,9.36
ORD003339,2024-02-22,C00179,North,Online,Electronics,Keyboard,2,70.05,0.1,33.8
ORD003339,2024-02-22,C00179,North,Online,Beauty,Hair Dryer,3,79.76,0.15,39.0
ORD004032,2024-02-22,C00151,East,Store,Beauty,Skin Care Set,2,48.16,0.1,16.65
ORD004032,2024-02-22,C00151,East,Store,Home,Storage Box,4,23.55,0.0,9.36
ORD004257,2024-02-22,C00310,West,Online,Electronics,Keyboard,3,66.26,0.0,33.8
ORD004257,2024-02-22,C00310,West,Online,Beauty,Skin Care Set,1,44.14,0.1,16.65
ORD000528,2024-02-23,C00621,West,Online,Beauty,Makeup Kit,1,39.08,0.0,14.0
ORD000528,2024-02-23,C00621,West,Online,Home,Storage Box,1,22.92,0.05,9.36
ORD000571,2024-02-23,C01387,West,Marketplace,Electronics,Headphones,1,80.41,0.05,49.3
ORD000571,2024-02-23,C01387,West,Marketplace,Home,Coffee Maker,3,99.0,0.05,52.25
ORD000670,2024-02-23,C00391,South,Online,Home,Storage Box,1,23.4,0.0,9.36
ORD001988,2024-02-23,C00447,South,Store,Electronics,Headphones,1,80.73,0.15,49.3
ORD001988,2024-02-23,C00447,South,Store,Home,Storage Box,1,24.65,0.05,9.36
ORD002234,2024-02-23,C00278,South,Marketplace,Beauty,Skin Care Set,1,45.07,0.05,16.65
ORD003732,2024-02-23,C00129,East,Store,Beauty,Makeup Kit,2,37.83,0.15,14.0
ORD003750,2024-02-23,C00574,North,Store,Electronics,Keyboard,1,68.13,0.15,33.8
ORD003750,2024-02-23,C00574,North,Store,Beauty,Skin Care Set,4,47.33,0.1,16.65
ORD003771,2024-02-23,C00572,North,Store,Electronics,Headphones,2,90.25,0.1,49.3
ORD003771,2024-02-23,C00572,North,Store,Fitness,Yoga Mat,3,31.64,0.05,12.6
ORD004037,2024-02-23,C00204,North,Store,Beauty,Skin Care Set,1,43.66,0.1,16.65
ORD004037,2024-02-23,C00204,North,Store,Home,Lamp,2,51.46,0.0,21.12
ORD004042,2024-02-23,C00716,South,Online,Fitness,Yoga Mat,3,29.27,0.05,12.6
ORD004042,2024-02-23,C00716,South,Online,Fitness,Dumbbells,4,74.7,0.05,39.9
ORD004276,2024-02-23,C00424,North,Online,Fitness,Resistance Bands,1,22.5,0.1,7.48
ORD004674,2024-02-23,C01608,South,Online,Electronics,Smartwatch,3,217.45,0.05,132.3
ORD004674,2024-02-23,C01608,South,Online,Electronics,Smartwatch,1,211.38,0.0,132.3
ORD000798,2024-02-24,C00346,North,Online,Electronics,Smartwatch,2,205.46,0.1,132.3
ORD001367,2024-02-24,C00495,South,Store,Electronics,Headphones,2,89.56,0.05,49.3
ORD001497,2024-02-24,C00639,West,Online,Home,Storage Box,2,23.52,0.05,9.36
ORD001497,2024-02-24,C00639,West,Online,Fitness,Yoga Mat,1,31.56,0.1,12.6
ORD001772,2024-02-24,C00519,North,Marketplace,Home,Coffee Maker,1,100.69,0.1,52.25
ORD001883,2024-02-24,C02054,East,Online,Beauty,Hair Dryer,1,81.32,0.0,39.0
ORD001883,2024-02-24,C02054,East,Online,Beauty,Hair Dryer,1,78.17,0.0,39.0
ORD002311,2024-02-24,C00376,West,Online,Fitness,Resistance Bands,1,22.8,0.05,7.48
ORD002465,2024-02-24,C00314,North,Online,Home,Lamp,2,51.61,0.1,21.12
ORD002465,2024-02-24,C00314,North,Online,Fitness,Yoga Mat,1,29.09,0.0,12.6
ORD002674,2024-02-24,C01851,West,Online,Fitness,Resistance Bands,2,23.6,0.2,7.48
ORD002674,2024-02-24,C01851,West,Online,Beauty,Hair Dryer,2,78.62,0.0,39.0
ORD005080,2024-02-24,C00004,West,Online,Electronics,Smartwatch,2,204.64,0.1,132.3
ORD005080,2024-02-24,C00004,West,Online,Electronics,Smartwatch,1,198.49,0.05,132.3
ORD005186,2024-02-24,C00096,East,Online,Beauty,Hair Dryer,2,77.75,0.0,39.0
ORD005186,2024-02-24,C00096,East,Online,Home,Coffee Maker,2,98.17,0.0,52.25
ORD005187,2024-02-24,C00923,East,Online,Fitness,Resistance Bands,1,21.56,0.0,7.48
ORD005254,2024-02-24,C00590,North,Online,Electronics,Smartwatch,1,221.56,0.1,132.3
ORD005361,2024-02-24,C00085,West,Store,Home,Coffee Maker,2,98.43,0.15,52.25
ORD005361,2024-02-24,C00085,West,Store,Beauty,Makeup Kit,2,42.5,0.0,14.0
ORD002856,2024-02-25,C00061,South,Online,Beauty,Skin Care Set,1,43.28,0.0,16.65
ORD004013,2024-02-25,C00078,West,Marketplace,Electronics,Keyboard,1,65.57,0.05,33.8
ORD004013,2024-02-25,C00078,West,Marketplace,Beauty,Hair Dryer,2,76.28,0.15,39.0
ORD004153,2024-02-25,C00665,East,Online,Electronics,Smartwatch,1,216.91,0.0,132.3
ORD004153,2024-02-25,C00665,East,Online,Electronics,Headphones,1,88.21,0.1,49.3
ORD005104,2024-02-25,C00380,South,Store,Beauty,Hair Dryer,4,74.6,0.1,39.0
ORD005471,2024-02-25,C00362,North,Store,Home,Storage Box,2,22.65,0.15,9.36
ORD000128,2024-02-26,C00377,East,Marketplace,Fitness,Yoga Mat,1,29.6,0.05,12.6
ORD000132,2024-02-26,C00134,East,Store,Electronics,Keyboard,1,68.13,0.15,33.8
ORD000132,2024-02-26,C00134,East,Store,Home,Lamp,2,49.74,0.05,21.12
ORD000331,2024-02-26,C00544,East,Store,Home,Storage Box,1,25.43,0.05,9.36
ORD000331,2024-02-26,C00544,East,Store,Home,Coffee Maker,3,97.2,0.1,52.25
ORD000511,2024-02-26,C00017,North,Store,Beauty,Skin Care Set,1,47.61,0.1,16.65
ORD000945,2024-02-26,C00340,West,Online,Fitness,Dumbbells,1,67.55,0.0,39.9
ORD001034,2024-02-26,C02067,North,Online,Electronics,Smartwatch,1,204.75,0.15,132.3
ORD001259,2024-02-26,C02098,South,Store,Fitness,Yoga Mat,1,31.25,0.1,12.6
ORD001473,2024-02-26,C00282,East,Online,Beauty,Skin Care Set,2,45.31,0.3,16.65
ORD001581,2024-02-26,C01177,West,Store,Electronics,Headphones,1,90.0,0.2,49.3
ORD001581,2024-02-26,C01177,West,Store,Fitness,Dumbbells,1,72.75,0.1,39.9
ORD001720,2024-02-26,C00381,North,Store,Electronics,Keyboard,4,62.94,0.1,33.8
ORD003891,2024-02-26,C00638,North,Online,Home,Lamp,1,51.39,0.0,21.12
ORD003891,2024-02-26,C00638,North,Online,Beauty,Skin Care Set,1,45.5,0.2,16.65
ORD004889,2024-02-26,C00474,South,Store,Fitness,Dumbbells,1,74.96,0.2,39.9
ORD004889,2024-02-26,C00474,South,Store,Beauty,Hair Dryer,2,81.85,0.0,39.0
ORD001556,2024-02-27,C01586,East,Store,Fitness,Resistance Bands,3,20.78,0.05,7.48
ORD001656,2024-02-27,C01132,East,Online,Electronics,Smartwatch,1,222.86,0.0,132.3
ORD001755,2024-02-27,C01856,North,Online,Beauty,Hair Dryer,1,73.95,0.15,39.0
ORD001979,2024-02-27,C00697,West,Online,Fitness,Dumbbells,1,74.73,0.3,39.9
ORD001979,2024-02-27,C00697,West,Online,Beauty,Skin Care Set,1,43.24,0.2,16.65
ORD002544,2024-02-27,C00637,South,Store,Beauty,Skin Care Set,2,44.3,0.0,16.65
ORD002544,2024-02-27,C00637,South,Store,Home,Coffee Maker,2,91.25,0.0,52.25
ORD002984,2024-02-27,C00142,West,Store,Electronics,Headphones,2,89.28,0.15,49.3
ORD002984,2024-02-27,C00142,West,Store,Fitness,Dumbbells,2,67.17,0.2,39.9
ORD003983,2024-02-27,C00583,East,Online,Electronics,Smartwatch,1,217.54,0.0,132.3
ORD003983,2024-02-27,C00583,East,Online,Beauty,Hair Dryer,2,75.14,0.0,39.0
ORD000828,2024-02-28,C00187,South,Online,Home,Lamp,1,47.58,0.2,21.12
ORD001207,2024-02-28,C01999,South,Online,Fitness,Resistance Bands,1,22.51,0.1,7.48
ORD001245,2024-02-28,C00032,North,Store,Beauty,Hair Dryer,1,81.12,0.0,39.0
ORD002995,2024-02-28,C00423,West,Online,Fitness,Resistance Bands,1,21.42,0.0,7.48
ORD003466,2024-02-28,C00473,North,Online,Fitness,Yoga Mat,1,29.17,0.0,12.6
ORD004688,2024-02-28,C00543,North,Online,Beauty,Hair Dryer,1,75.44,0.1,39.0
ORD004688,2024-02-28,C00543,North,Online,Fitness,Resistance Bands,1,22.49,0.05,7.48
ORD000056,2024-02-29,C00498,South,Store,Fitness,Resistance Bands,1,21.61,0.1,7.48
ORD000565,2024-02-29,C00557,South,Online,Fitness,Resistance Bands,2,23.36,0.15,7.48
ORD000565,2024-02-29,C00557,South,Online,Electronics,Keyboard,2,66.67,0.0,33.8
ORD001654,2024-02-29,C00020,South,Marketplace,Beauty,Skin Care Set,1,42.41,0.1,16.65
ORD001847,2024-02-29,C00245,East,Online,Home,Storage Box,4,23.09,0.0,9.36
ORD002038,2024-02-29,C00166,South,Online,Fitness,Yoga Mat,1,31.43,0.0,12.6
ORD003639,2024-02-29,C01944,West,Store,Electronics,Smartwatch,3,215.86,0.05,132.3
ORD003639,2024-02-29,C01944,West,Store,Beauty,Skin Care Set,1,47.87,0.05,16.65
ORD004514,2024-02-29,C00589,East,Online,Fitness,Resistance Bands,1,22.41,0.0,7.48
ORD004514,2024-02-29,C00589,East,Online,Electronics,Keyboard,1,62.75,0.1,33.8
ORD004825,2024-02-29,C00067,West,Online,Beauty,Hair Dryer,1,81.37,0.0,39.0
ORD005089,2024-02-29,C00021,West,Online,Beauty,Hair Dryer,3,73.57,0.1,39.0
ORD005283,2024-02-29,C00314,East,Online,Electronics,Headphones,1,86.87,0.15,49.3
ORD005452,2024-02-29,C00006,West,Store,Beauty,Hair Dryer,1,77.61,0.1,39.0
ORD005452,2024-02-29,C00006,West,Store,Beauty,Hair Dryer,1,81.62,0.2,39.0
ORD005550,2024-02-29,C00506,North,Store,Home,Storage Box,2,23.53,0.2,9.36
ORD005550,2024-02-29,C00506,North,Store,Home,Coffee Maker,1,100.16,0.05,52.25
ORD000326,2024-03-01,C00381,East,Store,Electronics,Smartwatch,3,219.26,0.1,132.3
ORD000452,2024-03-01,C00229,West,Online,Beauty,Makeup Kit,1,42.8,0.1,14.0
ORD000452,2024-03-01,C00229,West,Online,Beauty,Skin Care Set,2,45.63,0.0,16.65
ORD000569,2024-03-01,C00016,North,Online,Electronics,Smartwatch,4,205.99,0.15,132.3
ORD001283,2024-03-01,C01030,South,Online,Home,Storage Box,2,25.67,0.0,9.36
ORD002447,2024-03-01,C01430,North,Store,Beauty,Skin Care Set,2,45.73,0.0,16.65
ORD002447,2024-03-01,C01430,North,Store,Home,Storage Box,1,22.92,0.0,9.36
ORD003940,2024-03-01,C00534,East,Store,Beauty,Hair Dryer,1,78.93,0.0,39.0
ORD003940,2024-03-01,C00534,East,Store,Electronics,Keyboard,2,61.57,0.15,33.8
ORD004156,2024-03-01,C00435,West,Online,Home,Coffee Maker,2,102.34,0.1,52.25
ORD004775,2024-03-01,C00988,East,Online,Electronics,Smartwatch,2,201.67,0.05,132.3
ORD004775,2024-03-01,C00988,East,Online,Fitness,Yoga Mat,2,29.14,0.15,12.6
ORD004842,2024-03-01,C00143,West,Online,Home,Lamp,4,51.49,0.0,21.12
ORD005023,2024-03-01,C00414,East,Store,Beauty,Makeup Kit,1,39.94,0.05,14.0
ORD005023,2024-03-01,C00414,East,Store,Home,Lamp,2,51.25,0.0,21.12
ORD005844,2024-03-01,C00776,South,Marketplace,Beauty,Makeup Kit,1,38.38,0.0,14.0
ORD005844,2024-03-01,C00776,South,Marketplace,Beauty,Skin Care Set,1,42.97,0.1,16.65
ORD001643,2024-03-02,C00362,South,Store,Fitness,Resistance Bands,1,20.92,0.05,7.48
ORD001643,2024-03-02,C00362,South,Store,Beauty,Hair Dryer,3,77.48,0.0,39.0
ORD001916,2024-03-02,C00349,South,Store,Home,Storage Box,1,22.77,0.1,9.36
ORD002714,2024-03-02,C00551,North,Online,Electronics,Smartwatch,2,207.54,0.0,132.3
ORD003442,2024-03-02,C00019,South,Online,Electronics,Keyboard,1,66.7,0.0,33.8
ORD003442,2024-03-02,C00019,South,Online,Beauty,Makeup Kit,2,40.03,0.05,14.0
ORD004606,2024-03-02,C02081,North,Online,Electronics,Headphones,2,83.81,0.0,49.3
ORD004606,2024-03-02,C02081,North,Online,Electronics,Smartwatch,2,200.1,0.3,132.3
ORD004709,2024-03-02,C01653,West,Online,Beauty,Makeup Kit,4,39.53,0.0,14.0
ORD004812,2024-03-02,C00270,North,Online,Fitness,Resistance Bands,1,23.65,0.15,7.48
ORD000440,2024-03-03,C00367,West,Marketplace,Fitness,Dumbbells,3,71.98,0.0,39.9
ORD000440,2024-03-03,C00367,West,Marketplace,Fitness,Yoga Mat,1,30.88,0.0,12.6
ORD000821,2024-03-03,C01813,South,Marketplace,Beauty,Hair Dryer,1,73.84,0.0,39.0
ORD000821,2024-03-03,C01813,South,Marketplace,Home,Storage Box,2,22.65,0.0,9.36
ORD001052,2024-03-03,C00038,South,Store,Electronics,Keyboard,1,67.28,0.15,33.8
ORD001494,2024-03-03,C00090,East,Online,Home,Lamp,1,49.61,0.1,21.12
ORD002227,2024-03-03,C01080,North,Online,Home,Lamp,2,51.18,0.1,21.12
ORD003901,2024-03-03,C01616,North,Store,Home,Storage Box,1,24.66,0.0,9.36
ORD003901,2024-03-03,C01616,North,Store,Fitness,Yoga Mat,1,29.4,0.1,12.6
ORD004127,2024-03-03,C00528,West,Store,Electronics,Keyboard,3,67.14,0.3,33.8
ORD005874,2024-03-03,C00230,East,Online,Fitness,Resistance Bands,2,22.6,0.1,7.48
ORD000642,2024-03-04,C00720,North,Store,Beauty,Hair Dryer,3,81.7,0.15,39.0
ORD000763,2024-03-04,C00069,East,Online,Beauty,Makeup Kit,1,39.1,0.05,14.0
ORD000763,2024-03-04,C00069,East,Online,Fitness,Dumbbells,2,66.92,0.1,39.9
ORD001977,2024-03-04,C00546,East,Store,Fitness,Resistance Bands,1,21.79,0.15,7.48
ORD001990,2024-03-04,C00490,North,Online,Home,Coffee Maker,1,91.53,0.05,52.25
ORD001990,2024-03-04,C00490,North,Online,Fitness,Resistance Bands,1,22.8,0.0,7.48
ORD000194,2024-03-05,C01795,North,Online,Fitness,Resistance Bands,3,22.5,0.05,7.48
ORD000194,2024-03-05,C01795,North,Online,Electronics,Keyboard,3,61.14,0.0,33.8
ORD000920,2024-03-05,C01855,North,Store,Fitness,Resistance Bands,2,22.45,0.0,7.48
ORD004118,2024-03-05,C00531,North,Online,Beauty,Makeup Kit,1,40.77,0.05,14.0
ORD004118,2024-03-05,C00531,North,Online,Beauty,Makeup Kit,3,43.03,0.15,14.0
ORD004664,2024-03-05,C01556,South,Online,Electronics,Smartwatch,3,223.63,0.2,132.3
ORD005075,2024-03-05,C00858,West,Store,Electronics,Headphones,2,85.36,0.05,49.3
ORD005075,2024-03-05,C00858,West,Store,Electronics,Keyboard,1,67.76,0.0,33.8
ORD005494,2024-03-05,C00015,East,Online,Beauty,Skin Care Set,4,44.1,0.1,16.65
ORD005494,2024-03-05,C00015,East,Online,Beauty,Skin Care Set,1,48.15,0.15,16.65
ORD005650,2024-03-05,C00277,West,Online,Electronics,Keyboard,3,62.1,0.1,33.8
ORD005650,2024-03-05,C00277,West,Online,Electronics,Smartwatch,1,202.71,0.0,132.3
ORD000001,2024-03-06,C00103,East,Online,Home,Coffee Maker,3,95.14,0.0,52.25
ORD000001,2024-03-06,C00103,East,Online,Electronics,Keyboard,1,67.45,0.05,33.8
ORD000088,2024-03-06,C00003,South,Store,Beauty,Hair Dryer,1,79.76,0.0,39.0
ORD000192,2024-03-06,C00446,North,Marketplace,Electronics,Headphones,1,82.14,0.1,49.3
ORD000225,2024-03-06,C02153,South,Marketplace,Beauty,Makeup Kit,1,41.25,0.0,14.0
ORD000225,2024-03-06,C02153,South,Marketplace,Fitness,Dumbbells,1,66.88,0.15,39.9
ORD002266,2024-03-06,C01383,North,Store,Beauty,Skin Care Set,1,48.55,0.15,16.65
ORD003478,2024-03-06,C00624,North,Online,Fitness,Yoga Mat,1,31.12,0.0,12.6
ORD004652,2024-03-06,C00272,East,Online,Beauty,Skin Care Set,1,47.99,0.0,16.65
ORD004652,2024-03-06,C00272,East,Online,Home,Storage Box,2,22.84,0.15,9.36
ORD005027,2024-03-06,C00031,South,Online,Beauty,Hair Dryer,2,80.79,0.0,39.0
ORD005054,2024-03-06,C00686,West,Online,Home,Storage Box,2,25.73,0.0,9.36
ORD005201,2024-03-06,C00016,West,Marketplace,Electronics,Headphones,1,85.88,0.1,49.3
ORD005201,2024-03-06,C00016,West,Marketplace,Electronics,Smartwatch,1,219.33,0.1,132.3
ORD005954,2024-03-06,C01142,South,Online,Electronics,Smartwatch,1,224.59,0.1,132.3
ORD005954,2024-03-06,C01142,South,Online,Fitness,Resistance Bands,2,23.02,0.05,7.48
ORD000046,2024-03-07,C00595,West,Online,Electronics,Keyboard,3,69.21,0.05,33.8
ORD000046,2024-03-07,C00595,West,Online,Fitness,Resistance Bands,1,22.28,0.1,7.48
ORD000251,2024-03-07,C00194,West,Store,Electronics,Headphones,1,89.97,0.15,49.3
ORD000251,2024-03-07,C00194,West,Store,Beauty,Makeup Kit,3,40.12,0.1,14.0
ORD001124,2024-03-07,C00180,North,Store,Fitness,Yoga Mat,1,28.28,0.2,12.6
ORD001124,2024-03-07,C00180,North,Store,Electronics,Headphones,1,87.26,0.2,49.3
ORD001314,2024-03-07,C01433,North,Online,Electronics,Keyboard,3,68.38,0.0,33.8
ORD001620,2024-03-07,C01807,East,Online,Electronics,Smartwatch,2,204.01,0.2,132.3
ORD001620,2024-03-07,C01807,East,Online,Fitness,Resistance Bands,1,22.88,0.3,7.48
ORD001716,2024-03-07,C01762,North,Online,Fitness,Dumbbells,2,70.64,0.05,39.9
ORD001716,2024-03-07,C01762,North,Online,Beauty,Hair Dryer,4,76.13,0.0,39.0
ORD001973,2024-03-07,C00659,East,Store,Electronics,Smartwatch,1,211.04,0.1,132.3
ORD001973,2024-03-07,C00659,East,Store,Home,Storage Box,2,23.18,0.0,9.36
ORD002472,2024-03-07,C00527,East,Online,Beauty,Hair Dryer,2,73.8,0.3,39.0
ORD002472,2024-03-07,C00527,East,Online,Electronics,Keyboard,1,67.08,0.05,33.8
ORD002841,2024-03-07,C00449,West,Online,Beauty,Hair Dryer,1,77.89,0.05,39.0
ORD004701,2024-03-07,C00379,South,Store,Electronics,Keyboard,1,66.76,0.1,33.8
ORD005648,2024-03-07,C00437,North,Online,Electronics,Keyboard,1,69.83,0.1,33.8
ORD005770,2024-03-07,C00404,East,Online,Fitness,Resistance Bands,1,23.19,0.0,7.48
ORD005783,2024-03-07,C01424,East,Store,Home,Storage Box,2,25.65,0.1,9.36
ORD000689,2024-03-08,C00169,North,Online,Fitness,Resistance Bands,1,21.76,0.1,7.48
ORD000689,2024-03-08,C00169,North,Online,Fitness,Resistance Bands,2,22.81,0.0,7.48
ORD003714,2024-03-08,C00022,West,Online,Home,Coffee Maker,1,101.2,0.15,52.25
ORD003744,2024-03-08,C00570,West,Online,Fitness,Dumbbells,1,65.93,0.1,39.9
ORD005493,2024-03-08,C01171,North,Store,Beauty,Hair Dryer,2,83.62,0.1,39.0
ORD005493,2024-03-08,C01171,North,Store,Fitness,Yoga Mat,2,29.89,0.05,12.6
ORD000678,2024-03-09,C00320,East,Online,Fitness,Dumbbells,3,66.71,0.0,39.9
ORD000678,2024-03-09,C00320,East,Online,Fitness,Dumbbells,2,67.51,0.15,39.9
ORD002082,2024-03-09,C01017,South,Store,Home,Lamp,1,47.18,0.1,21.12
ORD002082,2024-03-09,C01017,South,Store,Electronics,Headphones,1,80.33,0.0,49.3
ORD002479,2024-03-09,C00214,East,Online,Electronics,Headphones,2,82.3,0.05,49.3
ORD002743,2024-03-09,C00501,North,Online,Home,Coffee Maker,1,96.68,0.1,52.25
ORD002743,2024-03-09,C00501,North,Online,Beauty,Skin Care Set,1,48.52,0.15,16.65
ORD003151,2024-03-09,C00036,West,Store,Beauty,Makeup Kit,2,41.81,0.1,14.0
ORD003151,2024-03-09,C00036,West,Store,Fitness,Dumbbells,1,69.03,0.0,39.9
ORD003524,2024-03-09,C00088,North,Online,Home,Storage Box,1,23.47,0.2,9.36
ORD004345,2024-03-09,C00600,East,Online,Beauty,Makeup Kit,2,37.72,0.0,14.0
ORD004848,2024-03-09,C00115,South,Online,Electronics,Keyboard,2,64.59,0.1,33.8
ORD005155,2024-03-09,C00539,East,Store,Beauty,Skin Care Set,4,44.63,0.0,16.65
ORD000100,2024-03-10,C00566,South,Online,Electronics,Smartwatch,1,221.67,0.2,132.3
ORD000494,2024-03-10,C00574,West,Online,Electronics,Keyboard,1,70.08,0.0,33.8
ORD000494,2024-03-10,C00574,West,Online,Electronics,Keyboard,2,61.9,0.1,33.8
ORD001719,2024-03-10,C00673,North,Online,Electronics,Headphones,2,83.94,0.0,49.3
ORD001719,2024-03-10,C00673,North,Online,Fitness,Yoga Mat,1,28.54,0.1,12.6
ORD002087,2024-03-10,C00552,East,Online,Electronics,Keyboard,1,67.78,0.05,33.8
ORD002460,2024-03-10,C00099,South,Online,Electronics,Headphones,3,89.66,0.15,49.3
ORD002460,2024-03-10,C00099,South,Online,Home,Coffee Maker,1,96.4,0.05,52.25
ORD002530,2024-03-10,C01574,North,Online,Electronics,Keyboard,3,64.07,0.0,33.8
ORD002623,2024-03-10,C00130,South,Store,Fitness,Dumbbells,1,67.76,0.0,39.9
ORD002781,2024-03-10,C01935,West,Online,Home,Lamp,1,48.61,0.05,21.12
ORD004219,2024-03-10,C00325,East,Store,Fitness,Resistance Bands,1,23.33,0.0,7.48
ORD004219,2024-03-10,C00325,East,Store,Beauty,Skin Care Set,1,43.55,0.1,16.65
ORD005584,2024-03-10,C00675,North,Online,Home,Lamp,1,50.54,0.1,21.12
ORD005584,2024-03-10,C00675,North,Online,Beauty,Hair Dryer,1,74.77,0.05,39.0
ORD000580,2024-03-11,C00291,North,Marketplace,Beauty,Skin Care Set,1,47.77,0.05,16.65
ORD000580,2024-03-11,C00291,North,Marketplace,Electronics,Smartwatch,1,214.09,0.05,132.3
ORD003434,2024-03-11,C01254,North,Online,Beauty,Skin Care Set,1,47.78,0.2,16.65
ORD003843,2024-03-11,C01171,South,Online,Beauty,Skin Care Set,1,44.98,0.05,16.65
ORD003878,2024-03-11,C00450,North,Online,Electronics,Smartwatch,3,207.75,0.1,132.3
ORD003878,2024-03-11,C00450,North,Online,Home,Storage Box,1,24.94,0.05,9.36
ORD004528,2024-03-11,C00234,South,Online,Home,Storage Box,1,23.56,0.1,9.36
ORD005094,2024-03-11,C01176,East,Store,Home,Lamp,2,51.24,0.05,21.12
ORD005094,2024-03-11,C01176,East,Store,Beauty,Hair Dryer,3,81.82,0.0,39.0
ORD005781,2024-03-11,C00431,East,Online,Electronics,Keyboard,3,67.68,0.05,33.8
ORD005781,2024-03-11,C00431,East,Online,Beauty,Makeup Kit,3,41.17,0.05,14.0
ORD000492,2024-03-12,C00227,East,Store,Fitness,Resistance Bands,1,23.33,0.0,7.48
ORD000592,2024-03-12,C00495,North,Store,Electronics,Keyboard,1,62.47,0.1,33.8
ORD004106,2024-03-12,C00069,South,Online,Beauty,Skin Care Set,1,47.06,0.1,16.65
ORD005511,2024-03-12,C00561,North,Online,Beauty,Hair Dryer,2,76.69,0.0,39.0
ORD005912,2024-03-12,C00463,North,Online,Home,Lamp,1,45.57,0.05,21.12
ORD000416,2024-03-13,C01656,East,Store,Electronics,Keyboard,1,68.02,0.05,33.8
ORD000416,2024-03-13,C01656,East,Store,Fitness,Resistance Bands,3,23.08,0.2,7.48
ORD001141,2024-03-13,C00587,South,Online,Beauty,Hair Dryer,2,80.53,0.0,39.0
ORD001769,2024-03-13,C01898,North,Marketplace,Home,Lamp,1,51.59,0.15,21.12
ORD001769,2024-03-13,C01898,North,Marketplace,Electronics,Smartwatch,1,206.98,0.05,132.3
ORD003357,2024-03-13,C00297,East,Online,Fitness,Resistance Bands,1,23.5,0.0,7.48
ORD003441,2024-03-13,C00460,East,Marketplace,Fitness,Resistance Bands,1,23.74,0.0,7.48
ORD003441,2024-03-13,C00460,East,Marketplace,Home,Storage Box,1,24.81,0.0,9.36
ORD004021,2024-03-13,C00055,North,Store,Fitness,Yoga Mat,1,29.66,0.05,12.6
ORD004472,2024-03-13,C01435,South,Marketplace,Fitness,Dumbbells,3,72.37,0.15,39.9
ORD005383,2024-03-13,C00943,West,Online,Fitness,Yoga Mat,1,29.36,0.05,12.6
ORD005443,2024-03-13,C00461,South,Online,Home,Storage Box,4,22.7,0.05,9.36
ORD000576,2024-03-14,C00373,West,Online,Electronics,Keyboard,3,65.62,0.2,33.8
ORD000576,2024-03-14,C00373,West,Online,Beauty,Skin Care Set,1,42.51,0.05,16.65
ORD000943,2024-03-14,C01193,South,Online,Home,Lamp,2,49.51,0.0,21.12
ORD000943,2024-03-14,C01193,South,Online,Electronics,Smartwatch,1,220.28,0.0,132.3
ORD001134,2024-03-14,C01960,West,Online,Beauty,Makeup Kit,1,37.87,0.0,14.0
ORD001676,2024-03-14,C00110,East,Store,Home,Coffee Maker,3,98.09,0.1,52.25
ORD002080,2024-03-14,C00265,South,Online,Beauty,Makeup Kit,1,42.61,0.1,14.0
ORD002080,2024-03-14,C00265,South,Online,Beauty,Skin Care Set,1,42.5,0.1,16.65
ORD002195,2024-03-14,C00695,South,Marketplace,Beauty,Hair Dryer,1,74.18,0.1,39.0
ORD002195,2024-03-14,C00695,South,Marketplace,Beauty,Hair Dryer,2,83.9,0.15,39.0
ORD004081,2024-03-14,C00310,East,Online,Beauty,Hair Dryer,1,80.26,0.05,39.0
ORD004081,2024-03-14,C00310,East,Online,Fitness,Dumbbells,1,66.74,0.0,39.9
ORD004159,2024-03-14,C00088,East,Store,Fitness,Resistance Bands,2,21.78,0.0,7.48
ORD004159,2024-03-14,C00088,East,Store,Fitness,Dumbbells,2,68.64,0.3,39.9
ORD004387,2024-03-14,C01754,South,Online,Beauty,Hair Dryer,1,78.51,0.0,39.0
ORD001732,2024-03-15,C00693,South,Online,Beauty,Makeup Kit,1,42.79,0.1,14.0
ORD001906,2024-03-15,C00387,South,Store,Beauty,Hair Dryer,2,78.92,0.1,39.0
ORD001906,2024-03-15,C00387,South,Store,Electronics,Keyboard,4,69.27,0.2,33.8
ORD002700,2024-03-15,C00330,North,Store,Electronics,Smartwatch,1,219.28,0.1,132.3
ORD003090,2024-03-15,C00235,West,Online,Electronics,Smartwatch,3,210.58,0.05,132.3
ORD003090,2024-03-15,C00235,West,Online,Electronics,Keyboard,3,62.03,0.0,33.8
ORD003866,2024-03-15,C02051,South,Store,Home,Lamp,2,51.53,0.1,21.12
ORD003866,2024-03-15,C02051,South,Store,Fitness,Yoga Mat,3,29.51,0.0,12.6
ORD004367,2024-03-15,C01703,West,Marketplace,Home,Coffee Maker,2,92.86,0.0,52.25
ORD004367,2024-03-15,C01703,West,Marketplace,Home,Lamp,1,45.18,0.05,21.12
ORD005358,2024-03-15,C01756,East,Online,Fitness,Resistance Bands,2,22.75,0.1,7.48
ORD000298,2024-03-16,C01427,South,Online,Home,Coffee Maker,1,96.76,0.05,52.25
ORD000298,2024-03-16,C01427,South,Online,Beauty,Skin Care Set,1,44.01,0.05,16.65
ORD001593,2024-03-16,C01921,South,Online,Electronics,Smartwatch,1,211.28,0.0,132.3
ORD001593,2024-03-16,C01921,South,Online,Electronics,Headphones,1,87.51,0.05,49.3
ORD001872,2024-03-16,C00804,South,Online,Beauty,Skin Care Set,1,48.32,0.15,16.65
ORD001872,2024-03-16,C00804,South,Online,Electronics,Keyboard,2,67.75,0.0,33.8
ORD002556,2024-03-16,C00070,West,Store,Fitness,Yoga Mat,1,30.35,0.1,12.6
ORD002556,2024-03-16,C00070,West,Store,Beauty,Hair Dryer,1,76.14,0.05,39.0
ORD002571,2024-03-16,C00080,West,Store,Electronics,Smartwatch,2,205.97,0.2,132.3
ORD004687,2024-03-16,C00360,East,Store,Fitness,Dumbbells,3,72.0,0.0,39.9
ORD000267,2024-03-17,C02147,North,Store,Electronics,Headphones,1,85.33,0.05,49.3
ORD000324,2024-03-17,C00189,North,Store,Beauty,Skin Care Set,3,42.63,0.0,16.65
ORD000324,2024-03-17,C00189,North,Store,Home,Storage Box,3,23.88,0.05,9.36
ORD001168,2024-03-17,C00619,South,Store,Beauty,Skin Care Set,1,47.41,0.0,16.65
ORD001712,2024-03-17,C00463,South,Online,Fitness,Dumbbells,1,70.72,0.0,39.9
ORD002328,2024-03-17,C00924,East,Online,Fitness,Dumbbells,1,72.69,0.05,39.9
ORD002328,2024-03-17,C00924,East,Online,Fitness,Dumbbells,1,67.37,0.15,39.9
ORD002809,2024-03-17,C00409,North,Online,Beauty,Makeup Kit,2,41.62,0.15,14.0
ORD003037,2024-03-17,C00903,North,Store,Electronics,Headphones,1,89.09,0.3,49.3
ORD004874,2024-03-17,C00148,West,Online,Fitness,Resistance Bands,2,22.96,0.3,7.48
ORD004970,2024-03-17,C01915,South,Store,Electronics,Smartwatch,1,199.5,0.0,132.3
ORD004970,2024-03-17,C01915,South,Store,Beauty,Skin Care Set,3,42.5,0.0,16.65
ORD005207,2024-03-17,C00432,North,Online,Electronics,Keyboard,1,69.35,0.0,33.8
ORD005207,2024-03-17,C00432,North,Online,Electronics,Smartwatch,1,213.7,0.05,132.3
ORD000279,2024-03-18,C00078,South,Store,Beauty,Hair Dryer,4,81.27,0.0,39.0
ORD000417,2024-03-18,C00037,East,Marketplace,Home,Storage Box,3,24.04,0.1,9.36
ORD000417,2024-03-18,C00037,East,Marketplace,Home,Coffee Maker,2,96.32,0.05,52.25
ORD000458,2024-03-18,C00712,East,Online,Beauty,Makeup Kit,2,38.54,0.1,14.0
ORD000458,2024-03-18,C00712,East,Online,Fitness,Dumbbells,2,69.0,0.15,39.9
ORD001275,2024-03-18,C00696,South,Store,Home,Lamp,1,49.94,0.15,21.12
ORD001285,2024-03-18,C01078,East,Online,Beauty,Hair Dryer,2,79.37,0.0,39.0
ORD002331,2024-03-18,C00181,South,Online,Fitness,Dumbbells,1,71.39,0.15,39.9
ORD004334,2024-03-18,C00261,West,Online,Electronics,Smartwatch,1,219.06,0.1,132.3
ORD004334,2024-03-18,C00261,West,Online,Electronics,Headphones,1,90.61,0.05,49.3
ORD004973,2024-03-18,C00641,South,Online,Electronics,Smartwatch,3,222.05,0.05,132.3
ORD004973,2024-03-18,C00641,South,Online,Home,Coffee Maker,1,99.38,0.0,52.25
ORD005430,2024-03-18,C02021,East,Marketplace,Electronics,Keyboard,2,66.11,0.1,33.8
ORD005430,2024-03-18,C02021,East,Marketplace,Electronics,Smartwatch,2,219.09,0.05,132.3
ORD005699,2024-03-18,C00606,South,Store,Electronics,Headphones,1,87.55,0.0,49.3
ORD005699,2024-03-18,C00606,South,Store,Electronics,Smartwatch,1,208.15,0.1,132.3
ORD000154,2024-03-19,C01885,West,Marketplace,Electronics,Smartwatch,2,205.87,0.15,132.3
ORD000154,2024-03-19,C01885,West,Marketplace,Home,Storage Box,1,25.08,0.1,9.36
ORD002931,2024-03-19,C00026,East,Online,Electronics,Keyboard,1,61.83,0.0,33.8
ORD002931,2024-03-19,C00026,East,Online,Home,Coffee Maker,2,97.97,0.1,52.25
ORD003046,2024-03-19,C00003,South,Store,Home,Storage Box,2,25.69,0.05,9.36
ORD003046,2024-03-19,C00003,South,Store,Electronics,Headphones,1,87.32,0.0,49.3
ORD003148,2024-03-19,C00436,West,Marketplace,Home,Storage Box,1,24.6,0.15,9.36
ORD003799,2024-03-19,C00024,East,Online,Home,Storage Box,1,23.79,0.0,9.36
ORD003799,2024-03-19,C00024,East,Online,Beauty,Makeup Kit,1,38.69,0.15,14.0
ORD004204,2024-03-19,C00078,West,Online,Beauty,Makeup Kit,2,39.28,0.15,14.0
ORD004773,2024-03-19,C02098,North,Online,Fitness,Dumbbells,3,70.52,0.15,39.9
ORD004773,2024-03-19,C02098,North,Online,Home,Lamp,2,48.53,0.05,21.12
ORD005640,2024-03-19,C00198,West,Store,Home,Storage Box,2,24.94,0.05,9.36
ORD005640,2024-03-19,C00198,West,Store,Home,Storage Box,1,24.79,0.1,9.36
ORD005931,2024-03-19,C02114,West,Store,Electronics,Headphones,1,83.0,0.15,49.3
ORD005931,2024-03-19,C02114,West,Store,Fitness,Yoga Mat,2,31.53,0.05,12.6
ORD000381,2024-03-20,C00652,West,Online,Fitness,Resistance Bands,2,22.06,0.0,7.48
ORD000381,2024-03-20,C00652,West,Online,Home,Lamp,1,46.74,0.1,21.12
ORD000633,2024-03-20,C00427,West,Online,Fitness,Dumbbells,1,75.11,0.1,39.9
ORD000633,2024-03-20,C00427,West,Online,Home,Storage Box,1,24.89,0.1,9.36
ORD000682,2024-03-20,C00112,South,Online,Electronics,Smartwatch,2,223.33,0.0,132.3
ORD000698,2024-03-20,C00445,North,Store,Home,Coffee Maker,2,93.13,0.1,52.25
ORD000698,2024-03-20,C00445,North,Store,Beauty,Makeup Kit,4,37.9,0.0,14.0
ORD001228,2024-03-20,C02162,South,Online,Fitness,Dumbbells,4,69.66,0.05,39.9
ORD001228,2024-03-20,C02162,South,Online,Home,Coffee Maker,1,92.29,0.0,52.25
ORD003852,2024-03-20,C00090,North,Online,Fitness,Resistance Bands,2,23.45,0.2,7.48
ORD003970,2024-03-20,C00209,South,Online,Electronics,Smartwatch,4,204.23,0.2,132.3
ORD003970,2024-03-20,C00209,South,Online,Beauty,Makeup Kit,2,38.16,0.0,14.0
ORD004461,2024-03-20,C01482,South,Online,Electronics,Keyboard,2,67.04,0.1,33.8
ORD004461,2024-03-20,C01482,South,Online,Electronics,Smartwatch,2,224.62,0.05,132.3
ORD004635,2024-03-20,C01158,North,Online,Home,Coffee Maker,2,101.78,0.0,52.25
ORD004635,2024-03-20,C01158,North,Online,Fitness,Yoga Mat,1,31.08,0.05,12.6
ORD004670,2024-03-20,C00400,North,Marketplace,Electronics,Smartwatch,2,200.29,0.1,132.3
ORD004838,2024-03-20,C00157,South,Online,Beauty,Skin Care Set,1,46.03,0.1,16.65
ORD004838,2024-03-20,C00157,South,Online,Home,Storage Box,2,25.45,0.0,9.36
ORD004857,2024-03-20,C01944,North,Store,Fitness,Yoga Mat,2,30.41,0.1,12.6
ORD004857,2024-03-20,C01944,North,Store,Electronics,Headphones,1,87.09,0.05,49.3
ORD005453,2024-03-20,C00053,West,Online,Electronics,Keyboard,1,68.43,0.05,33.8
ORD005801,2024-03-20,C00428,East,Marketplace,Fitness,Yoga Mat,3,30.64,0.15,12.6
ORD001304,2024-03-21,C00234,West,Online,Fitness,Dumbbells,1,70.14,0.05,39.9
ORD001304,2024-03-21,C00234,West,Online,Fitness,Yoga Mat,1,31.36,0.2,12.6
ORD002074,2024-03-21,C00091,West,Online,Fitness,Resistance Bands,1,21.01,0.0,7.48
ORD002074,2024-03-21,C00091,West,Online,Home,Lamp,3,47.82,0.05,21.12
ORD002185,2024-03-21,C00035,North,Marketplace,Electronics,Keyboard,1,65.93,0.0,33.8
ORD002315,2024-03-21,C01496,West,Online,Beauty,Skin Care Set,1,48.35,0.15,16.65
ORD002315,2024-03-21,C01496,West,Online,Fitness,Resistance Bands,1,22.2,0.0,7.48
ORD002775,2024-03-21,C00207,South,Online,Electronics,Keyboard,2,70.19,0.15,33.8
ORD003928,2024-03-21,C00409,West,Store,Electronics,Headphones,3,90.73,0.0,49.3
ORD005522,2024-03-21,C00373,North,Store,Beauty,Hair Dryer,2,77.82,0.1,39.0
ORD005522,2024-03-21,C00373,North,Store,Fitness,Resistance Bands,2,20.77,0.05,7.48
ORD005748,2024-03-21,C01751,East,Store,Fitness,Resistance Bands,1,22.83,0.0,7.48
ORD005846,2024-03-21,C00638,North,Online,Beauty,Makeup Kit,1,43.04,0.0,14.0
ORD005846,2024-03-21,C00638,North,Online,Electronics,Smartwatch,1,210.81,0.0,132.3
ORD000232,2024-03-22,C00564,West,Online,Beauty,Hair Dryer,1,81.75,0.1,39.0
ORD000232,2024-03-22,C00564,West,Online,Fitness,Resistance Bands,1,23.58,0.0,7.48
ORD000446,2024-03-22,C00391,South,Store,Beauty,Hair Dryer,1,79.53,0.1,39.0
ORD000527,2024-03-22,C02121,North,Store,Electronics,Keyboard,1,65.95,0.0,33.8
ORD000527,2024-03-22,C02121,North,Store,Fitness,Resistance Bands,1,22.57,0.2,7.48
ORD001606,2024-03-22,C01725,West,Online,Beauty,Hair Dryer,1,80.41,0.2,39.0
ORD002309,2024-03-22,C00597,West,Online,Electronics,Keyboard,4,67.87,0.1,33.8
ORD002570,2024-03-22,C00756,East,Online,Electronics,Headphones,1,80.69,0.05,49.3
ORD002570,2024-03-22,C00756,East,Online,Electronics,Headphones,1,83.48,0.05,49.3
ORD002938,2024-03-22,C00144,South,Store,Fitness,Yoga Mat,2,29.72,0.05,12.6
ORD002938,2024-03-22,C00144,South,Store,Beauty,Makeup Kit,1,40.84,0.1,14.0
ORD003535,2024-03-22,C00118,East,Store,Fitness,Dumbbells,3,66.42,0.0,39.9
ORD003557,2024-03-22,C00584,West,Store,Beauty,Skin Care Set,2,43.71,0.15,16.65
ORD004163,2024-03-22,C01295,North,Online,Electronics,Keyboard,1,70.05,0.1,33.8
ORD004437,2024-03-22,C00350,West,Online,Home,Lamp,1,50.7,0.2,21.12
ORD005405,2024-03-22,C00964,West,Online,Fitness,Resistance Bands,1,22.88,0.05,7.48
ORD000593,2024-03-23,C00591,South,Store,Fitness,Resistance Bands,4,23.03,0.15,7.48
ORD001578,2024-03-23,C02160,East,Store,Beauty,Makeup Kit,2,42.11,0.1,14.0
ORD001578,2024-03-23,C02160,East,Store,Fitness,Resistance Bands,4,21.54,0.0,7.48
ORD001617,2024-03-23,C00634,South,Online,Beauty,Makeup Kit,1,39.19,0.3,14.0
ORD002091,2024-03-23,C00370,South,Store,Fitness,Dumbbells,3,66.93,0.0,39.9
ORD002091,2024-03-23,C00370,South,Store,Electronics,Keyboard,1,62.56,0.0,33.8
ORD002299,2024-03-23,C00541,West,Online,Home,Lamp,2,48.45,0.0,21.12
ORD002952,2024-03-23,C00662,North,Store,Fitness,Resistance Bands,1,21.19,0.0,7.48
ORD003710,2024-03-23,C00894,East,Online,Beauty,Skin Care Set,1,45.58,0.1,16.65
ORD003710,2024-03-23,C00894,East,Online,Fitness,Dumbbells,2,66.24,0.15,39.9
ORD003889,2024-03-23,C00231,West,Online,Electronics,Headphones,2,91.16,0.1,49.3
ORD004843,2024-03-23,C00338,South,Online,Fitness,Yoga Mat,2,28.43,0.15,12.6
ORD004843,2024-03-23,C00338,South,Online,Home,Coffee Maker,2,91.67,0.15,52.25
ORD005193,2024-03-23,C00385,West,Online,Electronics,Smartwatch,1,226.69,0.1,132.3
ORD005449,2024-03-23,C00107,East,Store,Home,Coffee Maker,1,102.09,0.1,52.25
ORD000063,2024-03-24,C00677,West,Marketplace,Electronics,Smartwatch,1,222.9,0.1,132.3
ORD000063,2024-03-24,C00677,West,Marketplace,Electronics,Headphones,1,82.85,0.1,49.3
ORD000983,2024-03-24,C00497,West,Online,Electronics,Keyboard,3,69.83,0.1,33.8
ORD001899,2024-03-24,C00655,North,Store,Home,Lamp,1,51.5,0.2,21.12
ORD001899,2024-03-24,C00655,North,Store,Home,Storage Box,1,23.77,0.0,9.36
ORD002100,2024-03-24,C00119,South,Online,Fitness,Resistance Bands,2,22.06,0.15,7.48
ORD002658,2024-03-24,C00614,West,Online,Fitness,Yoga Mat,1,30.65,0.05,12.6
ORD003110,2024-03-24,C00426,West,Online,Electronics,Keyboard,1,63.25,0.2,33.8
ORD003170,2024-03-24,C00976,North,Online,Electronics,Keyboard,1,62.91,0.05,33.8
ORD003170,2024-03-24,C00976,North,Online,Beauty,Makeup Kit,2,37.98,0.0,14.0
ORD003175,2024-03-24,C00099,West,Online,Fitness,Yoga Mat,2,30.15,0.0,12.6
ORD003728,2024-03-24,C00238,South,Online,Fitness,Yoga Mat,2,31.48,0.0,12.6
ORD003849,2024-03-24,C00152,South,Online,Home,Storage Box,3,22.74,0.0,9.36
ORD003849,2024-03-24,C00152,South,Online,Beauty,Skin Care Set,2,44.36,0.0,16.65
ORD004978,2024-03-24,C00553,North,Online,Home,Storage Box,2,25.45,0.1,9.36
ORD005600,2024-03-24,C00399,North,Online,Fitness,Resistance Bands,1,23.0,0.0,7.48
ORD005600,2024-03-24,C00399,North,Online,Fitness,Yoga Mat,1,31.58,0.15,12.6
ORD005824,2024-03-24,C00081,North,Online,Beauty,Hair Dryer,1,77.48,0.05,39.0
ORD005824,2024-03-24,C00081,North,Online,Home,Lamp,3,47.46,0.2,21.12
ORD000272,2024-03-25,C00579,North,Store,Fitness,Dumbbells,1,75.59,0.15,39.9
ORD002124,2024-03-25,C00250,South,Marketplace,Beauty,Makeup Kit,3,38.76,0.1,14.0
ORD002124,2024-03-25,C00250,South,Marketplace,Beauty,Skin Care Set,3,44.85,0.0,16.65
ORD002680,2024-03-25,C00489,West,Online,Beauty,Makeup Kit,1,41.88,0.05,14.0
ORD002680,2024-03-25,C00489,West,Online,Home,Storage Box,2,23.04,0.2,9.36
ORD003017,2024-03-25,C00470,East,Marketplace,Home,Lamp,1,48.05,0.15,21.12
ORD005438,2024-03-25,C00295,East,Online,Beauty,Hair Dryer,2,77.17,0.0,39.0
ORD005438,2024-03-25,C00295,East,Online,Electronics,Keyboard,3,62.87,0.05,33.8
ORD005666,2024-03-25,C02174,West,Online,Home,Coffee Maker,2,102.32,0.0,52.25
ORD001452,2024-03-26,C00496,East,Store,Electronics,Smartwatch,1,201.29,0.05,132.3
ORD001452,2024-03-26,C00496,East,Store,Electronics,Smartwatch,2,220.09,0.15,132.3
ORD002536,2024-03-26,C00635,East,Online,Fitness,Dumbbells,1,67.01,0.1,39.9
ORD002536,2024-03-26,C00635,East,Online,Home,Lamp,1,51.03,0.0,21.12
ORD005848,2024-03-26,C00990,East,Online,Electronics,Headphones,1,90.56,0.05,49.3
ORD000411,2024-03-27,C00699,North,Marketplace,Home,Coffee Maker,3,91.1,0.15,52.25
ORD002769,2024-03-27,C00662,South,Store,Beauty,Skin Care Set,1,44.07,0.15,16.65
ORD002837,2024-03-27,C00194,South,Online,Electronics,Keyboard,1,65.45,0.1,33.8
ORD003439,2024-03-27,C00359,East,Store,Beauty,Hair Dryer,2,76.08,0.3,39.0
ORD003439,2024-03-27,C00359,East,Store,Home,Storage Box,1,22.86,0.05,9.36
ORD003779,2024-03-27,C01523,East,Store,Electronics,Smartwatch,1,212.92,0.2,132.3
ORD004167,2024-03-27,C00139,South,Online,Home,Coffee Maker,3,94.44,0.1,52.25
ORD004167,2024-03-27,C00139,South,Online,Fitness,Resistance Bands,1,21.84,0.15,7.48
ORD005134,2024-03-27,C00519,West,Online,Fitness,Yoga Mat,2,29.41,0.1,12.6
ORD005134,2024-03-27,C00519,West,Online,Electronics,Headphones,1,81.98,0.0,49.3
ORD000168,2024-03-28,C00220,South,Store,Home,Lamp,2,51.82,0.3,21.12
ORD000168,2024-03-28,C00220,South,Store,Home,Lamp,1,49.12,0.0,21.12
ORD001355,2024-03-28,C00540,North,Online,Beauty,Skin Care Set,1,44.89,0.0,16.65
ORD001609,2024-03-28,C00145,South,Online,Beauty,Hair Dryer,1,80.86,0.2,39.0
ORD001609,2024-03-28,C00145,South,Online,Beauty,Skin Care Set,2,45.63,0.0,16.65
ORD002002,2024-03-28,C00030,East,Store,Electronics,Smartwatch,1,201.38,0.1,132.3
ORD003023,2024-03-28,C01575,North,Marketplace,Beauty,Makeup Kit,1,38.93,0.05,14.0
ORD003023,2024-03-28,C01575,North,Marketplace,Fitness,Dumbbells,1,69.64,0.15,39.9
ORD003131,2024-03-28,C00526,North,Online,Home,Lamp,2,45.43,0.0,21.12
ORD003131,2024-03-28,C00526,North,Online,Electronics,Smartwatch,3,212.3,0.1,132.3
ORD003360,2024-03-28,C01558,East,Online,Beauty,Skin Care Set,1,42.77,0.15,16.65
ORD003360,2024-03-28,C01558,East,Online,Beauty,Makeup Kit,2,38.58,0.1,14.0
ORD004643,2024-03-28,C00456,East,Online,Electronics,Keyboard,1,64.66,0.3,33.8
ORD004643,2024-03-28,C00456,East,Online,Beauty,Skin Care Set,1,47.93,0.1,16.65
ORD005410,2024-03-28,C00159,East,Online,Beauty,Hair Dryer,1,76.06,0.0,39.0
ORD005410,2024-03-28,C00159,East,Online,Beauty,Makeup Kit,1,41.92,0.0,14.0
ORD002288,2024-03-29,C00651,East,Online,Beauty,Skin Care Set,2,42.46,0.0,16.65
ORD002288,2024-03-29,C00651,East,Online,Electronics,Keyboard,2,65.61,0.05,33.8
ORD002726,2024-03-29,C00030,North,Online,Fitness,Resistance Bands,3,21.01,0.0,7.48
ORD002726,2024-03-29,C00030,North,Online,Home,Storage Box,3,25.14,0.1,9.36
ORD004715,2024-03-29,C00948,East,Store,Home,Storage Box,2,25.09,0.05,9.36
ORD004715,2024-03-29,C00948,East,Store,Beauty,Makeup Kit,1,41.42,0.0,14.0
ORD004949,2024-03-29,C00512,West,Online,Electronics,Keyboard,1,66.26,0.2,33.8
ORD004949,2024-03-29,C00512,West,Online,Beauty,Skin Care Set,2,45.96,0.05,16.65
ORD005389,2024-03-29,C00148,North,Online,Fitness,Yoga Mat,2,31.85,0.0,12.6
ORD005982,2024-03-29,C00424,West,Online,Electronics,Smartwatch,1,225.12,0.1,132.3
ORD000434,2024-03-30,C00117,West,Online,Home,Storage Box,1,24.71,0.15,9.36
ORD000535,2024-03-30,C00248,West,Online,Home,Lamp,1,50.54,0.15,21.12
ORD000535,2024-03-30,C00248,West,Online,Fitness,Yoga Mat,1,32.1,0.15,12.6
ORD001522,2024-03-30,C01870,East,Store,Fitness,Dumbbells,1,71.93,0.0,39.9
ORD001522,2024-03-30,C01870,East,Store,Fitness,Resistance Bands,3,20.89,0.1,7.48
ORD001596,2024-03-30,C00660,North,Online,Fitness,Dumbbells,1,74.44,0.0,39.9
ORD001596,2024-03-30,C00660,North,Online,Home,Coffee Maker,2,102.25,0.0,52.25
ORD003040,2024-03-30,C01459,East,Store,Electronics,Smartwatch,2,198.06,0.15,132.3
ORD003040,2024-03-30,C01459,East,Store,Beauty,Hair Dryer,2,75.2,0.1,39.0
ORD003941,2024-03-30,C00252,South,Marketplace,Fitness,Resistance Bands,1,22.34,0.2,7.48
ORD004048,2024-03-30,C00592,North,Online,Home,Lamp,2,51.32,0.05,21.12
ORD004048,2024-03-30,C00592,North,Online,Electronics,Headphones,1,85.48,0.1,49.3
ORD000719,2024-03-31,C02079,North,Store,Home,Storage Box,1,25.69,0.0,9.36
ORD001302,2024-03-31,C00389,North,Online,Electronics,Keyboard,1,61.31,0.0,33.8
ORD001302,2024-03-31,C00389,North,Online,Fitness,Yoga Mat,2,31.96,0.2,12.6
ORD001471,2024-03-31,C01869,West,Online,Beauty,Makeup Kit,2,38.69,0.0,14.0
ORD001837,2024-03-31,C00280,East,Store,Home,Storage Box,1,24.64,0.05,9.36
ORD002059,2024-03-31,C02036,West,Online,Beauty,Makeup Kit,1,42.15,0.0,14.0
ORD002688,2024-03-31,C00555,South,Online,Home,Lamp,1,48.61,0.05,21.12
ORD002688,2024-03-31,C00555,South,Online,Home,Storage Box,4,24.94,0.15,9.36
ORD003393,2024-03-31,C01844,West,Store,Home,Storage Box,2,24.57,0.1,9.36
ORD003393,2024-03-31,C01844,West,Store,Home,Coffee Maker,1,90.29,0.2,52.25
ORD003459,2024-03-31,C00170,North,Online,Home,Storage Box,1,25.15,0.0,9.36
ORD003862,2024-03-31,C00201,East,Marketplace,Home,Storage Box,1,24.78,0.0,9.36
ORD004097,2024-03-31,C00565,North,Marketplace,Home,Storage Box,3,24.21,0.1,9.36
ORD004097,2024-03-31,C00565,North,Marketplace,Home,Storage Box,1,25.6,0.05,9.36
ORD005755,2024-03-31,C01861,North,Marketplace,Electronics,Smartwatch,1,200.82,0.1,132.3
ORD005755,2024-03-31,C01861,North,Marketplace,Home,Lamp,2,45.97,0.0,21.12
ORD003867,2024-04-01,C00882,East,Online,Fitness,Dumbbells,3,68.41,0.0,39.9
ORD003867,2024-04-01,C00882,East,Online,Fitness,Dumbbells,1,69.17,0.0,39.9
ORD004867,2024-04-01,C00493,East,Online,Home,Storage Box,2,25.5,0.05,9.36
ORD002848,2024-04-02,C01371,South,Store,Home,Storage Box,1,24.57,0.15,9.36
ORD003221,2024-04-02,C01665,South,Marketplace,Beauty,Hair Dryer,1,82.96,0.0,39.0
ORD003221,2024-04-02,C01665,South,Marketplace,Home,Lamp,1,49.7,0.2,21.12
ORD004793,2024-04-02,C01148,West,Online,Home,Coffee Maker,1,94.49,0.05,52.25
ORD004793,2024-04-02,C01148,West,Online,Electronics,Headphones,1,79.95,0.15,49.3
ORD005047,2024-04-02,C00086,North,Store,Beauty,Hair Dryer,2,75.53,0.05,39.0
ORD000787,2024-04-03,C00466,North,Online,Beauty,Skin Care Set,1,44.6,0.1,16.65
ORD000787,2024-04-03,C00466,North,Online,Home,Lamp,3,48.53,0.0,21.12
ORD001325,2024-04-03,C00267,West,Online,Electronics,Headphones,4,85.74,0.05,49.3
ORD001325,2024-04-03,C00267,West,Online,Home,Coffee Maker,2,100.94,0.05,52.25
ORD001845,2024-04-03,C01817,East,Store,Home,Lamp,3,47.04,0.05,21.12
ORD001845,2024-04-03,C01817,East,Store,Home,Coffee Maker,1,90.02,0.15,52.25
ORD002113,2024-04-03,C00459,South,Online,Beauty,Makeup Kit,1,41.41,0.2,14.0
ORD002302,2024-04-03,C00473,South,Online,Fitness,Dumbbells,2,73.11,0.1,39.9
ORD002302,2024-04-03,C00473,South,Online,Beauty,Skin Care Set,2,47.05,0.0,16.65
ORD002574,2024-04-03,C00455,South,Online,Electronics,Keyboard,4,61.52,0.0,33.8
ORD002974,2024-04-03,C00133,West,Online,Beauty,Makeup Kit,2,40.95,0.2,14.0
ORD003465,2024-04-03,C00612,North,Online,Beauty,Skin Care Set,1,46.45,0.1,16.65
ORD003788,2024-04-03,C00662,South,Marketplace,Beauty,Hair Dryer,2,74.9,0.05,39.0
ORD003788,2024-04-03,C00662,South,Marketplace,Fitness,Dumbbells,2,70.61,0.1,39.9
ORD004100,2024-04-03,C00767,East,Store,Fitness,Yoga Mat,1,30.26,0.0,12.6
ORD004100,2024-04-03,C00767,East,Store,Beauty,Makeup Kit,1,39.3,0.0,14.0
ORD004864,2024-04-03,C01283,South,Online,Beauty,Skin Care Set,2,43.98,0.0,16.65
ORD004864,2024-04-03,C01283,South,Online,Home,Storage Box,2,24.44,0.0,9.36
ORD004979,2024-04-03,C00250,East,Online,Electronics,Keyboard,2,68.81,0.05,33.8
ORD004979,2024-04-03,C00250,East,Online,Home,Storage Box,2,23.03,0.05,9.36
ORD005306,2024-04-03,C00547,North,Online,Home,Lamp,1,48.55,0.1,21.12
ORD005306,2024-04-03,C00547,North,Online,Beauty,Skin Care Set,1,47.47,0.0,16.65
ORD000517,2024-04-04,C01294,South,Online,Beauty,Makeup Kit,1,42.39,0.1,14.0
ORD000752,2024-04-04,C00165,North,Online,Fitness,Yoga Mat,1,30.79,0.05,12.6
ORD000752,2024-04-04,C00165,North,Online,Home,Storage Box,2,23.18,0.05,9.36
ORD001611,2024-04-04,C00177,North,Store,Home,Coffee Maker,1,91.11,0.05,52.25
ORD001645,2024-04-04,C00612,South,Online,Home,Lamp,1,47.49,0.1,21.12
ORD001885,2024-04-04,C00154,South,Online,Home,Storage Box,1,24.39,0.0,9.36
ORD001885,2024-04-04,C00154,South,Online,Fitness,Dumbbells,2,72.64,0.0,39.9
ORD002652,2024-04-04,C00079,North,Online,Beauty,Hair Dryer,2,74.84,0.0,39.0
ORD002652,2024-04-04,C00079,North,Online,Beauty,Makeup Kit,2,37.95,0.0,14.0
ORD003383,2024-04-04,C00672,East,Online,Beauty,Hair Dryer,1,74.95,0.0,39.0
ORD004315,2024-04-04,C00384,West,Store,Home,Lamp,1,47.76,0.0,21.12
ORD005514,2024-04-04,C01508,South,Online,Fitness,Yoga Mat,2,28.94,0.0,12.6
ORD000257,2024-04-05,C00153,South,Online,Beauty,Skin Care Set,1,46.48,0.15,16.65
ORD000257,2024-04-05,C00153,South,Online,Fitness,Dumbbells,1,69.0,0.0,39.9
ORD001420,2024-04-05,C01657,West,Online,Fitness,Yoga Mat,1,30.68,0.1,12.6
ORD002163,2024-04-05,C00484,East,Online,Electronics,Keyboard,1,70.11,0.15,33.8
ORD003262,2024-04-05,C00433,South,Online,Beauty,Makeup Kit,1,38.97,0.0,14.0
ORD003429,2024-04-05,C00528,East,Online,Fitness,Resistance Bands,1,22.9,0.0,7.48
ORD004114,2024-04-05,C00844,North,Marketplace,Electronics,Keyboard,2,63.96,0.05,33.8
ORD005524,2024-04-05,C00239,North,Marketplace,Electronics,Smartwatch,2,201.34,0.05,132.3
ORD005524,2024-04-05,C00239,North,Marketplace,Electronics,Keyboard,1,68.19,0.0,33.8
ORD001389,2024-04-06,C00540,North,Store,Electronics,Headphones,1,89.55,0.05,49.3
ORD001389,2024-04-06,C00540,North,Store,Electronics,Smartwatch,1,222.14,0.0,132.3
ORD002487,2024-04-06,C00379,East,Online,Home,Coffee Maker,2,92.93,0.2,52.25
ORD003296,2024-04-06,C00376,West,Online,Electronics,Keyboard,2,63.7,0.1,33.8
ORD004085,2024-04-06,C00403,North,Online,Home,Lamp,2,45.18,0.0,21.12
ORD004249,2024-04-06,C00037,North,Marketplace,Beauty,Skin Care Set,2,47.59,0.0,16.65
ORD004249,2024-04-06,C00037,North,Marketplace,Home,Lamp,2,45.43,0.15,21.12
ORD004932,2024-04-06,C00244,West,Store,Beauty,Hair Dryer,1,79.87,0.1,39.0
ORD005673,2024-04-06,C00367,South,Store,Home,Coffee Maker,1,102.11,0.0,52.25
ORD000499,2024-04-07,C00044,East,Online,Fitness,Resistance Bands,1,21.56,0.05,7.48
ORD001372,2024-04-07,C00216,West,Marketplace,Home,Lamp,1,49.73,0.05,21.12
ORD002099,2024-04-07,C00454,South,Marketplace,Beauty,Hair Dryer,1,79.68,0.1,39.0
ORD002099,2024-04-07,C00454,South,Marketplace,Home,Lamp,2,48.92,0.15,21.12
ORD002198,2024-04-07,C00474,West,Marketplace,Home,Lamp,1,50.0,0.2,21.12
ORD005365,2024-04-07,C00208,West,Store,Beauty,Hair Dryer,1,78.42,0.15,39.0
ORD005365,2024-04-07,C00208,West,Store,Electronics,Smartwatch,1,208.17,0.0,132.3
ORD000226,2024-04-08,C01083,East,Online,Home,Storage Box,3,25.13,0.05,9.36
ORD000994,2024-04-08,C00439,North,Online,Fitness,Resistance Bands,4,23.73,0.0,7.48
ORD001059,2024-04-08,C00066,East,Store,Home,Storage Box,2,24.27,0.15,9.36
ORD002581,2024-04-08,C00046,East,Store,Electronics,Keyboard,2,62.22,0.2,33.8
ORD002581,2024-04-08,C00046,East,Store,Home,Coffee Maker,1,91.06,0.0,52.25
ORD002670,2024-04-08,C00241,North,Online,Beauty,Skin Care Set,1,45.17,0.0,16.65
ORD002670,2024-04-08,C00241,North,Online,Fitness,Yoga Mat,2,28.75,0.05,12.6
ORD002720,2024-04-08,C00418,North,Online,Beauty,Skin Care Set,2,44.76,0.05,16.65
ORD003697,2024-04-08,C00230,North,Online,Fitness,Dumbbells,1,68.01,0.0,39.9
ORD003697,2024-04-08,C00230,North,Online,Electronics,Keyboard,1,68.41,0.05,33.8
ORD003704,2024-04-08,C00377,South,Marketplace,Electronics,Smartwatch,3,223.51,0.15,132.3
ORD003704,2024-04-08,C00377,South,Marketplace,Beauty,Hair Dryer,2,77.85,0.0,39.0
ORD003913,2024-04-08,C00358,North,Store,Electronics,Smartwatch,1,209.47,0.05,132.3
ORD004458,2024-04-08,C00880,East,Online,Electronics,Headphones,1,89.06,0.0,49.3
ORD005362,2024-04-08,C01648,South,Online,Electronics,Keyboard,1,68.07,0.0,33.8
ORD005718,2024-04-08,C00420,East,Store,Electronics,Smartwatch,3,197.55,0.05,132.3
ORD000338,2024-04-09,C00062,West,Online,Fitness,Dumbbells,1,70.32,0.1,39.9
ORD001439,2024-04-09,C00691,South,Online,Home,Coffee Maker,1,101.21,0.05,52.25
ORD001439,2024-04-09,C00691,South,Online,Beauty,Hair Dryer,2,83.72,0.3,39.0
ORD003010,2024-04-09,C00119,North,Store,Fitness,Yoga Mat,3,29.54,0.0,12.6
ORD003780,2024-04-09,C01580,East,Marketplace,Beauty,Hair Dryer,2,75.64,0.05,39.0
ORD003780,2024-04-09,C01580,East,Marketplace,Fitness,Resistance Bands,4,22.45,0.0,7.48
ORD004052,2024-04-09,C01190,East,Online,Home,Coffee Maker,1,91.77,0.3,52.25
ORD004168,2024-04-09,C00608,North,Marketplace,Fitness,Dumbbells,2,69.29,0.15,39.9
ORD004168,2024-04-09,C00608,North,Marketplace,Beauty,Skin Care Set,2,44.88,0.1,16.65
ORD005041,2024-04-09,C01599,North,Online,Fitness,Resistance Bands,1,21.2,0.1,7.48
ORD000631,2024-04-10,C00453,North,Store,Home,Coffee Maker,4,94.29,0.0,52.25
ORD000631,2024-04-10,C00453,North,Store,Home,Lamp,1,46.28,0.0,21.12
ORD002917,2024-04-10,C01660,South,Online,Electronics,Smartwatch,2,202.73,0.0,132.3
ORD002917,2024-04-10,C01660,South,Online,Electronics,Headphones,1,84.06,0.0,49.3
ORD003025,2024-04-10,C01734,South,Store,Home,Storage Box,1,24.61,0.05,9.36
ORD003025,2024-04-10,C01734,South,Store,Fitness,Resistance Bands,1,21.99,0.15,7.48
ORD004070,2024-04-10,C02153,West,Online,Beauty,Makeup Kit,2,43.11,0.3,14.0
ORD004647,2024-04-10,C00500,East,Online,Home,Coffee Maker,1,90.62,0.2,52.25
ORD004647,2024-04-10,C00500,East,Online,Beauty,Hair Dryer,1,80.59,0.0,39.0
ORD005156,2024-04-10,C00077,East,Marketplace,Beauty,Skin Care Set,1,47.33,0.2,16.65
ORD000091,2024-04-11,C00296,South,Online,Fitness,Dumbbells,1,66.97,0.05,39.9
ORD000091,2024-04-11,C00296,South,Online,Fitness,Dumbbells,2,66.66,0.05,39.9
ORD001485,2024-04-11,C01537,North,Online,Fitness,Resistance Bands,2,21.61,0.05,7.48
ORD001485,2024-04-11,C01537,North,Online,Beauty,Hair Dryer,2,75.17,0.0,39.0
ORD001802,2024-04-11,C00323,West,Store,Home,Lamp,4,45.9,0.15,21.12
ORD001989,2024-04-11,C00125,East,Online,Electronics,Keyboard,1,63.18,0.1,33.8
ORD003473,2024-04-11,C00352,East,Online,Fitness,Dumbbells,1,68.9,0.0,39.9
ORD003473,2024-04-11,C00352,East,Online,Electronics,Smartwatch,1,222.74,0.0,132.3
ORD003859,2024-04-11,C00155,West,Online,Beauty,Hair Dryer,3,74.92,0.3,39.0
ORD003959,2024-04-11,C01852,East,Marketplace,Fitness,Resistance Bands,1,21.66,0.1,7.48
ORD003959,2024-04-11,C01852,East,Marketplace,Home,Storage Box,1,24.6,0.0,9.36
ORD004138,2024-04-11,C00037,South,Marketplace,Beauty,Hair Dryer,1,76.13,0.05,39.0
ORD004138,2024-04-11,C00037,South,Marketplace,Home,Coffee Maker,1,99.34,0.1,52.25
ORD005331,2024-04-11,C00689,North,Store,Home,Coffee Maker,1,97.69,0.1,52.25
ORD005477,2024-04-11,C00037,East,Online,Home,Lamp,2,51.55,0.0,21.12
ORD005477,2024-04-11,C00037,East,Online,Fitness,Resistance Bands,1,21.25,0.0,7.48
ORD001747,2024-04-12,C01558,North,Store,Home,Coffee Maker,1,101.39,0.05,52.25
ORD002407,2024-04-12,C01460,South,Online,Fitness,Resistance Bands,2,20.9,0.15,7.48
ORD003213,2024-04-12,C00065,East,Store,Fitness,Resistance Bands,1,21.16,0.0,7.48
ORD004875,2024-04-12,C00306,South,Online,Beauty,Skin Care Set,1,44.14,0.0,16.65
ORD000476,2024-04-13,C00164,East,Online,Electronics,Smartwatch,4,215.02,0.0,132.3
ORD000476,2024-04-13,C00164,East,Online,Fitness,Yoga Mat,1,30.28,0.2,12.6
ORD000826,2024-04-13,C01286,East,Online,Home,Coffee Maker,3,97.34,0.1,52.25
ORD000826,2024-04-13,C01286,East,Online,Home,Coffee Maker,3,94.71,0.1,52.25
ORD001309,2024-04-13,C00368,South,Store,Home,Storage Box,1,25.62,0.0,9.36
ORD001309,2024-04-13,C00368,South,Store,Electronics,Smartwatch,1,210.59,0.15,132.3
ORD001901,2024-04-13,C01863,East,Store,Electronics,Keyboard,1,68.81,0.0,33.8
ORD002272,2024-04-13,C00276,South,Online,Fitness,Yoga Mat,1,29.11,0.0,12.6
ORD003047,2024-04-13,C01968,South,Online,Beauty,Hair Dryer,1,75.22,0.0,39.0
ORD003345,2024-04-13,C00089,East,Online,Beauty,Makeup Kit,1,37.93,0.1,14.0
ORD004608,2024-04-13,C00674,South,Store,Electronics,Keyboard,2,67.16,0.0,33.8
ORD004800,2024-04-13,C00120,South,Online,Home,Lamp,1,48.2,0.0,21.12
ORD004800,2024-04-13,C00120,South,Online,Electronics,Smartwatch,1,219.54,0.0,132.3
ORD005615,2024-04-13,C02095,East,Marketplace,Home,Coffee Maker,1,97.87,0.05,52.25
ORD000761,2024-04-14,C00310,West,Online,Beauty,Skin Care Set,1,45.13,0.0,16.65
ORD000761,2024-04-14,C00310,West,Online,Electronics,Headphones,2,91.37,0.0,49.3
ORD000965,2024-04-14,C00035,West,Online,Fitness,Resistance Bands,2,21.97,0.2,7.48
ORD001600,2024-04-14,C00491,West,Store,Electronics,Keyboard,1,69.98,0.05,33.8
ORD001707,2024-04-14,C00040,West,Store,Electronics,Smartwatch,2,213.73,0.0,132.3
ORD001707,2024-04-14,C00040,West,Store,Electronics,Headphones,2,82.16,0.0,49.3
ORD001774,2024-04-14,C01168,South,Store,Electronics,Smartwatch,2,208.48,0.1,132.3
ORD002025,2024-04-14,C00050,East,Store,Electronics,Headphones,1,80.67,0.0,49.3
ORD002336,2024-04-14,C00264,East,Marketplace,Beauty,Hair Dryer,2,74.8,0.1,39.0
ORD002350,2024-04-14,C00398,East,Online,Beauty,Makeup Kit,1,40.81,0.0,14.0
ORD002350,2024-04-14,C00398,East,Online,Electronics,Keyboard,1,70.19,0.05,33.8
ORD003976,2024-04-14,C00968,East,Store,Home,Coffee Maker,1,91.69,0.3,52.25
ORD003976,2024-04-14,C00968,East,Store,Electronics,Keyboard,1,61.58,0.05,33.8
ORD004863,2024-04-14,C00214,South,Store,Fitness,Resistance Bands,2,22.86,0.0,7.48
ORD005627,2024-04-14,C00566,South,Online,Beauty,Skin Care Set,3,47.45,0.05,16.65
ORD000456,2024-04-15,C00649,West,Store,Beauty,Hair Dryer,1,73.33,0.1,39.0
ORD001636,2024-04-15,C00771,North,Online,Home,Lamp,1,47.15,0.05,21.12
ORD001636,2024-04-15,C00771,North,Online,Fitness,Dumbbells,1,70.83,0.05,39.9
ORD002011,2024-04-15,C00373,East,Online,Home,Storage Box,1,23.63,0.05,9.36
ORD002011,2024-04-15,C00373,East,Online,Fitness,Resistance Bands,1,23.35,0.05,7.48
ORD002136,2024-04-15,C01598,South,Online,Electronics,Keyboard,1,62.76,0.05,33.8
ORD003089,2024-04-15,C01716,South,Store,Electronics,Headphones,2,86.03,0.2,49.3
ORD003397,2024-04-15,C00134,South,Online,Home,Coffee Maker,1,93.25,0.0,52.25
ORD003397,2024-04-15,C00134,South,Online,Fitness,Dumbbells,1,68.53,0.1,39.9
ORD004462,2024-04-15,C02009,West,Store,Home,Coffee Maker,4,92.68,0.05,52.25
ORD004462,2024-04-15,C02009,West,Store,Beauty,Skin Care Set,1,45.25,0.0,16.65
ORD004560,2024-04-15,C00149,South,Store,Home,Coffee Maker,2,89.87,0.15,52.25
ORD005282,2024-04-15,C00570,North,Online,Electronics,Headphones,4,84.87,0.05,49.3
ORD005762,2024-04-15,C00245,North,Online,Home,Storage Box,1,23.57,0.3,9.36
ORD005762,2024-04-15,C00245,North,Online,Electronics,Keyboard,2,64.38,0.0,33.8
ORD000790,2024-04-16,C01909,North,Store,Beauty,Makeup Kit,1,38.4,0.0,14.0
ORD000790,2024-04-16,C01909,North,Store,Fitness,Dumbbells,1,67.71,0.05,39.9
ORD002351,2024-04-16,C00304,East,Online,Home,Coffee Maker,1,91.59,0.2,52.25
ORD003651,2024-04-16,C01443,South,Store,Electronics,Headphones,2,82.56,0.1,49.3
ORD003692,2024-04-16,C01960,East,Online,Home,Coffee Maker,1,99.58,0.0,52.25
ORD003692,2024-04-16,C01960,East,Online,Home,Storage Box,2,25.71,0.0,9.36
ORD003824,2024-04-16,C00139,North,Store,Fitness,Yoga Mat,2,29.54,0.1,12.6
ORD004734,2024-04-16,C00237,East,Online,Fitness,Resistance Bands,2,22.49,0.1,7.48
ORD004734,2024-04-16,C00237,East,Online,Fitness,Yoga Mat,1,28.99,0.0,12.6
ORD004994,2024-04-16,C00025,South,Online,Fitness,Yoga Mat,1,28.22,0.05,12.6
ORD005165,2024-04-16,C02095,North,Store,Fitness,Resistance Bands,1,23.47,0.15,7.48
ORD005225,2024-04-16,C00419,South,Online,Electronics,Smartwatch,2,219.58,0.0,132.3
ORD005225,2024-04-16,C00419,South,Online,Home,Storage Box,3,25.67,0.0,9.36
ORD005605,2024-04-16,C00208,West,Store,Beauty,Skin Care Set,2,44.26,0.05,16.65
ORD002078,2024-04-17,C00146,North,Marketplace,Home,Coffee Maker,1,92.22,0.05,52.25
ORD003880,2024-04-17,C01447,South,Online,Beauty,Hair Dryer,1,77.16,0.2,39.0
ORD004726,2024-04-17,C00507,South,Online,Beauty,Hair Dryer,2,77.87,0.0,39.0
ORD004726,2024-04-17,C00507,South,Online,Beauty,Skin Care Set,1,42.45,0.2,16.65
ORD004782,2024-04-17,C01732,East,Online,Fitness,Yoga Mat,2,28.21,0.3,12.6
ORD004782,2024-04-17,C01732,East,Online,Home,Storage Box,4,23.59,0.05,9.36
ORD000122,2024-04-18,C00058,North,Online,Fitness,Dumbbells,2,71.41,0.1,39.9
ORD000359,2024-04-18,C00322,South,Online,Home,Storage Box,3,24.47,0.0,9.36
ORD001022,2024-04-18,C00296,East,Online,Fitness,Yoga Mat,3,31.08,0.1,12.6
ORD001022,2024-04-18,C00296,East,Online,Home,Storage Box,2,23.55,0.0,9.36
ORD000209,2024-04-19,C00209,South,Online,Fitness,Dumbbells,1,70.84,0.3,39.9
ORD000254,2024-04-19,C01307,East,Store,Fitness,Yoga Mat,3,30.34,0.0,12.6
ORD000254,2024-04-19,C01307,East,Store,Home,Coffee Maker,2,94.88,0.05,52.25
ORD000330,2024-04-19,C00562,South,Store,Home,Coffee Maker,4,96.44,0.3,52.25
ORD001465,2024-04-19,C01350,South,Online,Electronics,Headphones,3,90.48,0.05,49.3
ORD001939,2024-04-19,C00397,South,Online,Home,Coffee Maker,2,92.5,0.0,52.25
ORD002862,2024-04-19,C00078,North,Store,Home,Lamp,1,48.58,0.0,21.12
ORD002862,2024-04-19,C00078,North,Store,Beauty,Hair Dryer,1,77.0,0.15,39.0
ORD004865,2024-04-19,C02125,North,Online,Fitness,Dumbbells,2,74.18,0.1,39.9
ORD004865,2024-04-19,C02125,North,Online,Electronics,Keyboard,1,63.74,0.0,33.8
ORD000035,2024-04-20,C02167,North,Store,Fitness,Dumbbells,2,70.53,0.0,39.9
ORD000035,2024-04-20,C02167,North,Store,Home,Storage Box,1,22.84,0.0,9.36
ORD000185,2024-04-20,C00139,North,Store,Beauty,Skin Care Set,3,43.01,0.0,16.65
ORD000526,2024-04-20,C00245,East,Marketplace,Electronics,Smartwatch,4,218.38,0.15,132.3
ORD000526,2024-04-20,C00245,East,Marketplace,Fitness,Dumbbells,1,69.15,0.05,39.9
ORD002167,2024-04-20,C00543,North,Store,Beauty,Skin Care Set,2,45.39,0.1,16.65
ORD002821,2024-04-20,C01845,East,Online,Home,Lamp,1,46.49,0.1,21.12
ORD002821,2024-04-20,C01845,East,Online,Fitness,Dumbbells,1,69.26,0.0,39.9
ORD002950,2024-04-20,C01468,North,Online,Beauty,Skin Care Set,2,46.81,0.1,16.65
ORD003420,2024-04-20,C00318,North,Online,Fitness,Resistance Bands,2,22.6,0.2,7.48
ORD003420,2024-04-20,C00318,North,Online,Electronics,Keyboard,1,61.99,0.1,33.8
ORD004372,2024-04-20,C00378,North,Store,Fitness,Dumbbells,1,72.8,0.1,39.9
ORD004372,2024-04-20,C00378,North,Store,Fitness,Resistance Bands,2,22.33,0.3,7.48
ORD004424,2024-04-20,C00074,North,Store,Beauty,Skin Care Set,2,44.88,0.0,16.65
ORD004500,2024-04-20,C00586,West,Online,Home,Coffee Maker,1,95.14,0.0,52.25
ORD004500,2024-04-20,C00586,West,Online,Electronics,Smartwatch,4,203.94,0.0,132.3
ORD005889,2024-04-20,C00478,West,Marketplace,Beauty,Makeup Kit,1,39.85,0.3,14.0
ORD000249,2024-04-21,C00545,East,Online,Home,Coffee Maker,2,93.54,0.05,52.25
ORD000249,2024-04-21,C00545,East,Online,Home,Coffee Maker,2,95.43,0.3,52.25
ORD000603,2024-04-21,C00215,East,Online,Fitness,Dumbbells,1,72.91,0.05,39.9
ORD000603,2024-04-21,C00215,East,Online,Home,Coffee Maker,2,98.5,0.1,52.25
ORD000722,2024-04-21,C01987,South,Online,Home,Coffee Maker,1,95.37,0.05,52.25
ORD000722,2024-04-21,C01987,South,Online,Fitness,Resistance Bands,3,21.43,0.0,7.48
ORD001605,2024-04-21,C00555,West,Marketplace,Home,Coffee Maker,4,98.93,0.05,52.25
ORD004759,2024-04-21,C00334,South,Online,Home,Lamp,1,48.39,0.15,21.12
ORD004759,2024-04-21,C00334,South,Online,Beauty,Makeup Kit,2,38.0,0.0,14.0
ORD004902,2024-04-21,C01268,South,Store,Fitness,Resistance Bands,3,21.18,0.0,7.48
ORD005048,2024-04-21,C01324,South,Marketplace,Home,Lamp,1,47.31,0.0,21.12
ORD000193,2024-04-22,C00526,West,Store,Electronics,Headphones,1,87.28,0.15,49.3
ORD001865,2024-04-22,C00161,North,Online,Home,Lamp,4,46.37,0.15,21.12
ORD001865,2024-04-22,C00161,North,Online,Home,Lamp,2,46.21,0.0,21.12
ORD003088,2024-04-22,C00338,East,Store,Home,Lamp,1,45.71,0.2,21.12
ORD003673,2024-04-22,C00119,North,Store,Home,Lamp,1,48.36,0.1,21.12
ORD000067,2024-04-23,C00021,East,Online,Beauty,Makeup Kit,1,38.46,0.0,14.0
ORD000277,2024-04-23,C01632,West,Online,Home,Coffee Maker,1,96.64,0.15,52.25
ORD000567,2024-04-23,C00399,East,Online,Fitness,Yoga Mat,1,30.92,0.1,12.6
ORD000567,2024-04-23,C00399,East,Online,Electronics,Keyboard,1,62.81,0.2,33.8
ORD000729,2024-04-23,C00015,East,Store,Home,Lamp,2,46.62,0.0,21.12
ORD000729,2024-04-23,C00015,East,Store,Home,Coffee Maker,1,91.54,0.2,52.25
ORD002698,2024-04-23,C00460,South,Store,Fitness,Resistance Bands,1,20.78,0.05,7.48
ORD002698,2024-04-23,C00460,South,Store,Beauty,Makeup Kit,2,39.97,0.2,14.0
ORD002913,2024-04-23,C00478,East,Store,Fitness,Dumbbells,2,72.38,0.05,39.9
ORD003555,2024-04-23,C00362,North,Online,Beauty,Makeup Kit,1,40.95,0.15,14.0
ORD003555,2024-04-23,C00362,North,Online,Home,Lamp,3,51.27,0.1,21.12
ORD004529,2024-04-23,C00949,West,Online,Electronics,Headphones,2,80.69,0.15,49.3
ORD005459,2024-04-23,C00430,North,Online,Beauty,Hair Dryer,1,79.84,0.0,39.0
ORD005459,2024-04-23,C00430,North,Online,Fitness,Resistance Bands,1,22.9,0.1,7.48
ORD001572,2024-04-24,C00384,West,Marketplace,Home,Coffee Maker,1,89.8,0.1,52.25
ORD001572,2024-04-24,C00384,West,Marketplace,Home,Coffee Maker,1,95.44,0.0,52.25
ORD001956,2024-04-24,C00748,North,Online,Beauty,Skin Care Set,3,43.83,0.1,16.65
ORD001956,2024-04-24,C00748,North,Online,Fitness,Dumbbells,1,69.52,0.15,39.9
ORD002018,2024-04-24,C00772,North,Marketplace,Fitness,Dumbbells,2,71.13,0.05,39.9
ORD003254,2024-04-24,C00327,East,Store,Home,Coffee Maker,1,99.98,0.0,52.25
ORD003919,2024-04-24,C01092,East,Marketplace,Beauty,Hair Dryer,2,82.05,0.1,39.0
ORD003992,2024-04-24,C01524,West,Online,Beauty,Makeup Kit,1,39.18,0.1,14.0
ORD003992,2024-04-24,C01524,West,Online,Electronics,Smartwatch,2,219.54,0.0,132.3
ORD004878,2024-04-24,C00462,West,Marketplace,Electronics,Keyboard,1,63.99,0.0,33.8
ORD005222,2024-04-24,C00313,North,Store,Fitness,Dumbbells,2,69.45,0.15,39.9
ORD005222,2024-04-24,C00313,North,Store,Beauty,Hair Dryer,2,83.26,0.05,39.0
ORD005653,2024-04-24,C00442,East,Store,Electronics,Keyboard,3,68.05,0.15,33.8
ORD005653,2024-04-24,C00442,East,Store,Home,Storage Box,1,24.28,0.0,9.36
ORD005921,2024-04-24,C00940,West,Online,Electronics,Smartwatch,1,216.23,0.2,132.3
ORD001448,2024-04-25,C01595,East,Store,Home,Storage Box,1,23.38,0.05,9.36
ORD001448,2024-04-25,C01595,East,Store,Home,Lamp,1,46.62,0.05,21.12
ORD001496,2024-04-25,C00590,South,Online,Beauty,Skin Care Set,1,46.67,0.05,16.65
ORD001813,2024-04-25,C00672,North,Store,Electronics,Smartwatch,2,201.39,0.1,132.3
ORD001813,2024-04-25,C00672,North,Store,Beauty,Skin Care Set,1,42.96,0.0,16.65
ORD002398,2024-04-25,C00501,South,Online,Electronics,Headphones,1,81.33,0.0,49.3
ORD002398,2024-04-25,C00501,South,Online,Electronics,Keyboard,1,67.59,0.15,33.8
ORD002785,2024-04-25,C02191,North,Marketplace,Fitness,Dumbbells,1,68.89,0.0,39.9
ORD002785,2024-04-25,C02191,North,Marketplace,Fitness,Dumbbells,1,67.98,0.1,39.9
ORD002940,2024-04-25,C00145,West,Online,Fitness,Dumbbells,2,68.84,0.0,39.9
ORD003292,2024-04-25,C00342,East,Online,Home,Storage Box,1,24.28,0.1,9.36
ORD004469,2024-04-25,C00328,North,Online,Home,Coffee Maker,2,92.13,0.0,52.25
ORD001384,2024-04-26,C00632,East,Marketplace,Home,Storage Box,1,22.9,0.05,9.36
ORD001384,2024-04-26,C00632,East,Marketplace,Electronics,Headphones,1,85.47,0.05,49.3
ORD002767,2024-04-26,C00748,East,Online,Home,Lamp,3,46.84,0.2,21.12
ORD003366,2024-04-26,C00192,East,Online,Home,Storage Box,1,24.08,0.0,9.36
ORD003366,2024-04-26,C00192,East,Online,Home,Lamp,1,51.66,0.1,21.12
ORD004623,2024-04-26,C00613,South,Online,Beauty,Hair Dryer,2,79.88,0.1,39.0
ORD004623,2024-04-26,C00613,South,Online,Home,Lamp,2,46.92,0.05,21.12
ORD004632,2024-04-26,C00212,East,Online,Electronics,Smartwatch,1,201.75,0.0,132.3
ORD005338,2024-04-26,C00185,East,Store,Home,Coffee Maker,1,101.52,0.05,52.25
ORD005338,2024-04-26,C00185,East,Store,Home,Lamp,1,49.15,0.1,21.12
ORD000392,2024-04-27,C00276,East,Online,Electronics,Headphones,1,84.68,0.1,49.3
ORD000615,2024-04-27,C01094,East,Store,Home,Lamp,1,51.46,0.1,21.12
ORD001829,2024-04-27,C00308,South,Online,Fitness,Resistance Bands,1,20.94,0.0,7.48
ORD001829,2024-04-27,C00308,South,Online,Electronics,Headphones,3,81.48,0.2,49.3
ORD001862,2024-04-27,C00027,West,Online,Home,Storage Box,2,24.77,0.15,9.36
ORD001862,2024-04-27,C00027,West,Online,Electronics,Headphones,3,82.35,0.05,49.3
ORD002383,2024-04-27,C00218,North,Online,Beauty,Makeup Kit,1,40.04,0.05,14.0
ORD002383,2024-04-27,C00218,North,Online,Fitness,Dumbbells,1,73.71,0.0,39.9
ORD002905,2024-04-27,C00547,South,Store,Fitness,Yoga Mat,1,28.74,0.2,12.6
ORD002905,2024-04-27,C00547,South,Store,Electronics,Keyboard,1,70.14,0.0,33.8
ORD002915,2024-04-27,C01396,South,Online,Beauty,Skin Care Set,3,46.77,0.05,16.65
ORD002915,2024-04-27,C01396,South,Online,Fitness,Yoga Mat,2,32.28,0.15,12.6
ORD003192,2024-04-27,C00854,North,Online,Fitness,Yoga Mat,1,32.03,0.2,12.6
ORD005434,2024-04-27,C00615,East,Online,Fitness,Dumbbells,1,74.79,0.1,39.9
ORD005434,2024-04-27,C00615,East,Online,Electronics,Headphones,4,84.86,0.15,49.3
ORD000186,2024-04-28,C00205,West,Online,Fitness,Dumbbells,1,70.78,0.05,39.9
ORD000258,2024-04-28,C00060,East,Marketplace,Home,Storage Box,1,25.45,0.0,9.36
ORD000258,2024-04-28,C00060,East,Marketplace,Home,Storage Box,1,24.8,0.1,9.36
ORD000299,2024-04-28,C01307,North,Online,Electronics,Headphones,2,86.61,0.15,49.3
ORD000483,2024-04-28,C00260,East,Store,Electronics,Smartwatch,2,202.59,0.2,132.3
ORD001351,2024-04-28,C00459,South,Online,Home,Coffee Maker,1,100.33,0.0,52.25
ORD002294,2024-04-28,C00589,West,Store,Fitness,Yoga Mat,1,29.17,0.05,12.6
ORD002340,2024-04-28,C00331,West,Marketplace,Beauty,Skin Care Set,1,44.95,0.0,16.65
ORD002340,2024-04-28,C00331,West,Marketplace,Fitness,Resistance Bands,1,22.46,0.1,7.48
ORD002754,2024-04-28,C01697,West,Online,Electronics,Smartwatch,1,221.0,0.05,132.3
ORD002754,2024-04-28,C01697,West,Online,Fitness,Dumbbells,4,74.42,0.05,39.9
ORD004059,2024-04-28,C00764,West,Online,Home,Coffee Maker,1,101.2,0.0,52.25
ORD004059,2024-04-28,C00764,West,Online,Beauty,Hair Dryer,1,83.26,0.3,39.0
ORD004357,2024-04-28,C01324,North,Marketplace,Beauty,Hair Dryer,1,80.08,0.1,39.0
ORD004357,2024-04-28,C01324,North,Marketplace,Electronics,Smartwatch,2,216.67,0.0,132.3
ORD004432,2024-04-28,C00070,West,Online,Fitness,Yoga Mat,1,30.27,0.15,12.6
ORD004432,2024-04-28,C00070,West,Online,Electronics,Smartwatch,1,208.91,0.15,132.3
ORD004959,2024-04-28,C00280,North,Online,Fitness,Yoga Mat,1,30.01,0.05,12.6
ORD005141,2024-04-28,C00226,North,Online,Home,Lamp,4,50.81,0.1,21.12
ORD005141,2024-04-28,C00226,North,Online,Fitness,Dumbbells,1,75.25,0.05,39.9
ORD005419,2024-04-28,C00341,East,Store,Fitness,Dumbbells,2,68.97,0.0,39.9
ORD005975,2024-04-28,C01991,South,Online,Home,Lamp,2,50.17,0.0,21.12
ORD005975,2024-04-28,C01991,South,Online,Home,Storage Box,2,24.77,0.0,9.36
ORD000963,2024-04-29,C00074,South,Online,Fitness,Yoga Mat,4,28.7,0.1,12.6
ORD001039,2024-04-29,C00341,West,Marketplace,Electronics,Keyboard,1,63.36,0.0,33.8
ORD001039,2024-04-29,C00341,West,Marketplace,Beauty,Makeup Kit,1,39.86,0.1,14.0
ORD002039,2024-04-29,C01815,East,Marketplace,Beauty,Hair Dryer,1,76.15,0.15,39.0
ORD002503,2024-04-29,C00637,North,Online,Fitness,Resistance Bands,2,22.16,0.1,7.48
ORD002609,2024-04-29,C00109,East,Online,Beauty,Skin Care Set,1,45.56,0.1,16.65
ORD004177,2024-04-29,C00112,South,Store,Home,Storage Box,1,23.81,0.1,9.36
ORD004177,2024-04-29,C00112,South,Store,Home,Lamp,1,49.53,0.15,21.12
ORD004449,2024-04-29,C01810,South,Online,Electronics,Headphones,1,87.52,0.05,49.3
ORD004449,2024-04-29,C01810,South,Online,Electronics,Smartwatch,3,218.31,0.15,132.3
ORD004689,2024-04-29,C00218,South,Store,Beauty,Hair Dryer,3,78.05,0.0,39.0
ORD004689,2024-04-29,C00218,South,Store,Beauty,Makeup Kit,2,42.03,0.0,14.0
ORD005559,2024-04-29,C00045,South,Store,Fitness,Yoga Mat,1,30.78,0.1,12.6
ORD005559,2024-04-29,C00045,South,Store,Electronics,Smartwatch,1,223.23,0.3,132.3
ORD005693,2024-04-29,C01001,North,Online,Beauty,Skin Care Set,1,43.71,0.1,16.65
ORD000205,2024-04-30,C00291,West,Online,Fitness,Yoga Mat,1,29.35,0.1,12.6
ORD000205,2024-04-30,C00291,West,Online,Electronics,Keyboard,1,66.51,0.1,33.8
ORD000570,2024-04-30,C00044,East,Store,Home,Storage Box,1,24.61,0.15,9.36
ORD000570,2024-04-30,C00044,East,Store,Home,Lamp,1,47.13,0.05,21.12
ORD004077,2024-04-30,C00183,North,Store,Electronics,Keyboard,4,65.36,0.1,33.8
ORD004077,2024-04-30,C00183,North,Store,Fitness,Yoga Mat,2,32.22,0.1,12.6
ORD004695,2024-04-30,C01750,North,Online,Fitness,Dumbbells,2,72.69,0.05,39.9
ORD004695,2024-04-30,C01750,North,Online,Home,Storage Box,2,24.23,0.05,9.36
ORD005044,2024-04-30,C01251,West,Online,Beauty,Skin Care Set,3,43.99,0.05,16.65
ORD005624,2024-04-30,C01630,South,Store,Electronics,Smartwatch,1,210.25,0.0,132.3
ORD005773,2024-04-30,C01608,East,Online,Home,Coffee Maker,1,100.22,0.2,52.25
ORD005773,2024-04-30,C01608,East,Online,Beauty,Hair Dryer,1,80.0,0.05,39.0
ORD005885,2024-04-30,C01465,East,Online,Electronics,Headphones,4,88.44,0.1,49.3
ORD005908,2024-04-30,C00859,North,Online,Electronics,Smartwatch,1,206.26,0.1,132.3
ORD005908,2024-04-30,C00859,North,Online,Beauty,Makeup Kit,1,42.97,0.0,14.0
ORD000024,2024-05-01,C00249,South,Online,Electronics,Headphones,2,83.49,0.0,49.3
ORD000665,2024-05-01,C00371,North,Online,Electronics,Headphones,3,84.44,0.1,49.3
ORD000665,2024-05-01,C00371,North,Online,Beauty,Makeup Kit,3,43.13,0.0,14.0
ORD003602,2024-05-01,C00299,North,Store,Fitness,Dumbbells,1,74.67,0.1,39.9
ORD003602,2024-05-01,C00299,North,Store,Home,Coffee Maker,1,96.67,0.15,52.25
ORD003936,2024-05-01,C00519,North,Store,Beauty,Hair Dryer,1,77.87,0.0,39.0
ORD003936,2024-05-01,C00519,North,Store,Electronics,Smartwatch,2,202.41,0.05,132.3
ORD004201,2024-05-01,C00266,West,Online,Beauty,Hair Dryer,1,80.43,0.0,39.0
ORD004201,2024-05-01,C00266,West,Online,Home,Storage Box,1,24.87,0.1,9.36
ORD004309,2024-05-01,C00302,West,Online,Fitness,Yoga Mat,4,32.11,0.15,12.6
ORD004476,2024-05-01,C00441,North,Store,Home,Coffee Maker,3,92.8,0.05,52.25
ORD004476,2024-05-01,C00441,North,Store,Fitness,Yoga Mat,3,32.07,0.15,12.6
ORD004615,2024-05-01,C00525,East,Online,Fitness,Dumbbells,1,74.31,0.1,39.9
ORD005161,2024-05-01,C00667,East,Marketplace,Fitness,Dumbbells,2,67.66,0.0,39.9
ORD000801,2024-05-02,C01391,North,Online,Beauty,Skin Care Set,1,43.01,0.05,16.65
ORD003022,2024-05-02,C00212,South,Marketplace,Home,Lamp,1,49.34,0.0,21.12
ORD003022,2024-05-02,C00212,South,Marketplace,Beauty,Hair Dryer,2,74.12,0.1,39.0
ORD000087,2024-05-03,C00102,West,Online,Home,Storage Box,2,24.55,0.1,9.36
ORD000087,2024-05-03,C00102,West,Online,Home,Lamp,3,50.46,0.0,21.12
ORD001176,2024-05-03,C00691,South,Online,Electronics,Smartwatch,2,212.83,0.2,132.3
ORD001417,2024-05-03,C00193,North,Online,Electronics,Smartwatch,2,220.83,0.05,132.3
ORD002346,2024-05-03,C00178,West,Online,Fitness,Dumbbells,2,75.43,0.1,39.9
ORD002882,2024-05-03,C02049,North,Online,Home,Coffee Maker,1,92.83,0.05,52.25
ORD004620,2024-05-03,C00122,South,Online,Fitness,Dumbbells,2,67.38,0.0,39.9
ORD005806,2024-05-03,C01578,East,Online,Fitness,Yoga Mat,3,28.85,0.15,12.6
ORD001836,2024-05-04,C00694,East,Store,Home,Storage Box,1,23.86,0.0,9.36
ORD002318,2024-05-04,C00278,East,Marketplace,Home,Lamp,1,46.74,0.0,21.12
ORD002318,2024-05-04,C00278,East,Marketplace,Fitness,Resistance Bands,2,22.85,0.0,7.48
ORD004243,2024-05-04,C01456,East,Store,Beauty,Makeup Kit,1,42.96,0.0,14.0
ORD003293,2024-05-05,C00680,North,Marketplace,Fitness,Dumbbells,1,73.41,0.05,39.9
ORD003293,2024-05-05,C00680,North,Marketplace,Home,Lamp,3,49.54,0.05,21.12
ORD003580,2024-05-05,C00300,South,Store,Electronics,Keyboard,2,61.96,0.0,33.8
ORD004109,2024-05-05,C00577,North,Online,Beauty,Makeup Kit,1,42.24,0.15,14.0
ORD005364,2024-05-05,C00009,North,Online,Beauty,Hair Dryer,2,78.2,0.0,39.0
ORD000813,2024-05-06,C00173,West,Online,Electronics,Headphones,2,88.35,0.15,49.3
ORD000813,2024-05-06,C00173,West,Online,Electronics,Smartwatch,1,221.5,0.1,132.3
ORD001668,2024-05-06,C00367,West,Online,Electronics,Smartwatch,4,216.82,0.0,132.3
ORD001799,2024-05-06,C00494,South,Online,Fitness,Dumbbells,3,73.62,0.0,39.9
ORD001799,2024-05-06,C00494,South,Online,Beauty,Makeup Kit,2,39.94,0.0,14.0
ORD001874,2024-05-06,C00554,North,Online,Home,Lamp,3,45.38,0.0,21.12
ORD001874,2024-05-06,C00554,North,Online,Electronics,Keyboard,1,69.77,0.15,33.8
ORD003321,2024-05-06,C00100,West,Store,Fitness,Yoga Mat,1,31.97,0.0,12.6
ORD003533,2024-05-06,C00858,East,Online,Home,Coffee Maker,4,98.57,0.1,52.25
ORD003986,2024-05-06,C02128,North,Marketplace,Home,Lamp,1,50.05,0.1,21.12
ORD003986,2024-05-06,C02128,North,Marketplace,Home,Lamp,2,47.84,0.1,21.12
ORD004661,2024-05-06,C02038,West,Online,Home,Coffee Maker,3,91.43,0.0,52.25
ORD005136,2024-05-06,C01940,North,Online,Fitness,Dumbbells,1,71.9,0.0,39.9
ORD005136,2024-05-06,C01940,North,Online,Home,Lamp,1,50.41,0.1,21.12
ORD005170,2024-05-06,C00034,North,Online,Beauty,Hair Dryer,1,84.16,0.05,39.0
ORD005170,2024-05-06,C00034,North,Online,Electronics,Keyboard,1,66.74,0.2,33.8
ORD005492,2024-05-06,C00421,North,Online,Fitness,Resistance Bands,2,21.29,0.1,7.48
ORD005827,2024-05-06,C00174,West,Marketplace,Fitness,Resistance Bands,3,23.46,0.0,7.48
ORD005827,2024-05-06,C00174,West,Marketplace,Electronics,Smartwatch,2,212.55,0.0,132.3
ORD000364,2024-05-07,C00345,East,Online,Electronics,Headphones,1,85.07,0.3,49.3
ORD000364,2024-05-07,C00345,East,Online,Home,Coffee Maker,1,98.9,0.05,52.25
ORD000409,2024-05-07,C00565,South,Online,Fitness,Dumbbells,1,70.35,0.15,39.9
ORD000629,2024-05-07,C01828,South,Online,Home,Lamp,1,47.66,0.0,21.12
ORD000629,2024-05-07,C01828,South,Online,Fitness,Yoga Mat,1,30.34,0.05,12.6
ORD000739,2024-05-07,C00274,South,Online,Electronics,Headphones,1,83.21,0.05,49.3
ORD000739,2024-05-07,C00274,South,Online,Beauty,Hair Dryer,1,79.94,0.05,39.0
ORD000796,2024-05-07,C00598,North,Marketplace,Fitness,Resistance Bands,2,23.12,0.0,7.48
ORD000796,2024-05-07,C00598,North,Marketplace,Fitness,Resistance Bands,2,21.13,0.05,7.48
ORD000975,2024-05-07,C00071,South,Marketplace,Home,Lamp,1,51.32,0.15,21.12
ORD002180,2024-05-07,C00363,East,Store,Fitness,Dumbbells,1,72.84,0.0,39.9
ORD002568,2024-05-07,C00436,West,Online,Home,Lamp,1,51.09,0.0,21.12
ORD003093,2024-05-07,C00621,East,Online,Fitness,Resistance Bands,1,22.59,0.1,7.48
ORD003246,2024-05-07,C02114,South,Store,Electronics,Smartwatch,2,211.77,0.05,132.3
ORD003246,2024-05-07,C02114,South,Store,Home,Lamp,1,49.04,0.0,21.12
ORD003900,2024-05-07,C01561,South,Online,Beauty,Skin Care Set,1,46.67,0.3,16.65
ORD005327,2024-05-07,C00568,East,Online,Fitness,Dumbbells,1,73.39,0.2,39.9
ORD000097,2024-05-08,C00151,South,Online,Fitness,Yoga Mat,2,32.13,0.3,12.6
ORD000097,2024-05-08,C00151,South,Online,Beauty,Makeup Kit,1,40.28,0.15,14.0
ORD000755,2024-05-08,C02096,West,Marketplace,Fitness,Resistance Bands,3,22.66,0.0,7.48
ORD001527,2024-05-08,C00384,North,Store,Home,Coffee Maker,1,94.28,0.0,52.25
ORD001527,2024-05-08,C00384,North,Store,Beauty,Skin Care Set,2,45.69,0.0,16.65
ORD002109,2024-05-08,C00491,South,Online,Beauty,Makeup Kit,3,37.74,0.0,14.0
ORD002214,2024-05-08,C00551,North,Store,Electronics,Keyboard,1,64.66,0.0,33.8
ORD002214,2024-05-08,C00551,North,Store,Electronics,Smartwatch,2,201.38,0.1,132.3
ORD002711,2024-05-08,C00022,South,Online,Electronics,Smartwatch,1,210.04,0.05,132.3
ORD002980,2024-05-08,C00561,South,Store,Fitness,Dumbbells,1,74.82,0.1,39.9
ORD002980,2024-05-08,C00561,South,Store,Beauty,Skin Care Set,2,48.51,0.0,16.65
ORD003146,2024-05-08,C00596,West,Store,Fitness,Yoga Mat,1,29.67,0.05,12.6
ORD003146,2024-05-08,C00596,West,Store,Fitness,Yoga Mat,1,29.97,0.15,12.6
ORD004020,2024-05-08,C00244,North,Online,Fitness,Dumbbells,1,72.35,0.0,39.9
ORD004069,2024-05-08,C01062,South,Online,Electronics,Smartwatch,2,224.93,0.0,132.3
ORD005016,2024-05-08,C00793,East,Store,Home,Lamp,2,45.58,0.0,21.12
ORD005016,2024-05-08,C00793,East,Store,Electronics,Keyboard,1,66.87,0.05,33.8
ORD005300,2024-05-08,C01870,South,Online,Home,Coffee Maker,1,102.06,0.0,52.25
ORD005484,2024-05-08,C00546,North,Online,Home,Lamp,1,50.61,0.0,21.12
ORD005484,2024-05-08,C00546,North,Online,Electronics,Headphones,1,85.32,0.05,49.3
ORD000175,2024-05-09,C00228,West,Marketplace,Electronics,Smartwatch,1,223.1,0.0,132.3
ORD000470,2024-05-09,C00766,West,Store,Electronics,Smartwatch,1,206.7,0.0,132.3
ORD001371,2024-05-09,C00536,East,Store,Fitness,Dumbbells,1,72.13,0.1,39.9
ORD001534,2024-05-09,C00630,North,Marketplace,Fitness,Resistance Bands,1,20.88,0.2,7.48
ORD001830,2024-05-09,C00411,South,Online,Fitness,Resistance Bands,1,23.14,0.0,7.48
ORD001830,2024-05-09,C00411,South,Online,Electronics,Headphones,1,86.73,0.1,49.3
ORD002065,2024-05-09,C00163,East,Store,Fitness,Yoga Mat,3,29.73,0.15,12.6
ORD002065,2024-05-09,C00163,East,Store,Electronics,Headphones,1,81.9,0.05,49.3
ORD002455,2024-05-09,C00662,East,Online,Electronics,Headphones,1,88.6,0.05,49.3
ORD002455,2024-05-09,C00662,East,Online,Electronics,Headphones,2,90.24,0.0,49.3
ORD002512,2024-05-09,C00315,East,Store,Beauty,Makeup Kit,2,42.52,0.0,14.0
ORD003034,2024-05-09,C01817,South,Online,Beauty,Hair Dryer,2,78.57,0.0,39.0
ORD003034,2024-05-09,C01817,South,Online,Electronics,Keyboard,2,68.62,0.15,33.8
ORD005127,2024-05-09,C00548,East,Online,Beauty,Makeup Kit,1,42.82,0.0,14.0
ORD005127,2024-05-09,C00548,East,Online,Beauty,Makeup Kit,1,42.65,0.0,14.0
ORD005451,2024-05-09,C00106,East,Online,Home,Storage Box,1,22.62,0.0,9.36
ORD005451,2024-05-09,C00106,East,Online,Beauty,Hair Dryer,1,75.77,0.1,39.0
ORD000482,2024-05-10,C00415,South,Online,Electronics,Keyboard,1,63.13,0.0,33.8
ORD000666,2024-05-10,C01832,North,Store,Fitness,Resistance Bands,1,23.2,0.1,7.48
ORD001499,2024-05-10,C00152,North,Online,Electronics,Keyboard,2,63.11,0.1,33.8
ORD001499,2024-05-10,C00152,North,Online,Electronics,Headphones,1,84.0,0.05,49.3
ORD001801,2024-05-10,C00675,West,Store,Fitness,Resistance Bands,2,22.36,0.0,7.48
ORD001801,2024-05-10,C00675,West,Store,Fitness,Dumbbells,1,72.16,0.2,39.9
ORD002324,2024-05-10,C00261,West,Store,Home,Lamp,3,47.23,0.05,21.12
ORD002454,2024-05-10,C00383,North,Online,Fitness,Yoga Mat,2,28.4,0.0,12.6
ORD002584,2024-05-10,C00172,North,Online,Home,Storage Box,1,25.27,0.2,9.36
ORD003766,2024-05-10,C00042,North,Online,Home,Lamp,1,50.96,0.0,21.12
ORD004207,2024-05-10,C00113,South,Online,Home,Storage Box,2,24.66,0.3,9.36
ORD004965,2024-05-10,C00355,West,Online,Electronics,Headphones,1,81.07,0.05,49.3
ORD005879,2024-05-10,C00273,South,Online,Fitness,Dumbbells,2,68.59,0.1,39.9
ORD000032,2024-05-11,C00978,North,Online,Fitness,Resistance Bands,1,21.7,0.0,7.48
ORD000293,2024-05-11,C00434,West,Online,Beauty,Makeup Kit,3,39.8,0.05,14.0
ORD000306,2024-05-11,C01283,North,Online,Home,Storage Box,1,23.77,0.1,9.36
ORD000885,2024-05-11,C01812,East,Marketplace,Beauty,Skin Care Set,1,43.18,0.15,16.65
ORD000885,2024-05-11,C01812,East,Marketplace,Electronics,Headphones,1,85.2,0.05,49.3
ORD001076,2024-05-11,C00526,East,Store,Home,Storage Box,2,25.72,0.05,9.36
ORD001767,2024-05-11,C00603,South,Store,Home,Coffee Maker,3,99.12,0.15,52.25
ORD002158,2024-05-11,C00448,West,Store,Fitness,Yoga Mat,2,29.02,0.05,12.6
ORD002158,2024-05-11,C00448,West,Store,Electronics,Keyboard,1,64.22,0.05,33.8
ORD002627,2024-05-11,C00509,North,Online,Beauty,Hair Dryer,2,73.89,0.15,39.0
ORD002627,2024-05-11,C00509,North,Online,Beauty,Makeup Kit,1,41.22,0.0,14.0
ORD003348,2024-05-11,C01565,North,Online,Beauty,Hair Dryer,1,75.65,0.05,39.0
ORD003348,2024-05-11,C01565,North,Online,Home,Coffee Maker,1,94.87,0.1,52.25
ORD005685,2024-05-11,C00557,North,Online,Beauty,Hair Dryer,1,82.22,0.0,39.0
ORD005685,2024-05-11,C00557,North,Online,Electronics,Keyboard,1,68.5,0.05,33.8
ORD000382,2024-05-12,C00111,East,Online,Beauty,Makeup Kit,1,40.22,0.05,14.0
ORD001010,2024-05-12,C00291,South,Store,Electronics,Smartwatch,1,213.49,0.0,132.3
ORD001010,2024-05-12,C00291,South,Store,Beauty,Skin Care Set,3,47.52,0.0,16.65
ORD001659,2024-05-12,C00063,East,Online,Fitness,Yoga Mat,1,28.73,0.15,12.6
ORD001659,2024-05-12,C00063,East,Online,Beauty,Makeup Kit,1,42.37,0.15,14.0
ORD002341,2024-05-12,C01648,North,Online,Home,Coffee Maker,2,89.36,0.05,52.25
ORD002461,2024-05-12,C00036,East,Online,Electronics,Headphones,3,80.45,0.0,49.3
ORD004453,2024-05-12,C01619,North,Marketplace,Beauty,Hair Dryer,1,74.35,0.1,39.0
ORD005607,2024-05-12,C00125,South,Online,Home,Storage Box,2,22.99,0.0,9.36
ORD000239,2024-05-13,C00274,West,Online,Electronics,Smartwatch,4,211.57,0.1,132.3
ORD000239,2024-05-13,C00274,West,Online,Home,Lamp,2,46.22,0.1,21.12
ORD002794,2024-05-13,C00448,South,Store,Electronics,Keyboard,3,63.38,0.0,33.8
ORD002794,2024-05-13,C00448,South,Store,Beauty,Makeup Kit,2,42.23,0.0,14.0
ORD003069,2024-05-13,C00313,South,Online,Electronics,Keyboard,1,62.65,0.0,33.8
ORD003069,2024-05-13,C00313,South,Online,Fitness,Resistance Bands,3,21.12,0.05,7.48
ORD003412,2024-05-13,C00066,East,Store,Electronics,Smartwatch,4,199.8,0.0,132.3
ORD005061,2024-05-13,C00237,North,Store,Home,Coffee Maker,2,97.36,0.2,52.25
ORD000384,2024-05-14,C00924,North,Online,Electronics,Smartwatch,1,201.25,0.0,132.3
ORD003099,2024-05-14,C00101,East,Online,Electronics,Smartwatch,2,222.91,0.05,132.3
ORD003220,2024-05-14,C00682,West,Online,Beauty,Makeup Kit,3,40.77,0.0,14.0
ORD003220,2024-05-14,C00682,West,Online,Fitness,Yoga Mat,1,29.21,0.05,12.6
ORD003600,2024-05-14,C00636,East,Online,Beauty,Skin Care Set,3,48.18,0.15,16.65
ORD003600,2024-05-14,C00636,East,Online,Home,Lamp,1,49.41,0.05,21.12
ORD003794,2024-05-14,C00055,North,Store,Electronics,Keyboard,4,69.75,0.0,33.8
ORD005563,2024-05-14,C00506,East,Store,Home,Lamp,1,50.8,0.15,21.12
ORD005671,2024-05-14,C00482,West,Online,Electronics,Keyboard,2,65.4,0.0,33.8
ORD001011,2024-05-15,C00014,West,Store,Fitness,Resistance Bands,1,23.62,0.05,7.48
ORD001213,2024-05-15,C00307,East,Store,Beauty,Hair Dryer,2,76.59,0.15,39.0
ORD001213,2024-05-15,C00307,East,Store,Home,Lamp,1,50.09,0.0,21.12
ORD003032,2024-05-15,C00004,West,Online,Electronics,Headphones,2,83.47,0.05,49.3
ORD003032,2024-05-15,C00004,West,Online,Home,Storage Box,3,22.84,0.1,9.36
ORD004517,2024-05-15,C00247,North,Online,Electronics,Smartwatch,2,199.85,0.05,132.3
ORD004517,2024-05-15,C00247,North,Online,Electronics,Keyboard,2,63.64,0.0,33.8
ORD005150,2024-05-15,C00451,West,Store,Beauty,Skin Care Set,1,46.45,0.05,16.65
ORD005150,2024-05-15,C00451,West,Store,Fitness,Yoga Mat,2,32.16,0.05,12.6
ORD005269,2024-05-15,C00641,North,Store,Electronics,Keyboard,2,64.12,0.1,33.8
ORD005269,2024-05-15,C00641,North,Store,Fitness,Resistance Bands,1,23.31,0.15,7.48
ORD001831,2024-05-16,C00323,North,Online,Electronics,Keyboard,2,63.53,0.05,33.8
ORD001881,2024-05-16,C00106,East,Marketplace,Fitness,Resistance Bands,2,23.76,0.1,7.48
ORD001881,2024-05-16,C00106,East,Marketplace,Fitness,Resistance Bands,3,21.01,0.0,7.48
ORD002156,2024-05-16,C00985,North,Marketplace,Electronics,Smartwatch,1,216.3,0.2,132.3
ORD002156,2024-05-16,C00985,North,Marketplace,Fitness,Yoga Mat,2,28.68,0.05,12.6
ORD003253,2024-05-16,C00101,West,Store,Beauty,Skin Care Set,1,43.67,0.2,16.65
ORD003253,2024-05-16,C00101,West,Store,Beauty,Makeup Kit,1,39.97,0.0,14.0
ORD005148,2024-05-16,C00087,South,Store,Beauty,Makeup Kit,1,39.81,0.0,14.0
ORD005148,2024-05-16,C00087,South,Store,Home,Storage Box,2,25.7,0.1,9.36
ORD005675,2024-05-16,C01578,North,Store,Beauty,Skin Care Set,1,46.93,0.0,16.65
ORD005675,2024-05-16,C01578,North,Store,Electronics,Headphones,4,85.85,0.1,49.3
ORD001812,2024-05-17,C01178,West,Store,Beauty,Makeup Kit,1,38.8,0.1,14.0
ORD004828,2024-05-17,C00427,West,Store,Fitness,Dumbbells,2,69.84,0.05,39.9
ORD005877,2024-05-17,C00539,East,Marketplace,Fitness,Resistance Bands,3,22.03,0.1,7.48
ORD005877,2024-05-17,C00539,East,Marketplace,Home,Coffee Maker,2,97.98,0.3,52.25
ORD000377,2024-05-18,C00414,South,Online,Home,Coffee Maker,2,99.42,0.2,52.25
ORD000377,2024-05-18,C00414,South,Online,Beauty,Makeup Kit,1,38.58,0.0,14.0
ORD002326,2024-05-18,C00526,North,Store,Beauty,Makeup Kit,2,42.49,0.1,14.0
ORD003353,2024-05-18,C00001,South,Online,Electronics,Keyboard,1,68.97,0.0,33.8
ORD003353,2024-05-18,C00001,South,Online,Beauty,Makeup Kit,1,40.12,0.15,14.0
ORD003474,2024-05-18,C00370,South,Online,Fitness,Yoga Mat,1,30.07,0.15,12.6
ORD003474,2024-05-18,C00370,South,Online,Beauty,Hair Dryer,1,75.04,0.0,39.0
ORD003872,2024-05-18,C00284,West,Marketplace,Home,Coffee Maker,1,99.62,0.05,52.25
ORD003872,2024-05-18,C00284,West,Marketplace,Beauty,Skin Care Set,1,47.46,0.0,16.65
ORD004386,2024-05-18,C00696,West,Store,Home,Coffee Maker,3,89.98,0.0,52.25
ORD004751,2024-05-18,C00085,North,Marketplace,Fitness,Resistance Bands,3,21.39,0.0,7.48
ORD004751,2024-05-18,C00085,North,Marketplace,Beauty,Hair Dryer,2,77.12,0.0,39.0
ORD004953,2024-05-18,C00608,South,Online,Home,Coffee Maker,1,90.6,0.0,52.25
ORD005765,2024-05-18,C00583,North,Online,Home,Coffee Maker,3,93.95,0.05,52.25
ORD002164,2024-05-19,C00145,West,Online,Fitness,Dumbbells,1,68.95,0.0,39.9
ORD003632,2024-05-19,C02096,East,Store,Fitness,Dumbbells,3,70.43,0.0,39.9
ORD004538,2024-05-19,C00128,South,Online,Electronics,Headphones,1,80.85,0.0,49.3
ORD004538,2024-05-19,C00128,South,Online,Fitness,Resistance Bands,2,23.09,0.05,7.48
ORD005146,2024-05-19,C01897,East,Online,Electronics,Smartwatch,1,215.68,0.05,132.3
ORD005602,2024-05-19,C00309,East,Online,Home,Coffee Maker,1,97.35,0.05,52.25
ORD005602,2024-05-19,C00309,East,Online,Fitness,Dumbbells,2,68.68,0.05,39.9
ORD000410,2024-05-20,C00029,South,Online,Home,Lamp,2,51.22,0.1,21.12
ORD000410,2024-05-20,C00029,South,Online,Home,Storage Box,1,23.45,0.1,9.36
ORD001053,2024-05-20,C01543,West,Online,Home,Lamp,1,49.72,0.0,21.12
ORD001053,2024-05-20,C01543,West,Online,Beauty,Skin Care Set,1,42.39,0.2,16.65
ORD001679,2024-05-20,C00336,South,Online,Home,Storage Box,1,25.31,0.05,9.36
ORD001679,2024-05-20,C00336,South,Online,Fitness,Dumbbells,1,68.54,0.15,39.9
ORD002269,2024-05-20,C01327,North,Marketplace,Electronics,Headphones,3,89.83,0.15,49.3
ORD002493,2024-05-20,C00577,North,Online,Electronics,Smartwatch,1,201.35,0.0,132.3
ORD002493,2024-05-20,C00577,North,Online,Fitness,Yoga Mat,1,29.61,0.05,12.6
ORD002912,2024-05-20,C00077,North,Store,Fitness,Resistance Bands,4,21.32,0.1,7.48
ORD004371,2024-05-20,C00913,West,Online,Beauty,Skin Care Set,1,43.82,0.1,16.65
ORD004445,2024-05-20,C00101,East,Online,Home,Lamp,2,47.85,0.05,21.12
ORD004991,2024-05-20,C00025,North,Online,Fitness,Resistance Bands,2,22.67,0.0,7.48
ORD000371,2024-05-21,C00367,East,Marketplace,Home,Lamp,1,49.36,0.0,21.12
ORD000371,2024-05-21,C00367,East,Marketplace,Home,Storage Box,2,24.79,0.05,9.36
ORD003203,2024-05-21,C00612,South,Online,Electronics,Headphones,1,79.93,0.0,49.3
ORD004408,2024-05-21,C00490,West,Online,Electronics,Headphones,1,87.1,0.0,49.3
ORD004408,2024-05-21,C00490,West,Online,Fitness,Dumbbells,1,68.37,0.1,39.9
ORD005039,2024-05-21,C00322,West,Online,Home,Coffee Maker,1,90.01,0.0,52.25
ORD005039,2024-05-21,C00322,West,Online,Home,Coffee Maker,1,96.45,0.05,52.25
ORD005612,2024-05-21,C01349,North,Store,Home,Lamp,3,45.52,0.1,21.12
ORD005612,2024-05-21,C01349,North,Store,Fitness,Resistance Bands,2,23.6,0.0,7.48
ORD005988,2024-05-21,C00531,West,Store,Electronics,Headphones,1,83.68,0.0,49.3
ORD000354,2024-05-22,C00504,West,Marketplace,Home,Coffee Maker,1,90.49,0.0,52.25
ORD000941,2024-05-22,C00493,East,Online,Home,Lamp,1,45.98,0.15,21.12
ORD000941,2024-05-22,C00493,East,Online,Electronics,Headphones,1,88.21,0.0,49.3
ORD001576,2024-05-22,C01593,West,Marketplace,Electronics,Smartwatch,4,212.24,0.0,132.3
ORD001576,2024-05-22,C01593,West,Marketplace,Home,Lamp,3,47.37,0.2,21.12
ORD003269,2024-05-22,C00115,East,Online,Beauty,Skin Care Set,1,44.71,0.2,16.65
ORD003278,2024-05-22,C01651,East,Online,Home,Lamp,1,47.52,0.1,21.12
ORD003278,2024-05-22,C01651,East,Online,Home,Storage Box,2,25.46,0.2,9.36
ORD003798,2024-05-22,C00099,East,Online,Electronics,Smartwatch,1,200.88,0.05,132.3
ORD000391,2024-05-23,C00658,East,Online,Beauty,Hair Dryer,4,82.58,0.0,39.0
ORD000391,2024-05-23,C00658,East,Online,Electronics,Smartwatch,3,223.06,0.05,132.3
ORD002605,2024-05-23,C01367,East,Store,Fitness,Dumbbells,3,69.69,0.05,39.9
ORD003424,2024-05-23,C01226,West,Online,Electronics,Headphones,1,89.21,0.1,49.3
ORD003820,2024-05-23,C00912,West,Online,Beauty,Skin Care Set,1,46.78,0.05,16.65
ORD003875,2024-05-23,C00488,South,Online,Home,Lamp,1,48.7,0.05,21.12
ORD003875,2024-05-23,C00488,South,Online,Home,Storage Box,1,25.25,0.1,9.36
ORD004303,2024-05-23,C00395,North,Online,Fitness,Yoga Mat,1,30.16,0.0,12.6
ORD004303,2024-05-23,C00395,North,Online,Home,Lamp,1,47.31,0.1,21.12
ORD004497,2024-05-23,C01901,North,Online,Beauty,Skin Care Set,3,42.35,0.1,16.65
ORD004497,2024-05-23,C01901,North,Online,Beauty,Makeup Kit,2,39.82,0.2,14.0
ORD004916,2024-05-23,C00342,North,Online,Fitness,Yoga Mat,4,30.89,0.15,12.6
ORD004916,2024-05-23,C00342,North,Online,Beauty,Skin Care Set,1,44.44,0.05,16.65
ORD005200,2024-05-23,C01922,North,Marketplace,Beauty,Hair Dryer,2,78.65,0.0,39.0
ORD005200,2024-05-23,C01922,North,Marketplace,Electronics,Smartwatch,1,215.83,0.05,132.3
ORD000596,2024-05-24,C01610,West,Store,Electronics,Headphones,1,82.97,0.05,49.3
ORD000596,2024-05-24,C01610,West,Store,Beauty,Skin Care Set,2,43.08,0.0,16.65
ORD000758,2024-05-24,C01737,East,Online,Electronics,Headphones,1,82.47,0.0,49.3
ORD001602,2024-05-24,C00244,East,Store,Fitness,Dumbbells,2,71.69,0.05,39.9
ORD003373,2024-05-24,C02132,West,Online,Fitness,Resistance Bands,1,20.87,0.2,7.48
ORD003373,2024-05-24,C02132,West,Online,Home,Coffee Maker,1,97.7,0.15,52.25
ORD003658,2024-05-24,C00687,West,Online,Beauty,Skin Care Set,3,47.89,0.15,16.65
ORD003658,2024-05-24,C00687,West,Online,Home,Lamp,1,46.66,0.1,21.12
ORD004115,2024-05-24,C00247,North,Online,Fitness,Dumbbells,1,75.47,0.15,39.9
ORD004115,2024-05-24,C00247,North,Online,Electronics,Headphones,1,83.18,0.0,49.3
ORD004330,2024-05-24,C00438,West,Store,Electronics,Headphones,1,82.34,0.15,49.3
ORD005641,2024-05-24,C01278,East,Marketplace,Electronics,Headphones,1,85.85,0.1,49.3
ORD005641,2024-05-24,C01278,East,Marketplace,Home,Lamp,1,45.46,0.15,21.12
ORD000341,2024-05-25,C00271,South,Online,Home,Lamp,4,50.56,0.0,21.12
ORD002003,2024-05-25,C02129,North,Online,Home,Lamp,2,51.52,0.1,21.12
ORD002459,2024-05-25,C00557,East,Online,Beauty,Hair Dryer,1,73.38,0.1,39.0
ORD003178,2024-05-25,C01546,South,Online,Beauty,Makeup Kit,2,40.47,0.05,14.0
ORD004006,2024-05-25,C00144,North,Online,Beauty,Hair Dryer,1,79.07,0.0,39.0
ORD004896,2024-05-25,C00416,East,Store,Home,Lamp,2,48.52,0.1,21.12
ORD004896,2024-05-25,C00416,East,Store,Electronics,Keyboard,1,67.52,0.05,33.8
ORD005519,2024-05-25,C00061,East,Marketplace,Home,Storage Box,2,25.6,0.0,9.36
ORD000350,2024-05-26,C01643,North,Online,Fitness,Resistance Bands,2,23.35,0.0,7.48
ORD000493,2024-05-26,C01966,South,Online,Fitness,Resistance Bands,2,21.42,0.05,7.48
ORD000493,2024-05-26,C01966,South,Online,Home,Coffee Maker,1,101.62,0.1,52.25
ORD000696,2024-05-26,C01325,North,Store,Fitness,Yoga Mat,1,31.11,0.05,12.6
ORD000696,2024-05-26,C01325,North,Store,Fitness,Yoga Mat,2,28.32,0.0,12.6
ORD000833,2024-05-26,C00118,South,Online,Beauty,Skin Care Set,2,44.54,0.05,16.65
ORD001165,2024-05-26,C00175,East,Store,Home,Coffee Maker,1,99.98,0.15,52.25
ORD001165,2024-05-26,C00175,East,Store,Electronics,Headphones,1,81.38,0.15,49.3
ORD001230,2024-05-26,C00169,East,Marketplace,Electronics,Headphones,1,82.53,0.05,49.3
ORD001662,2024-05-26,C00609,South,Online,Fitness,Resistance Bands,2,22.66,0.0,7.48
ORD001662,2024-05-26,C00609,South,Online,Beauty,Hair Dryer,2,75.52,0.0,39.0
ORD002372,2024-05-26,C01821,East,Marketplace,Electronics,Smartwatch,2,203.32,0.0,132.3
ORD002712,2024-05-26,C00620,East,Marketplace,Electronics,Keyboard,1,67.38,0.0,33.8
ORD002712,2024-05-26,C00620,East,Marketplace,Electronics,Keyboard,1,66.66,0.1,33.8
ORD003028,2024-05-26,C00072,South,Store,Fitness,Resistance Bands,1,22.94,0.0,7.48
ORD003572,2024-05-26,C00296,South,Online,Home,Storage Box,2,25.63,0.1,9.36
ORD003572,2024-05-26,C00296,South,Online,Beauty,Makeup Kit,4,42.54,0.0,14.0
ORD003599,2024-05-26,C00516,West,Online,Beauty,Hair Dryer,1,79.57,0.1,39.0
ORD003599,2024-05-26,C00516,West,Online,Home,Storage Box,3,25.17,0.15,9.36
ORD005903,2024-05-26,C00146,North,Online,Fitness,Dumbbells,1,68.74,0.0,39.9
ORD005903,2024-05-26,C00146,North,Online,Home,Storage Box,1,25.19,0.0,9.36
ORD001532,2024-05-27,C00576,West,Online,Home,Lamp,2,47.89,0.05,21.12
ORD001532,2024-05-27,C00576,West,Online,Fitness,Resistance Bands,1,21.87,0.0,7.48
ORD001703,2024-05-27,C00697,North,Online,Electronics,Smartwatch,1,218.65,0.2,132.3
ORD002153,2024-05-27,C00176,North,Online,Beauty,Skin Care Set,2,48.52,0.05,16.65
ORD002204,2024-05-27,C01392,West,Online,Home,Lamp,2,45.28,0.05,21.12
ORD002204,2024-05-27,C01392,West,Online,Beauty,Makeup Kit,3,42.69,0.2,14.0
ORD002946,2024-05-27,C00633,East,Online,Electronics,Smartwatch,2,207.44,0.0,132.3
ORD002946,2024-05-27,C00633,East,Online,Home,Coffee Maker,1,92.31,0.0,52.25
ORD003038,2024-05-27,C00869,East,Store,Electronics,Keyboard,3,61.43,0.05,33.8
ORD003038,2024-05-27,C00869,East,Store,Home,Coffee Maker,1,100.21,0.05,52.25
ORD003167,2024-05-27,C00393,North,Online,Electronics,Keyboard,1,68.02,0.15,33.8
ORD003372,2024-05-27,C01378,South,Online,Fitness,Yoga Mat,1,32.18,0.0,12.6
ORD003552,2024-05-27,C00557,South,Store,Fitness,Yoga Mat,2,31.3,0.0,12.6
ORD003895,2024-05-27,C00054,East,Online,Beauty,Skin Care Set,1,48.36,0.05,16.65
ORD005145,2024-05-27,C00185,East,Store,Beauty,Skin Care Set,1,47.21,0.1,16.65
ORD005145,2024-05-27,C00185,East,Store,Home,Coffee Maker,4,93.76,0.1,52.25
ORD005516,2024-05-27,C00310,South,Online,Beauty,Hair Dryer,1,76.41,0.0,39.0
ORD005850,2024-05-27,C00887,West,Online,Electronics,Headphones,1,82.73,0.1,49.3
ORD000598,2024-05-28,C00573,North,Online,Home,Coffee Maker,1,96.69,0.1,52.25
ORD000899,2024-05-28,C00587,South,Online,Fitness,Resistance Bands,2,23.65,0.05,7.48
ORD002565,2024-05-28,C00077,West,Store,Beauty,Hair Dryer,1,81.9,0.1,39.0
ORD003171,2024-05-28,C00446,West,Online,Fitness,Yoga Mat,1,31.94,0.0,12.6
ORD003751,2024-05-28,C00609,North,Marketplace,Electronics,Smartwatch,1,218.32,0.1,132.3
ORD003751,2024-05-28,C00609,North,Marketplace,Electronics,Headphones,1,89.91,0.3,49.3
ORD003822,2024-05-28,C00836,East,Store,Fitness,Yoga Mat,1,30.24,0.05,12.6
ORD003822,2024-05-28,C00836,East,Store,Electronics,Keyboard,1,62.65,0.05,33.8
ORD004150,2024-05-28,C00271,West,Store,Fitness,Yoga Mat,1,29.74,0.05,12.6
ORD004150,2024-05-28,C00271,West,Store,Electronics,Headphones,2,81.31,0.05,49.3
ORD001223,2024-05-29,C01888,North,Online,Home,Coffee Maker,1,97.75,0.15,52.25
ORD001475,2024-05-29,C00443,East,Online,Beauty,Hair Dryer,2,75.76,0.1,39.0
ORD001633,2024-05-29,C00862,North,Online,Fitness,Dumbbells,2,70.4,0.05,39.9
ORD002146,2024-05-29,C00121,South,Online,Electronics,Keyboard,1,61.31,0.1,33.8
ORD002146,2024-05-29,C00121,South,Online,Beauty,Hair Dryer,1,80.11,0.05,39.0
ORD002456,2024-05-29,C00442,North,Online,Electronics,Smartwatch,2,210.36,0.0,132.3
ORD002677,2024-05-29,C00052,West,Online,Beauty,Skin Care Set,1,47.8,0.0,16.65
ORD002677,2024-05-29,C00052,West,Online,Beauty,Makeup Kit,3,43.12,0.1,14.0
ORD003573,2024-05-29,C00401,West,Store,Beauty,Hair Dryer,2,81.15,0.0,39.0
ORD001136,2024-05-30,C00670,West,Online,Beauty,Makeup Kit,1,41.66,0.05,14.0
ORD001315,2024-05-30,C00585,South,Store,Beauty,Skin Care Set,2,44.85,0.1,16.65
ORD002580,2024-05-30,C00560,South,Store,Beauty,Makeup Kit,1,41.02,0.05,14.0
ORD002580,2024-05-30,C00560,South,Store,Fitness,Resistance Bands,2,23.36,0.15,7.48
ORD003024,2024-05-30,C00094,West,Online,Beauty,Makeup Kit,1,39.77,0.0,14.0
ORD003234,2024-05-30,C01669,South,Online,Fitness,Resistance Bands,2,22.23,0.05,7.48
ORD003234,2024-05-30,C01669,South,Online,Beauty,Skin Care Set,2,44.09,0.1,16.65
ORD003576,2024-05-30,C01675,East,Store,Home,Coffee Maker,1,96.38,0.0,52.25
ORD003576,2024-05-30,C01675,East,Store,Electronics,Keyboard,1,66.17,0.0,33.8
ORD003979,2024-05-30,C00302,North,Store,Beauty,Hair Dryer,3,77.99,0.05,39.0
ORD003991,2024-05-30,C00334,East,Online,Beauty,Makeup Kit,2,42.57,0.15,14.0
ORD004374,2024-05-30,C00511,South,Online,Home,Storage Box,2,23.21,0.05,9.36
ORD005854,2024-05-30,C00059,South,Store,Beauty,Skin Care Set,1,45.18,0.3,16.65
ORD005854,2024-05-30,C00059,South,Store,Home,Lamp,1,45.92,0.0,21.12
ORD002723,2024-05-31,C00054,South,Online,Beauty,Skin Care Set,1,48.43,0.05,16.65
ORD002723,2024-05-31,C00054,South,Online,Electronics,Smartwatch,2,201.72,0.0,132.3
ORD002965,2024-05-31,C00153,West,Store,Electronics,Headphones,1,90.52,0.0,49.3
ORD004274,2024-05-31,C00045,West,Store,Home,Coffee Maker,1,101.86,0.3,52.25
ORD004574,2024-05-31,C00602,East,Online,Electronics,Smartwatch,1,226.5,0.1,132.3
ORD004882,2024-05-31,C00082,West,Online,Fitness,Yoga Mat,4,29.98,0.0,12.6
ORD004980,2024-05-31,C00287,West,Store,Home,Coffee Maker,1,89.84,0.0,52.25
ORD004980,2024-05-31,C00287,West,Store,Beauty,Makeup Kit,1,40.95,0.0,14.0
ORD001013,2024-06-01,C00510,South,Online,Home,Storage Box,1,25.21,0.2,9.36
ORD003344,2024-06-01,C00084,South,Marketplace,Electronics,Headphones,1,81.28,0.2,49.3
ORD003916,2024-06-01,C00120,South,Online,Electronics,Smartwatch,1,222.53,0.0,132.3
ORD003916,2024-06-01,C00120,South,Online,Electronics,Keyboard,2,61.41,0.15,33.8
ORD004430,2024-06-01,C00124,North,Online,Electronics,Headphones,1,80.7,0.05,49.3
ORD004725,2024-06-01,C00542,South,Online,Beauty,Makeup Kit,1,38.68,0.0,14.0
ORD004725,2024-06-01,C00542,South,Online,Home,Storage Box,1,25.47,0.15,9.36
ORD005507,2024-06-01,C00089,South,Store,Fitness,Resistance Bands,1,20.73,0.05,7.48
ORD005507,2024-06-01,C00089,South,Store,Fitness,Dumbbells,2,72.91,0.0,39.9
ORD000217,2024-06-02,C00375,East,Online,Beauty,Makeup Kit,2,39.71,0.0,14.0
ORD000217,2024-06-02,C00375,East,Online,Electronics,Headphones,1,90.46,0.1,49.3
ORD000281,2024-06-02,C01557,North,Store,Home,Coffee Maker,1,98.24,0.0,52.25
ORD000500,2024-06-02,C00048,North,Store,Electronics,Keyboard,1,64.87,0.2,33.8
ORD001824,2024-06-02,C01388,South,Store,Fitness,Resistance Bands,1,22.41,0.0,7.48
ORD002402,2024-06-02,C00548,North,Online,Home,Storage Box,1,23.17,0.0,9.36
ORD003097,2024-06-02,C01597,West,Marketplace,Electronics,Smartwatch,3,204.3,0.0,132.3
ORD003097,2024-06-02,C01597,West,Marketplace,Home,Coffee Maker,1,91.84,0.0,52.25
ORD003177,2024-06-02,C00467,North,Online,Fitness,Dumbbells,3,71.44,0.1,39.9
ORD003757,2024-06-02,C01664,South,Marketplace,Electronics,Keyboard,2,69.06,0.05,33.8
ORD003757,2024-06-02,C01664,South,Marketplace,Beauty,Hair Dryer,1,74.56,0.1,39.0
ORD004068,2024-06-02,C01822,North,Online,Fitness,Resistance Bands,2,20.91,0.05,7.48
ORD004068,2024-06-02,C01822,North,Online,Electronics,Keyboard,1,63.58,0.2,33.8
ORD004774,2024-06-02,C00123,West,Online,Fitness,Yoga Mat,1,29.32,0.0,12.6
ORD004774,2024-06-02,C00123,West,Online,Fitness,Resistance Bands,1,23.45,0.15,7.48
ORD005228,2024-06-02,C00356,East,Online,Electronics,Headphones,4,87.86,0.1,49.3
ORD005800,2024-06-02,C00699,North,Store,Home,Storage Box,1,25.81,0.05,9.36
ORD005800,2024-06-02,C00699,North,Store,Home,Storage Box,2,22.95,0.1,9.36
ORD005843,2024-06-02,C00325,North,Online,Fitness,Resistance Bands,4,21.48,0.1,7.48
ORD000795,2024-06-03,C01166,South,Online,Electronics,Headphones,1,81.03,0.15,49.3
ORD001142,2024-06-03,C00596,North,Store,Home,Lamp,2,48.84,0.0,21.12
ORD001247,2024-06-03,C01429,West,Online,Beauty,Hair Dryer,1,73.42,0.0,39.0
ORD001893,2024-06-03,C00535,South,Store,Beauty,Skin Care Set,2,48.45,0.0,16.65
ORD001893,2024-06-03,C00535,South,Store,Fitness,Yoga Mat,1,29.48,0.05,12.6
ORD002024,2024-06-03,C00339,North,Store,Electronics,Keyboard,1,65.31,0.2,33.8
ORD003629,2024-06-03,C01383,South,Online,Electronics,Keyboard,1,63.59,0.05,33.8
ORD003629,2024-06-03,C01383,South,Online,Fitness,Resistance Bands,1,22.76,0.0,7.48
ORD004300,2024-06-03,C00672,North,Online,Home,Coffee Maker,2,90.79,0.0,52.25
ORD004300,2024-06-03,C00672,North,Online,Beauty,Makeup Kit,1,42.19,0.1,14.0
ORD005444,2024-06-03,C00394,West,Online,Beauty,Hair Dryer,3,75.67,0.0,39.0
ORD005444,2024-06-03,C00394,West,Online,Beauty,Makeup Kit,2,42.84,0.0,14.0
ORD001192,2024-06-04,C01606,West,Store,Fitness,Dumbbells,4,69.87,0.0,39.9
ORD001192,2024-06-04,C01606,West,Store,Fitness,Yoga Mat,3,28.47,0.0,12.6
ORD001764,2024-06-04,C01660,East,Online,Beauty,Skin Care Set,1,46.08,0.05,16.65
ORD001764,2024-06-04,C01660,East,Online,Beauty,Skin Care Set,3,46.16,0.15,16.65
ORD002088,2024-06-04,C00012,West,Online,Home,Lamp,1,49.63,0.0,21.12
ORD002088,2024-06-04,C00012,West,Online,Beauty,Hair Dryer,1,82.41,0.05,39.0
ORD004047,2024-06-04,C00083,East,Online,Beauty,Hair Dryer,2,81.43,0.05,39.0
ORD004047,2024-06-04,C00083,East,Online,Electronics,Headphones,1,88.02,0.05,49.3
ORD002207,2024-06-05,C00630,South,Online,Home,Lamp,1,51.14,0.1,21.12
ORD002207,2024-06-05,C00630,South,Online,Home,Lamp,2,47.81,0.0,21.12
ORD002261,2024-06-05,C00363,East,Marketplace,Home,Coffee Maker,1,100.3,0.1,52.25
ORD002261,2024-06-05,C00363,East,Marketplace,Home,Coffee Maker,1,90.35,0.0,52.25
ORD002504,2024-06-05,C00840,West,Online,Home,Storage Box,1,23.24,0.0,9.36
ORD002504,2024-06-05,C00840,West,Online,Beauty,Skin Care Set,1,44.21,0.05,16.65
ORD003495,2024-06-05,C00398,East,Store,Fitness,Dumbbells,3,73.52,0.0,39.9
ORD003495,2024-06-05,C00398,East,Store,Home,Storage Box,4,25.36,0.1,9.36
ORD004613,2024-06-05,C00005,West,Online,Home,Lamp,1,47.82,0.0,21.12
ORD004613,2024-06-05,C00005,West,Online,Fitness,Dumbbells,2,68.67,0.05,39.9
ORD005853,2024-06-05,C01492,East,Online,Fitness,Dumbbells,1,68.78,0.15,39.9
ORD005853,2024-06-05,C01492,East,Online,Beauty,Makeup Kit,3,42.33,0.0,14.0
ORD005866,2024-06-05,C00598,South,Store,Beauty,Hair Dryer,1,77.43,0.1,39.0
ORD005866,2024-06-05,C00598,South,Store,Fitness,Yoga Mat,1,31.85,0.05,12.6
ORD005930,2024-06-05,C00090,East,Online,Fitness,Yoga Mat,1,28.26,0.1,12.6
ORD005930,2024-06-05,C00090,East,Online,Fitness,Dumbbells,1,70.85,0.05,39.9
ORD000394,2024-06-06,C00966,South,Online,Electronics,Keyboard,1,62.88,0.1,33.8
ORD001150,2024-06-06,C00112,North,Online,Fitness,Yoga Mat,1,29.59,0.0,12.6
ORD002264,2024-06-06,C01040,West,Online,Home,Coffee Maker,2,94.15,0.15,52.25
ORD003367,2024-06-06,C00213,West,Online,Home,Storage Box,4,25.82,0.0,9.36
ORD005577,2024-06-06,C01570,East,Store,Fitness,Dumbbells,1,69.86,0.1,39.9
ORD002292,2024-06-07,C01197,East,Online,Fitness,Yoga Mat,1,29.65,0.15,12.6
ORD002640,2024-06-07,C00415,South,Store,Electronics,Keyboard,4,65.82,0.2,33.8
ORD002640,2024-06-07,C00415,South,Store,Home,Coffee Maker,1,101.61,0.0,52.25
ORD003142,2024-06-07,C00797,South,Online,Home,Lamp,1,45.67,0.05,21.12
ORD003310,2024-06-07,C00110,East,Store,Electronics,Smartwatch,2,224.93,0.0,132.3
ORD003406,2024-06-07,C00241,West,Store,Home,Storage Box,1,24.77,0.0,9.36
ORD003406,2024-06-07,C00241,West,Store,Electronics,Smartwatch,2,198.64,0.0,132.3
ORD004250,2024-06-07,C00309,East,Store,Fitness,Dumbbells,2,69.23,0.15,39.9
ORD004250,2024-06-07,C00309,East,Store,Home,Storage Box,1,25.8,0.15,9.36
ORD004541,2024-06-07,C00060,East,Store,Beauty,Hair Dryer,1,78.39,0.0,39.0
ORD004549,2024-06-07,C01627,North,Store,Fitness,Yoga Mat,1,32.36,0.0,12.6
ORD004700,2024-06-07,C00450,East,Online,Home,Coffee Maker,1,95.76,0.0,52.25
ORD005116,2024-06-07,C00517,North,Store,Beauty,Hair Dryer,2,75.14,0.1,39.0
ORD005116,2024-06-07,C00517,North,Store,Beauty,Makeup Kit,2,37.85,0.1,14.0
ORD005299,2024-06-07,C00575,South,Online,Fitness,Resistance Bands,2,23.65,0.05,7.48
ORD005299,2024-06-07,C00575,South,Online,Home,Coffee Maker,2,92.07,0.05,52.25
ORD001789,2024-06-08,C00386,West,Online,Electronics,Keyboard,1,70.18,0.0,33.8
ORD004803,2024-06-08,C00048,North,Store,Fitness,Resistance Bands,2,23.31,0.15,7.48
ORD004821,2024-06-08,C00286,West,Online,Beauty,Hair Dryer,1,82.78,0.15,39.0
ORD005981,2024-06-08,C00222,West,Online,Beauty,Makeup Kit,2,43.15,0.15,14.0
ORD005981,2024-06-08,C00222,West,Online,Beauty,Hair Dryer,1,75.83,0.1,39.0
ORD000114,2024-06-09,C00477,West,Store,Home,Lamp,1,49.89,0.05,21.12
ORD000114,2024-06-09,C00477,West,Store,Fitness,Dumbbells,1,66.7,0.0,39.9
ORD000687,2024-06-09,C00309,South,Marketplace,Home,Storage Box,2,23.75,0.1,9.36
ORD000687,2024-06-09,C00309,South,Marketplace,Beauty,Hair Dryer,1,78.93,0.0,39.0
ORD001137,2024-06-09,C00236,South,Store,Beauty,Makeup Kit,1,41.43,0.1,14.0
ORD001200,2024-06-09,C00737,South,Marketplace,Electronics,Headphones,3,91.41,0.3,49.3
ORD001200,2024-06-09,C00737,South,Marketplace,Fitness,Resistance Bands,2,21.66,0.3,7.48
ORD001987,2024-06-09,C00325,North,Marketplace,Fitness,Yoga Mat,1,31.11,0.1,12.6
ORD002732,2024-06-09,C00127,South,Online,Fitness,Dumbbells,1,72.44,0.05,39.9
ORD003241,2024-06-09,C00150,North,Online,Fitness,Resistance Bands,1,23.23,0.1,7.48
ORD003241,2024-06-09,C00150,North,Online,Electronics,Keyboard,1,65.42,0.0,33.8
ORD003619,2024-06-09,C00050,North,Store,Beauty,Skin Care Set,2,44.42,0.1,16.65
ORD003619,2024-06-09,C00050,North,Store,Home,Coffee Maker,2,98.41,0.1,52.25
ORD003954,2024-06-09,C00397,North,Store,Electronics,Keyboard,2,67.64,0.1,33.8
ORD003954,2024-06-09,C00397,North,Store,Fitness,Dumbbells,4,70.0,0.1,39.9
ORD004143,2024-06-09,C00611,West,Online,Fitness,Resistance Bands,2,20.8,0.15,7.48
ORD004435,2024-06-09,C00009,West,Store,Home,Coffee Maker,1,94.17,0.0,52.25
ORD004435,2024-06-09,C00009,West,Store,Home,Lamp,2,50.24,0.0,21.12
ORD004546,2024-06-09,C00202,South,Online,Beauty,Hair Dryer,2,80.88,0.0,39.0
ORD004546,2024-06-09,C00202,South,Online,Electronics,Headphones,1,87.11,0.0,49.3
ORD004869,2024-06-09,C00017,South,Online,Beauty,Skin Care Set,1,43.37,0.1,16.65
ORD004869,2024-06-09,C00017,South,Online,Beauty,Skin Care Set,1,43.77,0.1,16.65
ORD000768,2024-06-10,C00148,North,Online,Fitness,Resistance Bands,2,23.63,0.05,7.48
ORD000948,2024-06-10,C00007,South,Online,Electronics,Keyboard,1,65.02,0.0,33.8
ORD000961,2024-06-10,C00377,West,Online,Beauty,Skin Care Set,2,44.34,0.0,16.65
ORD000961,2024-06-10,C00377,West,Online,Home,Storage Box,2,23.42,0.1,9.36
ORD001768,2024-06-10,C00146,North,Online,Beauty,Hair Dryer,1,80.53,0.05,39.0
ORD001768,2024-06-10,C00146,North,Online,Beauty,Makeup Kit,1,38.08,0.05,14.0
ORD001943,2024-06-10,C00378,North,Online,Electronics,Smartwatch,1,214.53,0.05,132.3
ORD001943,2024-06-10,C00378,North,Online,Fitness,Resistance Bands,1,22.67,0.0,7.48
ORD002151,2024-06-10,C00003,West,Online,Fitness,Resistance Bands,2,23.06,0.15,7.48
ORD002979,2024-06-10,C00506,South,Marketplace,Electronics,Smartwatch,1,221.3,0.2,132.3
ORD002979,2024-06-10,C00506,South,Marketplace,Beauty,Makeup Kit,3,41.0,0.05,14.0
ORD004676,2024-06-10,C00490,North,Store,Home,Lamp,1,46.1,0.15,21.12
ORD005775,2024-06-10,C00304,West,Store,Electronics,Headphones,4,90.49,0.0,49.3
ORD002259,2024-06-11,C00036,South,Online,Electronics,Keyboard,2,64.67,0.3,33.8
ORD002259,2024-06-11,C00036,South,Online,Electronics,Keyboard,1,68.53,0.0,33.8
ORD002655,2024-06-11,C00483,South,Marketplace,Beauty,Makeup Kit,3,41.86,0.05,14.0
ORD002655,2024-06-11,C00483,South,Marketplace,Fitness,Dumbbells,1,73.56,0.0,39.9
ORD005231,2024-06-11,C00077,North,Store,Beauty,Makeup Kit,4,41.77,0.0,14.0
ORD005231,2024-06-11,C00077,North,Store,Beauty,Makeup Kit,1,42.14,0.05,14.0
ORD005379,2024-06-11,C00409,North,Store,Fitness,Dumbbells,2,71.0,0.1,39.9
ORD005379,2024-06-11,C00409,North,Store,Electronics,Keyboard,2,63.68,0.05,33.8
ORD002178,2024-06-12,C01422,West,Store,Fitness,Resistance Bands,1,21.33,0.1,7.48
ORD002178,2024-06-12,C01422,West,Store,Fitness,Yoga Mat,1,30.21,0.05,12.6
ORD002970,2024-06-12,C00442,South,Store,Home,Storage Box,1,24.87,0.0,9.36
ORD002970,2024-06-12,C00442,South,Store,Home,Storage Box,1,24.28,0.0,9.36
ORD003609,2024-06-12,C00505,North,Online,Beauty,Skin Care Set,1,47.86,0.0,16.65
ORD003609,2024-06-12,C00505,North,Online,Beauty,Makeup Kit,1,41.14,0.05,14.0
ORD004080,2024-06-12,C00665,West,Online,Beauty,Hair Dryer,2,75.51,0.15,39.0
ORD004080,2024-06-12,C00665,West,Online,Home,Lamp,1,46.07,0.1,21.12
ORD000375,2024-06-13,C00629,North,Online,Home,Storage Box,1,23.48,0.0,9.36
ORD000375,2024-06-13,C00629,North,Online,Home,Coffee Maker,1,102.02,0.1,52.25
ORD000465,2024-06-13,C01174,East,Online,Electronics,Keyboard,4,65.1,0.15,33.8
ORD000710,2024-06-13,C00262,West,Online,Beauty,Makeup Kit,1,41.08,0.15,14.0
ORD002659,2024-06-13,C00032,South,Online,Electronics,Smartwatch,4,217.32,0.0,132.3
ORD004465,2024-06-13,C00547,North,Store,Fitness,Yoga Mat,2,32.05,0.3,12.6
ORD004672,2024-06-13,C00093,North,Store,Home,Coffee Maker,1,96.29,0.1,52.25
ORD000662,2024-06-14,C00494,South,Online,Beauty,Hair Dryer,2,78.48,0.05,39.0
ORD000662,2024-06-14,C00494,South,Online,Fitness,Dumbbells,1,73.11,0.1,39.9
ORD002029,2024-06-14,C00301,East,Online,Fitness,Yoga Mat,1,28.31,0.05,12.6
ORD002029,2024-06-14,C00301,East,Online,Home,Storage Box,2,25.38,0.1,9.36
ORD003275,2024-06-14,C00342,West,Online,Home,Storage Box,1,25.47,0.15,9.36
ORD003815,2024-06-14,C00881,North,Online,Beauty,Makeup Kit,1,40.43,0.1,14.0
ORD004485,2024-06-14,C01091,East,Online,Home,Storage Box,1,25.46,0.0,9.36
ORD004485,2024-06-14,C01091,East,Online,Beauty,Skin Care Set,1,42.68,0.0,16.65
ORD004887,2024-06-14,C00074,West,Store,Fitness,Resistance Bands,2,22.87,0.05,7.48
ORD005215,2024-06-14,C01028,North,Store,Home,Storage Box,1,23.54,0.1,9.36
ORD005215,2024-06-14,C01028,North,Store,Home,Lamp,2,45.88,0.0,21.12
ORD005447,2024-06-14,C02084,South,Online,Fitness,Yoga Mat,2,28.28,0.1,12.6
ORD005447,2024-06-14,C02084,South,Online,Fitness,Resistance Bands,1,22.65,0.0,7.48
ORD000072,2024-06-15,C00519,East,Online,Beauty,Hair Dryer,1,79.56,0.0,39.0
ORD001488,2024-06-15,C00023,North,Store,Fitness,Resistance Bands,1,21.42,0.2,7.48
ORD001488,2024-06-15,C00023,North,Store,Beauty,Makeup Kit,2,41.27,0.15,14.0
ORD001489,2024-06-15,C00480,North,Online,Home,Coffee Maker,1,97.2,0.3,52.25
ORD001489,2024-06-15,C00480,North,Online,Fitness,Resistance Bands,1,23.19,0.1,7.48
ORD001858,2024-06-15,C00141,North,Store,Home,Storage Box,3,25.43,0.05,9.36
ORD001858,2024-06-15,C00141,North,Store,Electronics,Headphones,1,84.54,0.1,49.3
ORD003179,2024-06-15,C01872,North,Store,Beauty,Makeup Kit,2,41.81,0.15,14.0
ORD003179,2024-06-15,C01872,North,Store,Electronics,Smartwatch,1,213.27,0.1,132.3
ORD004683,2024-06-15,C01462,West,Online,Beauty,Makeup Kit,1,39.59,0.1,14.0
ORD001128,2024-06-16,C00233,South,Online,Fitness,Yoga Mat,1,30.01,0.2,12.6
ORD002172,2024-06-16,C01330,North,Online,Fitness,Dumbbells,2,73.41,0.0,39.9
ORD002172,2024-06-16,C01330,North,Online,Electronics,Headphones,2,81.52,0.0,49.3
ORD003041,2024-06-16,C00508,South,Store,Home,Coffee Maker,1,90.38,0.05,52.25
ORD003134,2024-06-16,C00560,West,Store,Beauty,Hair Dryer,2,77.7,0.05,39.0
ORD003851,2024-06-16,C00058,South,Online,Fitness,Dumbbells,1,74.3,0.15,39.9
ORD004820,2024-06-16,C00298,North,Online,Fitness,Yoga Mat,4,31.76,0.0,12.6
ORD004820,2024-06-16,C00298,North,Online,Home,Storage Box,1,24.61,0.2,9.36
ORD005268,2024-06-16,C00166,East,Online,Electronics,Smartwatch,1,220.16,0.0,132.3
ORD000759,2024-06-17,C00538,West,Online,Beauty,Skin Care Set,1,45.08,0.0,16.65
ORD000759,2024-06-17,C00538,West,Online,Fitness,Resistance Bands,1,23.4,0.0,7.48
ORD000878,2024-06-17,C02073,South,Store,Home,Coffee Maker,1,101.12,0.05,52.25
ORD001049,2024-06-17,C00401,South,Online,Fitness,Resistance Bands,1,20.87,0.1,7.48
ORD003312,2024-06-17,C01696,South,Store,Electronics,Keyboard,1,66.4,0.0,33.8
ORD003395,2024-06-17,C00616,North,Online,Beauty,Hair Dryer,1,83.16,0.15,39.0
ORD005173,2024-06-17,C00117,South,Store,Fitness,Yoga Mat,1,31.38,0.1,12.6
ORD005173,2024-06-17,C00117,South,Store,Home,Storage Box,2,23.75,0.15,9.36
ORD005375,2024-06-17,C01259,North,Online,Home,Storage Box,1,23.05,0.15,9.36
ORD005375,2024-06-17,C01259,North,Online,Fitness,Resistance Bands,3,23.56,0.05,7.48
ORD001462,2024-06-18,C00685,West,Online,Fitness,Yoga Mat,1,31.87,0.0,12.6
ORD001828,2024-06-18,C00265,West,Marketplace,Fitness,Resistance Bands,2,21.89,0.15,7.48
ORD001828,2024-06-18,C00265,West,Marketplace,Electronics,Keyboard,2,66.67,0.05,33.8
ORD002555,2024-06-18,C00140,North,Store,Beauty,Makeup Kit,2,40.34,0.0,14.0
ORD002593,2024-06-18,C00078,East,Online,Fitness,Yoga Mat,1,31.06,0.1,12.6
ORD004646,2024-06-18,C00648,South,Store,Electronics,Keyboard,1,64.35,0.0,33.8
ORD005001,2024-06-18,C01568,East,Marketplace,Fitness,Resistance Bands,1,22.98,0.0,7.48
ORD005001,2024-06-18,C01568,East,Marketplace,Beauty,Makeup Kit,1,37.69,0.0,14.0
ORD005482,2024-06-18,C00323,North,Online,Beauty,Hair Dryer,1,76.54,0.15,39.0
ORD005645,2024-06-18,C00593,East,Online,Home,Lamp,2,47.73,0.0,21.12
ORD000162,2024-06-19,C00772,South,Online,Home,Lamp,1,45.15,0.05,21.12
ORD000162,2024-06-19,C00772,South,Online,Fitness,Dumbbells,1,72.44,0.0,39.9
ORD000233,2024-06-19,C00092,East,Online,Electronics,Headphones,1,81.09,0.05,49.3
ORD000233,2024-06-19,C00092,East,Online,Home,Lamp,1,50.81,0.3,21.12
ORD000486,2024-06-19,C00127,North,Online,Beauty,Makeup Kit,1,40.68,0.05,14.0
ORD000486,2024-06-19,C00127,North,Online,Electronics,Smartwatch,2,222.38,0.0,132.3
ORD001630,2024-06-19,C00158,East,Online,Electronics,Headphones,1,90.79,0.0,49.3
ORD001630,2024-06-19,C00158,East,Online,Electronics,Keyboard,3,66.37,0.15,33.8
ORD002200,2024-06-19,C00701,North,Marketplace,Electronics,Keyboard,2,64.11,0.1,33.8
ORD002200,2024-06-19,C00701,North,Marketplace,Beauty,Makeup Kit,2,40.73,0.0,14.0
ORD004943,2024-06-19,C00145,North,Online,Electronics,Keyboard,4,70.17,0.15,33.8
ORD005970,2024-06-19,C00464,East,Store,Beauty,Hair Dryer,1,80.26,0.2,39.0
ORD005970,2024-06-19,C00464,East,Store,Fitness,Yoga Mat,1,32.12,0.0,12.6
ORD000283,2024-06-20,C00277,North,Online,Beauty,Hair Dryer,1,82.07,0.05,39.0
ORD000283,2024-06-20,C00277,North,Online,Beauty,Skin Care Set,1,47.93,0.0,16.65
ORD000657,2024-06-20,C02186,North,Marketplace,Beauty,Makeup Kit,1,41.77,0.0,14.0
ORD000657,2024-06-20,C02186,North,Marketplace,Beauty,Skin Care Set,1,48.14,0.05,16.65
ORD001718,2024-06-20,C00564,North,Online,Home,Coffee Maker,3,102.38,0.0,52.25
ORD001718,2024-06-20,C00564,North,Online,Fitness,Dumbbells,4,72.68,0.0,39.9
ORD002199,2024-06-20,C00353,West,Online,Electronics,Headphones,1,87.75,0.0,49.3
ORD002199,2024-06-20,C00353,West,Online,Home,Lamp,3,50.62,0.1,21.12
ORD003139,2024-06-20,C00073,North,Store,Home,Coffee Maker,3,96.51,0.15,52.25
ORD003610,2024-06-20,C00305,East,Marketplace,Beauty,Hair Dryer,1,77.13,0.0,39.0
ORD003610,2024-06-20,C00305,East,Marketplace,Beauty,Makeup Kit,2,38.13,0.15,14.0
ORD003625,2024-06-20,C01620,East,Store,Beauty,Hair Dryer,1,73.54,0.05,39.0
ORD003948,2024-06-20,C00498,East,Marketplace,Home,Storage Box,1,24.51,0.15,9.36
ORD003948,2024-06-20,C00498,East,Marketplace,Fitness,Dumbbells,2,65.99,0.1,39.9
ORD000042,2024-06-21,C01361,West,Online,Home,Storage Box,1,24.42,0.0,9.36
ORD000081,2024-06-21,C00604,West,Online,Fitness,Yoga Mat,3,32.19,0.15,12.6
ORD000404,2024-06-21,C00662,North,Online,Beauty,Makeup Kit,1,38.69,0.05,14.0
ORD000934,2024-06-21,C01026,North,Online,Fitness,Yoga Mat,1,32.35,0.15,12.6
ORD001045,2024-06-21,C00141,East,Online,Electronics,Smartwatch,2,218.68,0.3,132.3
ORD001736,2024-06-21,C00551,South,Online,Electronics,Smartwatch,2,217.0,0.0,132.3
ORD001736,2024-06-21,C00551,South,Online,Beauty,Makeup Kit,3,41.8,0.3,14.0
ORD002616,2024-06-21,C00384,North,Store,Beauty,Skin Care Set,1,48.08,0.1,16.65
ORD002616,2024-06-21,C00384,North,Store,Beauty,Skin Care Set,1,44.22,0.2,16.65
ORD002902,2024-06-21,C00406,West,Marketplace,Beauty,Skin Care Set,2,47.98,0.0,16.65
ORD003534,2024-06-21,C00340,North,Store,Electronics,Smartwatch,1,211.98,0.15,132.3
ORD004362,2024-06-21,C00426,North,Online,Beauty,Skin Care Set,1,45.51,0.1,16.65
ORD004675,2024-06-21,C00602,West,Online,Electronics,Smartwatch,2,213.42,0.0,132.3
ORD004736,2024-06-21,C00153,West,Online,Fitness,Dumbbells,1,72.28,0.0,39.9
ORD005554,2024-06-21,C00429,West,Online,Electronics,Headphones,1,82.57,0.15,49.3
ORD000904,2024-06-22,C00055,West,Online,Beauty,Makeup Kit,3,38.98,0.15,14.0
ORD001814,2024-06-22,C01058,North,Online,Fitness,Resistance Bands,4,21.27,0.0,7.48
ORD002406,2024-06-22,C00677,North,Online,Home,Storage Box,1,24.69,0.15,9.36
ORD002406,2024-06-22,C00677,North,Online,Electronics,Headphones,1,80.52,0.05,49.3
ORD003819,2024-06-22,C00593,North,Marketplace,Fitness,Yoga Mat,3,28.85,0.15,12.6
ORD003819,2024-06-22,C00593,North,Marketplace,Fitness,Yoga Mat,1,29.21,0.1,12.6
ORD003833,2024-06-22,C00620,West,Store,Electronics,Keyboard,1,67.22,0.1,33.8
ORD004165,2024-06-22,C00495,North,Store,Fitness,Dumbbells,4,70.98,0.05,39.9
ORD004484,2024-06-22,C00428,North,Online,Beauty,Skin Care Set,1,42.94,0.1,16.65
ORD000634,2024-06-23,C00037,North,Online,Fitness,Resistance Bands,1,22.11,0.15,7.48
ORD001492,2024-06-23,C00517,West,Online,Beauty,Hair Dryer,1,78.32,0.1,39.0
ORD001584,2024-06-23,C00908,East,Online,Home,Storage Box,1,25.47,0.0,9.36
ORD004555,2024-06-23,C00412,East,Store,Electronics,Headphones,4,83.94,0.05,49.3
ORD004555,2024-06-23,C00412,East,Store,Electronics,Smartwatch,1,224.93,0.15,132.3
ORD005018,2024-06-23,C00102,East,Marketplace,Home,Lamp,3,50.91,0.0,21.12
ORD005166,2024-06-23,C00500,North,Online,Home,Lamp,1,50.72,0.05,21.12
ORD005166,2024-06-23,C00500,North,Online,Beauty,Hair Dryer,2,74.26,0.15,39.0
ORD005261,2024-06-23,C00423,East,Online,Home,Storage Box,1,23.34,0.05,9.36
ORD005261,2024-06-23,C00423,East,Online,Home,Coffee Maker,1,91.58,0.0,52.25
ORD000327,2024-06-24,C00960,South,Online,Electronics,Headphones,1,85.44,0.0,49.3
ORD000368,2024-06-24,C00430,North,Marketplace,Home,Coffee Maker,1,97.78,0.3,52.25
ORD000843,2024-06-24,C01988,South,Online,Home,Lamp,2,45.31,0.0,21.12
ORD000843,2024-06-24,C01988,South,Online,Home,Storage Box,1,25.67,0.0,9.36
ORD001104,2024-06-24,C02167,East,Online,Fitness,Yoga Mat,1,30.69,0.1,12.6
ORD001650,2024-06-24,C00289,South,Online,Home,Storage Box,1,24.17,0.05,9.36
ORD001930,2024-06-24,C00935,South,Online,Fitness,Dumbbells,1,67.37,0.0,39.9
ORD001930,2024-06-24,C00935,South,Online,Home,Coffee Maker,2,96.65,0.15,52.25
ORD002780,2024-06-24,C00180,West,Store,Fitness,Yoga Mat,1,30.0,0.1,12.6
ORD003633,2024-06-24,C00249,South,Online,Electronics,Keyboard,1,69.55,0.1,33.8
ORD003724,2024-06-24,C00878,East,Marketplace,Electronics,Smartwatch,3,213.64,0.05,132.3
ORD004000,2024-06-24,C00763,West,Store,Electronics,Smartwatch,1,199.3,0.0,132.3
ORD004000,2024-06-24,C00763,West,Store,Home,Coffee Maker,4,92.07,0.0,52.25
ORD004697,2024-06-24,C00210,East,Store,Fitness,Dumbbells,2,74.18,0.05,39.9
ORD004697,2024-06-24,C00210,East,Store,Fitness,Dumbbells,1,67.04,0.1,39.9
ORD005175,2024-06-24,C00224,North,Online,Beauty,Hair Dryer,3,84.21,0.0,39.0
ORD000922,2024-06-25,C00711,South,Marketplace,Beauty,Hair Dryer,2,78.11,0.05,39.0
ORD000922,2024-06-25,C00711,South,Marketplace,Electronics,Keyboard,2,69.0,0.0,33.8
ORD001706,2024-06-25,C00485,West,Online,Electronics,Smartwatch,1,208.42,0.1,132.3
ORD001706,2024-06-25,C00485,West,Online,Fitness,Dumbbells,2,72.8,0.05,39.9
ORD002389,2024-06-25,C00332,West,Store,Beauty,Hair Dryer,4,74.29,0.0,39.0
ORD002389,2024-06-25,C00332,West,Store,Beauty,Skin Care Set,1,48.31,0.0,16.65
ORD002664,2024-06-25,C00452,North,Online,Beauty,Skin Care Set,1,46.31,0.0,16.65
ORD002664,2024-06-25,C00452,North,Online,Electronics,Keyboard,3,69.92,0.0,33.8
ORD002718,2024-06-25,C00564,West,Marketplace,Electronics,Smartwatch,2,215.23,0.1,132.3
ORD005357,2024-06-25,C00191,East,Store,Beauty,Skin Care Set,1,43.12,0.1,16.65
ORD005357,2024-06-25,C00191,East,Store,Beauty,Hair Dryer,1,80.19,0.05,39.0
ORD005803,2024-06-25,C00462,North,Store,Beauty,Skin Care Set,1,44.24,0.15,16.65
ORD005906,2024-06-25,C02094,South,Online,Electronics,Smartwatch,3,202.42,0.0,132.3
ORD000996,2024-06-26,C00224,South,Store,Beauty,Skin Care Set,1,42.9,0.1,16.65
ORD001000,2024-06-26,C00509,South,Store,Home,Coffee Maker,1,92.81,0.0,52.25
ORD001000,2024-06-26,C00509,South,Store,Home,Storage Box,1,25.68,0.05,9.36
ORD002448,2024-06-26,C00171,West,Marketplace,Electronics,Keyboard,2,67.41,0.15,33.8
ORD002448,2024-06-26,C00171,West,Marketplace,Home,Lamp,1,46.34,0.1,21.12
ORD003182,2024-06-26,C00669,South,Online,Beauty,Skin Care Set,1,46.48,0.1,16.65
ORD003656,2024-06-26,C01295,West,Store,Beauty,Makeup Kit,2,38.36,0.2,14.0
ORD003656,2024-06-26,C01295,West,Store,Fitness,Yoga Mat,1,29.03,0.05,12.6
ORD003782,2024-06-26,C00149,East,Online,Beauty,Makeup Kit,1,41.77,0.05,14.0
ORD004075,2024-06-26,C00276,South,Online,Fitness,Dumbbells,1,69.78,0.0,39.9
ORD005409,2024-06-26,C00656,North,Store,Beauty,Hair Dryer,1,78.62,0.15,39.0
ORD005409,2024-06-26,C00656,North,Store,Beauty,Hair Dryer,1,82.17,0.05,39.0
ORD000213,2024-06-27,C00093,West,Online,Home,Lamp,2,48.28,0.1,21.12
ORD001614,2024-06-27,C00217,South,Online,Fitness,Yoga Mat,3,30.28,0.1,12.6
ORD001614,2024-06-27,C00217,South,Online,Home,Storage Box,2,25.38,0.15,9.36
ORD004304,2024-06-27,C00222,North,Online,Beauty,Makeup Kit,1,41.08,0.1,14.0
ORD004304,2024-06-27,C00222,North,Online,Home,Coffee Maker,2,90.88,0.0,52.25
ORD004510,2024-06-27,C00404,West,Online,Electronics,Headphones,1,83.2,0.2,49.3
ORD005082,2024-06-27,C00668,North,Store,Beauty,Skin Care Set,1,46.56,0.05,16.65
ORD005082,2024-06-27,C00668,North,Store,Electronics,Keyboard,1,61.23,0.0,33.8
ORD005739,2024-06-27,C01362,West,Online,Beauty,Hair Dryer,1,83.78,0.2,39.0
ORD005739,2024-06-27,C01362,West,Online,Home,Coffee Maker,2,92.09,0.1,52.25
ORD000342,2024-06-28,C00476,South,Store,Fitness,Dumbbells,3,72.19,0.1,39.9
ORD000791,2024-06-28,C00130,West,Marketplace,Electronics,Smartwatch,2,217.98,0.05,132.3
ORD000791,2024-06-28,C00130,West,Marketplace,Beauty,Hair Dryer,2,77.56,0.05,39.0
ORD001241,2024-06-28,C00298,West,Online,Home,Lamp,1,51.73,0.15,21.12
ORD001241,2024-06-28,C00298,West,Online,Electronics,Smartwatch,2,220.94,0.15,132.3
ORD002129,2024-06-28,C00688,North,Online,Electronics,Headphones,1,90.14,0.0,49.3
ORD002129,2024-06-28,C00688,North,Online,Home,Lamp,1,48.67,0.0,21.12
ORD002426,2024-06-28,C00139,South,Store,Home,Storage Box,1,23.07,0.0,9.36
ORD003816,2024-06-28,C00103,West,Online,Fitness,Dumbbells,2,72.42,0.0,39.9
ORD003816,2024-06-28,C00103,West,Online,Electronics,Headphones,1,88.62,0.1,49.3
ORD003985,2024-06-28,C01537,North,Marketplace,Beauty,Hair Dryer,3,73.34,0.05,39.0
ORD005212,2024-06-28,C00365,South,Online,Electronics,Keyboard,1,62.06,0.0,33.8
ORD005212,2024-06-28,C00365,South,Online,Fitness,Yoga Mat,3,32.33,0.1,12.6
ORD005570,2024-06-28,C00059,South,Online,Electronics,Headphones,1,83.14,0.05,49.3
ORD005570,2024-06-28,C00059,South,Online,Electronics,Headphones,2,85.05,0.0,49.3
ORD001950,2024-06-29,C00002,South,Online,Beauty,Skin Care Set,4,42.86,0.15,16.65
ORD002639,2024-06-29,C00522,North,Online,Beauty,Makeup Kit,2,39.55,0.05,14.0
ORD003132,2024-06-29,C01641,East,Store,Beauty,Hair Dryer,1,73.37,0.1,39.0
ORD003132,2024-06-29,C01641,East,Store,Fitness,Dumbbells,2,68.33,0.05,39.9
ORD004382,2024-06-29,C00251,South,Online,Fitness,Yoga Mat,4,29.01,0.15,12.6
ORD005086,2024-06-29,C00405,South,Online,Home,Lamp,3,50.49,0.2,21.12
ORD005086,2024-06-29,C00405,South,Online,Electronics,Keyboard,1,66.72,0.05,33.8
ORD005220,2024-06-29,C00144,East,Marketplace,Fitness,Resistance Bands,1,22.99,0.0,7.48
ORD005220,2024-06-29,C00144,East,Marketplace,Fitness,Yoga Mat,1,30.31,0.15,12.6
ORD000196,2024-06-30,C00107,East,Online,Beauty,Makeup Kit,2,40.14,0.0,14.0
ORD000196,2024-06-30,C00107,East,Online,Fitness,Dumbbells,1,75.45,0.05,39.9
ORD000379,2024-06-30,C00522,North,Online,Beauty,Makeup Kit,2,38.31,0.0,14.0
ORD000415,2024-06-30,C00333,West,Online,Fitness,Yoga Mat,1,29.16,0.0,12.6
ORD000415,2024-06-30,C00333,West,Online,Home,Lamp,1,50.95,0.15,21.12
ORD000480,2024-06-30,C01783,East,Marketplace,Home,Lamp,2,50.34,0.05,21.12
ORD000480,2024-06-30,C01783,East,Marketplace,Fitness,Yoga Mat,1,31.19,0.0,12.6
ORD001096,2024-06-30,C00118,West,Marketplace,Home,Coffee Maker,1,94.08,0.15,52.25
ORD001096,2024-06-30,C00118,West,Marketplace,Home,Storage Box,2,23.17,0.1,9.36
ORD001661,2024-06-30,C00378,South,Marketplace,Home,Storage Box,1,24.0,0.1,9.36
ORD001795,2024-06-30,C00645,East,Store,Electronics,Smartwatch,3,200.19,0.1,132.3
ORD001795,2024-06-30,C00645,East,Store,Fitness,Yoga Mat,1,31.24,0.05,12.6
ORD003319,2024-06-30,C01616,West,Store,Beauty,Hair Dryer,1,73.46,0.1,39.0
ORD003319,2024-06-30,C01616,West,Store,Fitness,Resistance Bands,2,21.44,0.2,7.48
ORD003879,2024-06-30,C00483,East,Online,Electronics,Smartwatch,1,209.57,0.0,132.3
ORD003879,2024-06-30,C00483,East,Online,Beauty,Hair Dryer,2,80.67,0.05,39.0
ORD004344,2024-06-30,C00801,East,Store,Fitness,Resistance Bands,1,21.65,0.0,7.48
ORD004344,2024-06-30,C00801,East,Store,Fitness,Resistance Bands,3,23.42,0.0,7.48
ORD004627,2024-06-30,C01723,North,Online,Electronics,Headphones,1,89.08,0.1,49.3
ORD004804,2024-06-30,C00954,East,Online,Beauty,Skin Care Set,1,43.3,0.05,16.65
ORD005676,2024-06-30,C01825,North,Marketplace,Electronics,Keyboard,1,69.33,0.0,33.8
ORD005722,2024-06-30,C00216,North,Online,Beauty,Skin Care Set,3,46.63,0.0,16.65
ORD000275,2024-07-01,C00581,South,Online,Electronics,Keyboard,2,69.15,0.2,33.8
ORD000426,2024-07-01,C02176,North,Store,Home,Lamp,2,47.38,0.1,21.12
ORD000426,2024-07-01,C02176,North,Store,Fitness,Resistance Bands,2,22.71,0.0,7.48
ORD000460,2024-07-01,C01855,West,Online,Fitness,Dumbbells,2,70.7,0.05,39.9
ORD000460,2024-07-01,C01855,West,Online,Fitness,Dumbbells,4,74.13,0.1,39.9
ORD001233,2024-07-01,C00051,East,Store,Beauty,Skin Care Set,1,43.67,0.0,16.65
ORD001233,2024-07-01,C00051,East,Store,Beauty,Skin Care Set,1,45.23,0.1,16.65
ORD001777,2024-07-01,C00226,North,Online,Home,Lamp,1,48.22,0.05,21.12
ORD001777,2024-07-01,C00226,North,Online,Home,Storage Box,1,25.9,0.15,9.36
ORD002583,2024-07-01,C00556,East,Online,Home,Lamp,1,50.82,0.15,21.12
ORD002583,2024-07-01,C00556,East,Online,Fitness,Yoga Mat,4,30.34,0.0,12.6
ORD003198,2024-07-01,C00692,South,Online,Home,Storage Box,1,24.14,0.05,9.36
ORD003848,2024-07-01,C00510,East,Store,Fitness,Yoga Mat,2,31.59,0.0,12.6
ORD003848,2024-07-01,C00510,East,Store,Fitness,Resistance Bands,1,21.6,0.2,7.48
ORD003885,2024-07-01,C01643,East,Online,Fitness,Dumbbells,1,71.38,0.05,39.9
ORD003885,2024-07-01,C01643,East,Online,Home,Lamp,1,50.16,0.0,21.12
ORD003988,2024-07-01,C00213,North,Store,Fitness,Yoga Mat,1,28.25,0.3,12.6
ORD004370,2024-07-01,C01172,North,Store,Home,Storage Box,2,24.83,0.05,9.36
ORD004418,2024-07-01,C00052,East,Store,Home,Coffee Maker,1,102.48,0.1,52.25
ORD004418,2024-07-01,C00052,East,Store,Beauty,Hair Dryer,1,77.7,0.05,39.0
ORD004551,2024-07-01,C02003,West,Online,Fitness,Resistance Bands,1,22.89,0.1,7.48
ORD004747,2024-07-01,C00358,North,Online,Beauty,Hair Dryer,3,81.64,0.1,39.0
ORD004747,2024-07-01,C00358,North,Online,Beauty,Hair Dryer,1,78.91,0.0,39.0
ORD004819,2024-07-01,C01300,South,Online,Beauty,Makeup Kit,1,37.65,0.0,14.0
ORD004819,2024-07-01,C01300,South,Online,Beauty,Makeup Kit,2,37.84,0.15,14.0
ORD004964,2024-07-01,C01143,East,Store,Fitness,Yoga Mat,1,28.59,0.1,12.6
ORD004964,2024-07-01,C01143,East,Store,Beauty,Makeup Kit,4,41.63,0.0,14.0
ORD002235,2024-07-02,C00519,North,Online,Fitness,Yoga Mat,1,32.24,0.05,12.6
ORD002235,2024-07-02,C00519,North,Online,Electronics,Keyboard,2,64.29,0.0,33.8
ORD002355,2024-07-02,C01138,East,Online,Home,Coffee Maker,2,92.11,0.1,52.25
ORD002355,2024-07-02,C01138,East,Online,Electronics,Keyboard,2,67.19,0.05,33.8
ORD003102,2024-07-02,C00281,South,Online,Home,Lamp,2,50.17,0.0,21.12
ORD003102,2024-07-02,C00281,South,Online,Beauty,Makeup Kit,1,39.6,0.15,14.0
ORD003701,2024-07-02,C00442,West,Store,Beauty,Skin Care Set,3,43.86,0.3,16.65
ORD003701,2024-07-02,C00442,West,Store,Electronics,Smartwatch,2,197.56,0.0,132.3
ORD004144,2024-07-02,C00243,East,Online,Beauty,Hair Dryer,2,73.47,0.0,39.0
ORD004144,2024-07-02,C00243,East,Online,Electronics,Headphones,1,91.58,0.05,49.3
ORD004703,2024-07-02,C01326,East,Online,Fitness,Dumbbells,1,73.48,0.0,39.9
ORD004703,2024-07-02,C01326,East,Online,Home,Storage Box,2,24.61,0.0,9.36
ORD005696,2024-07-02,C00695,West,Online,Fitness,Resistance Bands,3,21.1,0.1,7.48
ORD000894,2024-07-03,C00592,South,Online,Beauty,Skin Care Set,1,46.43,0.2,16.65
ORD005914,2024-07-03,C00589,North,Store,Home,Coffee Maker,1,93.72,0.0,52.25
ORD005914,2024-07-03,C00589,North,Store,Electronics,Headphones,2,83.73,0.0,49.3
ORD000737,2024-07-04,C00634,North,Online,Electronics,Keyboard,1,69.57,0.1,33.8
ORD000797,2024-07-04,C00251,North,Store,Electronics,Keyboard,1,61.22,0.0,33.8
ORD001941,2024-07-04,C00645,East,Store,Fitness,Yoga Mat,1,30.05,0.05,12.6
ORD002802,2024-07-04,C00696,West,Online,Beauty,Hair Dryer,1,75.13,0.15,39.0
ORD002925,2024-07-04,C00684,North,Store,Fitness,Yoga Mat,1,29.73,0.0,12.6
ORD002925,2024-07-04,C00684,North,Store,Beauty,Skin Care Set,3,45.15,0.0,16.65
ORD003385,2024-07-04,C00426,North,Online,Electronics,Headphones,1,85.05,0.05,49.3
ORD003385,2024-07-04,C00426,North,Online,Beauty,Makeup Kit,1,39.99,0.1,14.0
ORD003416,2024-07-04,C00202,South,Online,Beauty,Makeup Kit,1,42.88,0.0,14.0
ORD003416,2024-07-04,C00202,South,Online,Fitness,Yoga Mat,1,31.36,0.1,12.6
ORD003870,2024-07-04,C00294,South,Store,Beauty,Hair Dryer,3,75.61,0.05,39.0
ORD004564,2024-07-04,C01507,North,Store,Electronics,Keyboard,1,63.63,0.15,33.8
ORD004564,2024-07-04,C01507,North,Store,Home,Storage Box,2,22.84,0.15,9.36
ORD005690,2024-07-04,C00271,West,Online,Home,Coffee Maker,1,97.01,0.05,52.25
ORD000164,2024-07-05,C00382,West,Online,Fitness,Dumbbells,1,74.16,0.1,39.9
ORD000471,2024-07-05,C00271,North,Store,Fitness,Yoga Mat,1,29.36,0.0,12.6
ORD000471,2024-07-05,C00271,North,Store,Home,Lamp,2,45.49,0.0,21.12
ORD001965,2024-07-05,C00520,West,Online,Fitness,Yoga Mat,2,31.22,0.2,12.6
ORD004933,2024-07-05,C01040,North,Online,Fitness,Yoga Mat,2,30.72,0.05,12.6
ORD004933,2024-07-05,C01040,North,Online,Home,Coffee Maker,1,98.38,0.05,52.25
ORD005402,2024-07-05,C00555,East,Online,Electronics,Keyboard,1,67.31,0.0,33.8
ORD005402,2024-07-05,C00555,East,Online,Fitness,Yoga Mat,2,30.48,0.0,12.6
ORD001324,2024-07-06,C00129,West,Online,Beauty,Makeup Kit,3,39.44,0.1,14.0
ORD001953,2024-07-06,C00097,South,Online,Electronics,Headphones,2,91.39,0.05,49.3
ORD004504,2024-07-06,C00196,South,Online,Electronics,Smartwatch,1,207.52,0.3,132.3
ORD004504,2024-07-06,C00196,South,Online,Beauty,Hair Dryer,1,77.78,0.05,39.0
ORD005247,2024-07-06,C00414,North,Online,Fitness,Dumbbells,1,72.22,0.3,39.9
ORD005247,2024-07-06,C00414,North,Online,Beauty,Skin Care Set,1,44.93,0.05,16.65
ORD005948,2024-07-06,C00374,East,Online,Fitness,Dumbbells,1,67.1,0.0,39.9
ORD000256,2024-07-07,C00049,West,Marketplace,Beauty,Makeup Kit,2,38.11,0.0,14.0
ORD001891,2024-07-07,C00664,North,Online,Home,Coffee Maker,1,102.09,0.0,52.25
ORD002560,2024-07-07,C00538,West,Store,Home,Storage Box,2,24.79,0.0,9.36
ORD002560,2024-07-07,C00538,West,Store,Beauty,Makeup Kit,2,41.74,0.0,14.0
ORD003526,2024-07-07,C00442,North,Online,Fitness,Dumbbells,1,69.13,0.15,39.9
ORD004365,2024-07-07,C00420,North,Online,Electronics,Headphones,2,82.76,0.1,49.3
ORD004365,2024-07-07,C00420,North,Online,Home,Lamp,2,45.73,0.05,21.12
ORD004576,2024-07-07,C00297,West,Store,Fitness,Yoga Mat,1,32.25,0.2,12.6
ORD004816,2024-07-07,C01891,North,Online,Electronics,Headphones,3,84.6,0.0,49.3
ORD004816,2024-07-07,C01891,North,Online,Home,Storage Box,1,24.74,0.0,9.36
ORD000148,2024-07-08,C00204,East,Online,Beauty,Hair Dryer,1,83.45,0.1,39.0
ORD001083,2024-07-08,C00537,West,Online,Fitness,Yoga Mat,1,28.3,0.05,12.6
ORD001196,2024-07-08,C00148,East,Store,Electronics,Headphones,1,79.95,0.05,49.3
ORD001291,2024-07-08,C00438,East,Online,Electronics,Keyboard,3,68.7,0.3,33.8
ORD001397,2024-07-08,C00783,East,Store,Fitness,Yoga Mat,1,29.73,0.05,12.6
ORD001397,2024-07-08,C00783,East,Store,Fitness,Yoga Mat,3,28.93,0.0,12.6
ORD005425,2024-07-08,C00234,West,Store,Fitness,Yoga Mat,1,29.91,0.05,12.6
ORD005961,2024-07-08,C00524,East,Marketplace,Home,Lamp,1,49.65,0.0,21.12
ORD005961,2024-07-08,C00524,East,Marketplace,Electronics,Headphones,2,85.68,0.0,49.3
ORD000360,2024-07-09,C00123,North,Store,Fitness,Dumbbells,1,71.93,0.1,39.9
ORD000360,2024-07-09,C00123,North,Store,Electronics,Headphones,2,89.43,0.15,49.3
ORD000549,2024-07-09,C00322,South,Online,Fitness,Dumbbells,1,67.62,0.1,39.9
ORD000549,2024-07-09,C00322,South,Online,Fitness,Resistance Bands,2,22.49,0.15,7.48
ORD001624,2024-07-09,C00665,North,Online,Beauty,Hair Dryer,1,76.02,0.0,39.0
ORD002260,2024-07-09,C00495,East,Store,Home,Storage Box,1,25.61,0.0,9.36
ORD002260,2024-07-09,C00495,East,Store,Electronics,Smartwatch,1,218.65,0.0,132.3
ORD003374,2024-07-09,C00455,South,Marketplace,Home,Storage Box,2,23.25,0.0,9.36
ORD003374,2024-07-09,C00455,South,Marketplace,Electronics,Smartwatch,2,201.36,0.05,132.3
ORD003906,2024-07-09,C00356,South,Marketplace,Beauty,Makeup Kit,1,38.43,0.0,14.0
ORD003906,2024-07-09,C00356,South,Marketplace,Home,Coffee Maker,1,96.09,0.2,52.25
ORD005092,2024-07-09,C01356,West,Marketplace,Beauty,Makeup Kit,1,42.16,0.0,14.0
ORD000604,2024-07-10,C00597,West,Online,Fitness,Yoga Mat,2,31.68,0.0,12.6
ORD000604,2024-07-10,C00597,West,Online,Home,Coffee Maker,1,97.1,0.1,52.25
ORD001340,2024-07-10,C00344,North,Store,Electronics,Keyboard,1,63.35,0.1,33.8
ORD001340,2024-07-10,C00344,North,Store,Electronics,Smartwatch,2,207.92,0.0,132.3
ORD002020,2024-07-10,C00653,East,Marketplace,Electronics,Headphones,1,84.95,0.0,49.3
ORD002020,2024-07-10,C00653,East,Marketplace,Fitness,Yoga Mat,1,29.15,0.2,12.6
ORD003612,2024-07-10,C00547,East,Online,Fitness,Dumbbells,1,69.85,0.1,39.9
ORD003612,2024-07-10,C00547,East,Online,Electronics,Smartwatch,2,224.52,0.15,132.3
ORD004216,2024-07-10,C00513,East,Online,Fitness,Dumbbells,1,67.33,0.15,39.9
ORD004216,2024-07-10,C00513,East,Online,Beauty,Makeup Kit,1,39.6,0.15,14.0
ORD005548,2024-07-10,C00176,East,Store,Beauty,Skin Care Set,3,46.6,0.15,16.65
ORD005548,2024-07-10,C00176,East,Store,Home,Lamp,2,49.45,0.1,21.12
ORD000027,2024-07-11,C00411,West,Online,Electronics,Smartwatch,1,218.48,0.0,132.3
ORD000027,2024-07-11,C00411,West,Online,Beauty,Hair Dryer,1,76.29,0.05,39.0
ORD000436,2024-07-11,C00003,North,Online,Electronics,Keyboard,3,69.32,0.1,33.8
ORD000436,2024-07-11,C00003,North,Online,Home,Lamp,1,47.35,0.15,21.12
ORD001517,2024-07-11,C00474,East,Online,Fitness,Yoga Mat,1,28.36,0.0,12.6
ORD001934,2024-07-11,C00417,East,Marketplace,Home,Lamp,1,46.96,0.05,21.12
ORD002538,2024-07-11,C00892,North,Online,Fitness,Yoga Mat,2,31.29,0.0,12.6
ORD003371,2024-07-11,C00136,West,Store,Fitness,Resistance Bands,1,23.25,0.05,7.48
ORD003455,2024-07-11,C00244,North,Store,Fitness,Yoga Mat,2,31.15,0.0,12.6
ORD003455,2024-07-11,C00244,North,Store,Fitness,Dumbbells,1,68.11,0.2,39.9
ORD004090,2024-07-11,C02193,South,Store,Beauty,Makeup Kit,1,39.38,0.05,14.0
ORD000589,2024-07-12,C00880,West,Online,Fitness,Dumbbells,1,69.0,0.05,39.9
ORD000892,2024-07-12,C00457,North,Store,Beauty,Makeup Kit,1,40.41,0.05,14.0
ORD003205,2024-07-12,C01676,South,Online,Home,Lamp,1,49.52,0.1,21.12
ORD003205,2024-07-12,C01676,South,Online,Fitness,Resistance Bands,2,21.13,0.0,7.48
ORD003329,2024-07-12,C00477,South,Store,Fitness,Yoga Mat,3,30.94,0.05,12.6
ORD003329,2024-07-12,C00477,South,Store,Beauty,Makeup Kit,2,43.02,0.15,14.0
ORD003671,2024-07-12,C01767,South,Online,Home,Coffee Maker,2,92.65,0.0,52.25
ORD003809,2024-07-12,C00238,South,Online,Fitness,Yoga Mat,2,31.01,0.3,12.6
ORD003968,2024-07-12,C00880,North,Store,Beauty,Makeup Kit,4,39.89,0.3,14.0
ORD003968,2024-07-12,C00880,North,Store,Beauty,Hair Dryer,1,80.46,0.05,39.0
ORD004547,2024-07-12,C00275,North,Store,Home,Coffee Maker,1,98.83,0.0,52.25
ORD004727,2024-07-12,C00381,West,Online,Fitness,Resistance Bands,1,22.14,0.15,7.48
ORD004727,2024-07-12,C00381,West,Online,Fitness,Resistance Bands,1,21.74,0.0,7.48
ORD004831,2024-07-12,C00571,West,Online,Electronics,Smartwatch,1,213.24,0.0,132.3
ORD004831,2024-07-12,C00571,West,Online,Fitness,Dumbbells,2,74.13,0.15,39.9
ORD005394,2024-07-12,C01905,South,Online,Fitness,Yoga Mat,2,30.25,0.0,12.6
ORD005394,2024-07-12,C01905,South,Online,Electronics,Keyboard,1,63.35,0.05,33.8
ORD005927,2024-07-12,C00489,North,Store,Beauty,Skin Care Set,2,42.45,0.0,16.65
ORD005927,2024-07-12,C00489,North,Store,Beauty,Hair Dryer,1,78.97,0.0,39.0
ORD002559,2024-07-13,C00343,West,Store,Fitness,Yoga Mat,2,31.13,0.0,12.6
ORD002648,2024-07-13,C00727,East,Online,Electronics,Keyboard,1,66.28,0.3,33.8
ORD002648,2024-07-13,C00727,East,Online,Home,Storage Box,1,23.98,0.0,9.36
ORD002740,2024-07-13,C00339,South,Online,Home,Lamp,1,48.31,0.15,21.12
ORD002740,2024-07-13,C00339,South,Online,Beauty,Hair Dryer,4,83.55,0.1,39.0
ORD003727,2024-07-13,C00719,East,Online,Home,Storage Box,1,25.13,0.05,9.36
ORD004985,2024-07-13,C00450,East,Marketplace,Home,Coffee Maker,1,93.68,0.15,52.25
ORD004985,2024-07-13,C00450,East,Marketplace,Beauty,Skin Care Set,2,43.3,0.15,16.65
ORD005509,2024-07-13,C00432,West,Online,Beauty,Makeup Kit,1,38.92,0.15,14.0
ORD005631,2024-07-13,C01960,West,Store,Electronics,Headphones,2,86.33,0.0,49.3
ORD005631,2024-07-13,C01960,West,Store,Fitness,Dumbbells,1,73.16,0.3,39.9
ORD005656,2024-07-13,C00110,East,Online,Home,Coffee Maker,3,94.07,0.05,52.25
ORD005656,2024-07-13,C00110,East,Online,Beauty,Hair Dryer,1,79.09,0.0,39.0
ORD005922,2024-07-13,C00079,North,Store,Home,Storage Box,1,24.93,0.1,9.36
ORD000998,2024-07-14,C00545,South,Store,Fitness,Dumbbells,1,74.15,0.05,39.9
ORD001648,2024-07-14,C00109,North,Online,Beauty,Makeup Kit,2,40.03,0.0,14.0
ORD001648,2024-07-14,C00109,North,Online,Home,Coffee Maker,2,95.2,0.2,52.25
ORD001735,2024-07-14,C01382,North,Store,Beauty,Hair Dryer,4,82.15,0.0,39.0
ORD001735,2024-07-14,C01382,North,Store,Beauty,Makeup Kit,2,39.67,0.0,14.0
ORD002001,2024-07-14,C00548,North,Online,Home,Coffee Maker,1,100.79,0.0,52.25
ORD002231,2024-07-14,C01094,South,Online,Beauty,Makeup Kit,1,39.87,0.05,14.0
ORD002231,2024-07-14,C01094,South,Online,Fitness,Resistance Bands,1,21.49,0.0,7.48
ORD004290,2024-07-14,C00402,South,Online,Home,Storage Box,1,24.47,0.2,9.36
ORD004290,2024-07-14,C00402,South,Online,Electronics,Keyboard,3,64.68,0.2,33.8
ORD004415,2024-07-14,C00463,West,Store,Home,Storage Box,1,24.83,0.05,9.36
ORD004415,2024-07-14,C00463,West,Store,Fitness,Yoga Mat,1,30.56,0.1,12.6
ORD004586,2024-07-14,C00135,East,Online,Electronics,Headphones,2,89.46,0.0,49.3
ORD004586,2024-07-14,C00135,East,Online,Beauty,Skin Care Set,1,48.5,0.0,16.65
ORD005243,2024-07-14,C01646,South,Online,Home,Coffee Maker,1,96.0,0.05,52.25
ORD005243,2024-07-14,C01646,South,Online,Beauty,Makeup Kit,1,41.66,0.15,14.0
ORD005370,2024-07-14,C00408,West,Store,Beauty,Hair Dryer,2,78.12,0.0,39.0
ORD005502,2024-07-14,C01139,South,Online,Fitness,Yoga Mat,2,30.76,0.0,12.6
ORD005637,2024-07-14,C00611,North,Online,Fitness,Dumbbells,2,72.49,0.1,39.9
ORD005637,2024-07-14,C00611,North,Online,Beauty,Hair Dryer,1,77.95,0.0,39.0
ORD005834,2024-07-14,C00585,West,Online,Fitness,Dumbbells,2,70.9,0.0,39.9
ORD005862,2024-07-14,C00182,East,Marketplace,Beauty,Hair Dryer,2,74.83,0.05,39.0
ORD005862,2024-07-14,C00182,East,Marketplace,Electronics,Keyboard,1,66.6,0.2,33.8
ORD000126,2024-07-15,C01717,East,Store,Beauty,Makeup Kit,2,39.36,0.0,14.0
ORD000126,2024-07-15,C01717,East,Store,Beauty,Makeup Kit,1,40.37,0.05,14.0
ORD000501,2024-07-15,C01121,West,Online,Home,Storage Box,2,22.67,0.1,9.36
ORD001238,2024-07-15,C00581,West,Store,Beauty,Hair Dryer,1,80.21,0.0,39.0
ORD001587,2024-07-15,C00253,East,Online,Beauty,Makeup Kit,2,40.23,0.1,14.0
ORD001587,2024-07-15,C00253,East,Online,Fitness,Yoga Mat,1,29.79,0.2,12.6
ORD002280,2024-07-15,C00653,West,Marketplace,Fitness,Yoga Mat,1,29.52,0.0,12.6
ORD002280,2024-07-15,C00653,West,Marketplace,Electronics,Keyboard,2,65.47,0.1,33.8
ORD003204,2024-07-15,C00213,East,Online,Electronics,Headphones,1,90.3,0.1,49.3
ORD003204,2024-07-15,C00213,East,Online,Electronics,Keyboard,2,66.18,0.15,33.8
ORD003943,2024-07-15,C00247,West,Store,Home,Lamp,1,46.95,0.0,21.12
ORD003943,2024-07-15,C00247,West,Store,Home,Coffee Maker,1,102.51,0.1,52.25
ORD005593,2024-07-15,C02116,South,Online,Fitness,Yoga Mat,1,31.28,0.05,12.6
ORD000594,2024-07-16,C00124,West,Online,Electronics,Keyboard,1,67.91,0.15,33.8
ORD001717,2024-07-16,C00433,North,Online,Fitness,Resistance Bands,1,21.18,0.05,7.48
ORD002271,2024-07-16,C00284,West,Online,Fitness,Resistance Bands,2,22.52,0.05,7.48
ORD002422,2024-07-16,C01904,West,Online,Fitness,Yoga Mat,1,32.22,0.0,12.6
ORD003347,2024-07-16,C00788,North,Online,Beauty,Skin Care Set,2,47.9,0.15,16.65
ORD003347,2024-07-16,C00788,North,Online,Fitness,Yoga Mat,2,31.29,0.0,12.6
ORD003690,2024-07-16,C00091,West,Marketplace,Fitness,Dumbbells,1,73.11,0.15,39.9
ORD005128,2024-07-16,C01194,South,Online,Beauty,Makeup Kit,1,40.12,0.05,14.0
ORD005128,2024-07-16,C01194,South,Online,Electronics,Smartwatch,3,199.34,0.1,132.3
ORD005278,2024-07-16,C00397,West,Marketplace,Fitness,Resistance Bands,1,23.2,0.0,7.48
ORD005278,2024-07-16,C00397,West,Marketplace,Fitness,Resistance Bands,1,22.26,0.05,7.48
ORD005294,2024-07-16,C00640,West,Online,Fitness,Yoga Mat,1,30.57,0.05,12.6
ORD005294,2024-07-16,C00640,West,Online,Home,Storage Box,1,25.79,0.15,9.36
ORD005330,2024-07-16,C00388,South,Marketplace,Fitness,Resistance Bands,1,22.2,0.15,7.48
ORD005330,2024-07-16,C00388,South,Marketplace,Home,Coffee Maker,1,92.71,0.0,52.25
ORD000319,2024-07-17,C01609,South,Online,Fitness,Dumbbells,1,71.37,0.05,39.9
ORD000779,2024-07-17,C00364,West,Online,Home,Storage Box,2,24.71,0.0,9.36
ORD000779,2024-07-17,C00364,West,Online,Fitness,Yoga Mat,3,31.19,0.05,12.6
ORD001894,2024-07-17,C00400,South,Marketplace,Beauty,Skin Care Set,1,43.01,0.05,16.65
ORD002463,2024-07-17,C00123,North,Store,Fitness,Dumbbells,2,68.0,0.15,39.9
ORD002463,2024-07-17,C00123,North,Store,Beauty,Skin Care Set,3,46.78,0.3,16.65
ORD003796,2024-07-17,C01438,East,Store,Beauty,Skin Care Set,1,47.57,0.1,16.65
ORD003796,2024-07-17,C01438,East,Store,Home,Lamp,2,49.15,0.2,21.12
ORD004535,2024-07-17,C00327,West,Online,Electronics,Smartwatch,1,202.22,0.2,132.3
ORD004535,2024-07-17,C00327,West,Online,Beauty,Makeup Kit,2,38.92,0.0,14.0
ORD004582,2024-07-17,C00408,North,Store,Beauty,Skin Care Set,2,44.51,0.0,16.65
ORD004582,2024-07-17,C00408,North,Store,Fitness,Resistance Bands,1,22.15,0.0,7.48
ORD005657,2024-07-17,C00647,West,Online,Fitness,Dumbbells,2,74.67,0.05,39.9
ORD005657,2024-07-17,C00647,West,Online,Home,Lamp,1,48.45,0.0,21.12
ORD000530,2024-07-18,C01814,West,Online,Home,Storage Box,1,23.83,0.2,9.36
ORD002095,2024-07-18,C00516,North,Online,Fitness,Resistance Bands,2,21.93,0.1,7.48
ORD004363,2024-07-18,C00610,East,Online,Beauty,Hair Dryer,1,81.87,0.1,39.0
ORD004363,2024-07-18,C00610,East,Online,Home,Lamp,1,46.75,0.05,21.12
ORD004511,2024-07-18,C01660,South,Online,Fitness,Dumbbells,2,72.69,0.05,39.9
ORD004614,2024-07-18,C00363,South,Marketplace,Electronics,Smartwatch,3,225.8,0.05,132.3
ORD004921,2024-07-18,C00494,East,Online,Electronics,Smartwatch,2,204.86,0.05,132.3
ORD004926,2024-07-18,C00490,East,Online,Electronics,Headphones,1,80.02,0.0,49.3
ORD004926,2024-07-18,C00490,East,Online,Fitness,Dumbbells,1,68.76,0.1,39.9
ORD005963,2024-07-18,C00655,East,Store,Fitness,Yoga Mat,1,31.72,0.0,12.6
ORD005963,2024-07-18,C00655,East,Store,Electronics,Smartwatch,2,204.47,0.0,132.3
ORD001317,2024-07-19,C00032,North,Online,Home,Coffee Maker,1,93.2,0.0,52.25
ORD001710,2024-07-19,C00132,East,Store,Electronics,Keyboard,4,65.89,0.05,33.8
ORD001710,2024-07-19,C00132,East,Store,Home,Storage Box,2,23.99,0.0,9.36
ORD002879,2024-07-19,C00657,South,Store,Beauty,Skin Care Set,1,44.78,0.1,16.65
ORD002879,2024-07-19,C00657,South,Store,Home,Storage Box,1,24.31,0.0,9.36
ORD003063,2024-07-19,C01716,South,Store,Home,Coffee Maker,1,96.77,0.1,52.25
ORD003063,2024-07-19,C01716,South,Store,Fitness,Dumbbells,1,72.64,0.0,39.9
ORD004572,2024-07-19,C00283,South,Marketplace,Beauty,Makeup Kit,2,40.98,0.1,14.0
ORD005766,2024-07-19,C02062,East,Store,Fitness,Resistance Bands,1,22.58,0.0,7.48
ORD005766,2024-07-19,C02062,East,Store,Beauty,Makeup Kit,3,39.45,0.15,14.0
ORD005910,2024-07-19,C00084,East,Online,Home,Coffee Maker,1,99.92,0.2,52.25
ORD005992,2024-07-19,C00497,North,Store,Fitness,Resistance Bands,2,20.73,0.15,7.48
ORD005992,2024-07-19,C00497,North,Store,Beauty,Hair Dryer,1,76.16,0.0,39.0
ORD000808,2024-07-20,C00206,South,Online,Home,Coffee Maker,1,90.65,0.1,52.25
ORD000808,2024-07-20,C00206,South,Online,Fitness,Resistance Bands,1,22.42,0.05,7.48
ORD001512,2024-07-20,C00103,North,Marketplace,Electronics,Smartwatch,3,226.63,0.3,132.3
ORD001876,2024-07-20,C00341,East,Store,Electronics,Smartwatch,2,202.61,0.05,132.3
ORD001876,2024-07-20,C00341,East,Store,Home,Lamp,1,47.5,0.15,21.12
ORD002438,2024-07-20,C00105,North,Online,Fitness,Resistance Bands,1,22.25,0.0,7.48
ORD002438,2024-07-20,C00105,North,Online,Home,Coffee Maker,2,96.96,0.0,52.25
ORD002826,2024-07-20,C00403,West,Store,Home,Coffee Maker,2,91.48,0.0,52.25
ORD003331,2024-07-20,C00514,South,Online,Electronics,Headphones,1,82.96,0.15,49.3
ORD003760,2024-07-20,C01935,North,Store,Electronics,Smartwatch,1,210.1,0.0,132.3
ORD003760,2024-07-20,C01935,North,Store,Home,Storage Box,1,23.07,0.05,9.36
ORD005586,2024-07-20,C01300,South,Store,Home,Coffee Maker,1,98.67,0.0,52.25
ORD005791,2024-07-20,C00265,West,Online,Home,Storage Box,2,25.06,0.0,9.36
ORD005791,2024-07-20,C00265,West,Online,Electronics,Keyboard,2,63.25,0.05,33.8
ORD005797,2024-07-20,C00301,East,Online,Fitness,Resistance Bands,1,21.45,0.0,7.48
ORD000694,2024-07-21,C00757,West,Store,Fitness,Resistance Bands,2,21.69,0.05,7.48
ORD001731,2024-07-21,C01184,East,Online,Fitness,Yoga Mat,1,29.55,0.05,12.6
ORD001731,2024-07-21,C01184,East,Online,Fitness,Resistance Bands,1,21.33,0.0,7.48
ORD002222,2024-07-21,C00009,South,Store,Home,Storage Box,1,24.69,0.0,9.36
ORD002222,2024-07-21,C00009,South,Store,Home,Storage Box,1,24.24,0.0,9.36
ORD003048,2024-07-21,C00193,West,Online,Electronics,Smartwatch,1,216.63,0.0,132.3
ORD003821,2024-07-21,C02018,North,Online,Electronics,Keyboard,1,62.64,0.0,33.8
ORD005491,2024-07-21,C00393,East,Online,Home,Lamp,1,47.17,0.1,21.12
ORD005491,2024-07-21,C00393,East,Online,Beauty,Skin Care Set,1,45.22,0.1,16.65
ORD005515,2024-07-21,C01826,South,Store,Electronics,Keyboard,2,66.26,0.2,33.8
ORD005515,2024-07-21,C01826,South,Store,Fitness,Yoga Mat,3,28.99,0.1,12.6
ORD001545,2024-07-22,C00457,West,Online,Fitness,Yoga Mat,2,30.94,0.0,12.6
ORD001545,2024-07-22,C00457,West,Online,Fitness,Dumbbells,1,70.31,0.05,39.9
ORD002704,2024-07-22,C00278,East,Store,Fitness,Yoga Mat,4,30.4,0.1,12.6
ORD002704,2024-07-22,C00278,East,Store,Electronics,Smartwatch,2,201.71,0.0,132.3
ORD004137,2024-07-22,C00762,North,Marketplace,Fitness,Dumbbells,3,75.3,0.1,39.9
ORD004137,2024-07-22,C00762,North,Marketplace,Fitness,Yoga Mat,1,28.56,0.1,12.6
ORD005235,2024-07-22,C00795,North,Online,Beauty,Makeup Kit,1,41.96,0.05,14.0
ORD005235,2024-07-22,C00795,North,Online,Home,Storage Box,1,24.37,0.05,9.36
ORD000053,2024-07-23,C01272,North,Online,Electronics,Headphones,1,87.96,0.0,49.3
ORD004233,2024-07-23,C00639,East,Online,Home,Coffee Maker,3,91.6,0.05,52.25
ORD004233,2024-07-23,C00639,East,Online,Beauty,Skin Care Set,1,46.61,0.05,16.65
ORD004846,2024-07-23,C00502,West,Online,Electronics,Keyboard,4,62.04,0.15,33.8
ORD000260,2024-07-24,C00162,West,Online,Home,Storage Box,1,25.62,0.0,9.36
ORD000260,2024-07-24,C00162,West,Online,Fitness,Resistance Bands,2,22.35,0.2,7.48
ORD000881,2024-07-24,C00440,South,Online,Beauty,Makeup Kit,1,40.51,0.15,14.0
ORD001062,2024-07-24,C00022,East,Store,Electronics,Headphones,1,82.12,0.0,49.3
ORD001519,2024-07-24,C00187,North,Store,Home,Lamp,1,47.82,0.05,21.12
ORD002908,2024-07-24,C01553,North,Online,Fitness,Yoga Mat,2,29.17,0.0,12.6
ORD002908,2024-07-24,C01553,North,Online,Home,Lamp,1,50.88,0.0,21.12
ORD004015,2024-07-24,C00543,South,Store,Fitness,Yoga Mat,4,30.07,0.15,12.6
ORD004015,2024-07-24,C00543,South,Store,Beauty,Hair Dryer,1,81.07,0.05,39.0
ORD004178,2024-07-24,C01147,West,Online,Home,Storage Box,1,25.28,0.15,9.36
ORD004487,2024-07-24,C00182,South,Store,Fitness,Dumbbells,1,73.96,0.15,39.9
ORD004487,2024-07-24,C00182,South,Store,Home,Storage Box,3,24.84,0.0,9.36
ORD000073,2024-07-25,C01884,East,Online,Fitness,Dumbbells,1,69.46,0.15,39.9
ORD000346,2024-07-25,C00377,North,Store,Electronics,Headphones,1,89.83,0.1,49.3
ORD000376,2024-07-25,C00114,West,Store,Electronics,Smartwatch,1,205.97,0.1,132.3
ORD002521,2024-07-25,C00146,North,Store,Beauty,Skin Care Set,1,48.12,0.3,16.65
ORD002521,2024-07-25,C00146,North,Store,Home,Lamp,1,51.57,0.0,21.12
ORD003050,2024-07-25,C00287,West,Online,Fitness,Resistance Bands,1,21.13,0.05,7.48
ORD003840,2024-07-25,C00146,East,Online,Fitness,Yoga Mat,1,29.17,0.1,12.6
ORD003840,2024-07-25,C00146,East,Online,Electronics,Smartwatch,1,215.61,0.1,132.3
ORD004258,2024-07-25,C00694,South,Store,Home,Storage Box,1,22.62,0.05,9.36
ORD005529,2024-07-25,C00583,East,Online,Beauty,Hair Dryer,2,76.74,0.0,39.0
ORD005529,2024-07-25,C00583,East,Online,Fitness,Yoga Mat,1,28.79,0.0,12.6
ORD001221,2024-07-26,C00216,North,Store,Electronics,Headphones,2,89.12,0.2,49.3
ORD001272,2024-07-26,C00144,North,Store,Fitness,Resistance Bands,1,22.6,0.0,7.48
ORD001272,2024-07-26,C00144,North,Store,Beauty,Hair Dryer,1,76.34,0.2,39.0
ORD001725,2024-07-26,C00114,North,Store,Fitness,Resistance Bands,2,20.81,0.05,7.48
ORD001725,2024-07-26,C00114,North,Store,Home,Coffee Maker,2,96.79,0.2,52.25
ORD001778,2024-07-26,C01749,East,Online,Home,Lamp,2,50.56,0.3,21.12
ORD001778,2024-07-26,C01749,East,Online,Home,Lamp,1,50.46,0.0,21.12
ORD002937,2024-07-26,C00326,North,Online,Home,Storage Box,2,22.96,0.1,9.36
ORD002937,2024-07-26,C00326,North,Online,Electronics,Smartwatch,2,224.11,0.1,132.3
ORD004601,2024-07-26,C00523,West,Store,Beauty,Skin Care Set,2,45.52,0.1,16.65
ORD004601,2024-07-26,C00523,West,Store,Electronics,Headphones,3,82.75,0.0,49.3
ORD005137,2024-07-26,C01519,North,Store,Fitness,Dumbbells,1,73.23,0.15,39.9
ORD005137,2024-07-26,C01519,North,Store,Electronics,Headphones,1,80.17,0.05,49.3
ORD005793,2024-07-26,C00421,East,Marketplace,Home,Lamp,1,46.29,0.05,21.12
ORD000953,2024-07-27,C00134,West,Online,Beauty,Makeup Kit,2,40.06,0.05,14.0
ORD001111,2024-07-27,C00308,North,Store,Beauty,Makeup Kit,3,37.71,0.15,14.0
ORD001111,2024-07-27,C00308,North,Store,Beauty,Makeup Kit,2,43.05,0.0,14.0
ORD001336,2024-07-27,C01142,North,Online,Home,Lamp,1,47.44,0.1,21.12
ORD001336,2024-07-27,C01142,North,Online,Electronics,Keyboard,3,61.46,0.05,33.8
ORD001396,2024-07-27,C00174,West,Online,Fitness,Resistance Bands,1,21.61,0.0,7.48
ORD001396,2024-07-27,C00174,West,Online,Home,Storage Box,1,24.81,0.15,9.36
ORD001782,2024-07-27,C00023,South,Online,Fitness,Resistance Bands,1,21.4,0.3,7.48
ORD002577,2024-07-27,C00656,West,Online,Beauty,Skin Care Set,1,43.09,0.0,16.65
ORD003027,2024-07-27,C00579,North,Online,Electronics,Headphones,1,80.11,0.0,49.3
ORD003850,2024-07-27,C00536,West,Online,Beauty,Skin Care Set,1,48.31,0.05,16.65
ORD004475,2024-07-27,C00572,North,Online,Beauty,Makeup Kit,2,37.89,0.05,14.0
ORD004905,2024-07-27,C00255,North,Online,Electronics,Keyboard,2,69.55,0.0,33.8
ORD004905,2024-07-27,C00255,North,Online,Beauty,Skin Care Set,2,45.47,0.05,16.65
ORD005947,2024-07-27,C00980,East,Marketplace,Beauty,Makeup Kit,2,42.18,0.0,14.0
ORD005947,2024-07-27,C00980,East,Marketplace,Fitness,Resistance Bands,1,23.74,0.3,7.48
ORD000269,2024-07-28,C01980,East,Online,Beauty,Skin Care Set,3,47.44,0.0,16.65
ORD000640,2024-07-28,C00653,North,Store,Fitness,Resistance Bands,1,20.92,0.15,7.48
ORD000640,2024-07-28,C00653,North,Store,Fitness,Resistance Bands,1,20.69,0.05,7.48
ORD001106,2024-07-28,C00781,North,Online,Electronics,Headphones,3,83.57,0.2,49.3
ORD005392,2024-07-28,C00689,North,Store,Electronics,Keyboard,4,62.08,0.0,33.8
ORD005392,2024-07-28,C00689,North,Store,Fitness,Dumbbells,2,73.32,0.15,39.9
ORD001103,2024-07-29,C00686,North,Online,Home,Storage Box,2,23.17,0.05,9.36
ORD001555,2024-07-29,C00788,South,Store,Beauty,Makeup Kit,1,41.39,0.1,14.0
ORD002137,2024-07-29,C00089,East,Store,Home,Storage Box,1,25.83,0.0,9.36
ORD002771,2024-07-29,C00495,North,Store,Fitness,Yoga Mat,4,29.82,0.05,12.6
ORD003380,2024-07-29,C00591,West,Online,Beauty,Hair Dryer,2,78.28,0.0,39.0
ORD003380,2024-07-29,C00591,West,Online,Beauty,Skin Care Set,3,47.06,0.0,16.65
ORD003457,2024-07-29,C00397,North,Store,Home,Storage Box,1,24.7,0.0,9.36
ORD003753,2024-07-29,C00591,South,Store,Home,Coffee Maker,3,98.91,0.1,52.25
ORD003806,2024-07-29,C00542,West,Online,Home,Storage Box,1,23.66,0.0,9.36
ORD005929,2024-07-29,C01498,South,Marketplace,Home,Storage Box,1,25.79,0.2,9.36
ORD001167,2024-07-30,C01905,North,Online,Electronics,Smartwatch,1,224.34,0.1,132.3
ORD001167,2024-07-30,C01905,North,Online,Home,Storage Box,2,22.84,0.0,9.36
ORD001354,2024-07-30,C00235,South,Online,Fitness,Resistance Bands,1,22.41,0.05,7.48
ORD001354,2024-07-30,C00235,South,Online,Home,Lamp,1,51.69,0.0,21.12
ORD002533,2024-07-30,C00139,North,Online,Home,Lamp,1,47.22,0.3,21.12
ORD003197,2024-07-30,C00196,South,Online,Electronics,Smartwatch,2,201.36,0.0,132.3
ORD003197,2024-07-30,C00196,South,Online,Fitness,Resistance Bands,2,21.51,0.05,7.48
ORD003299,2024-07-30,C01682,North,Online,Fitness,Resistance Bands,1,22.13,0.0,7.48
ORD003299,2024-07-30,C01682,North,Online,Electronics,Smartwatch,1,200.88,0.0,132.3
ORD003482,2024-07-30,C00039,South,Online,Electronics,Smartwatch,1,208.82,0.05,132.3
ORD003482,2024-07-30,C00039,South,Online,Beauty,Hair Dryer,2,77.59,0.1,39.0
ORD005353,2024-07-30,C00134,West,Online,Fitness,Resistance Bands,2,20.8,0.05,7.48
ORD000320,2024-07-31,C00649,West,Store,Beauty,Makeup Kit,1,40.7,0.1,14.0
ORD000320,2024-07-31,C00649,West,Store,Fitness,Resistance Bands,1,21.74,0.2,7.48
ORD000437,2024-07-31,C00104,West,Store,Beauty,Hair Dryer,1,74.3,0.0,39.0
ORD000587,2024-07-31,C00559,North,Store,Fitness,Resistance Bands,2,23.41,0.2,7.48
ORD000769,2024-07-31,C00668,North,Online,Home,Lamp,1,49.66,0.15,21.12
ORD000769,2024-07-31,C00668,North,Online,Electronics,Smartwatch,1,216.4,0.05,132.3
ORD001423,2024-07-31,C00374,North,Online,Beauty,Makeup Kit,1,38.33,0.1,14.0
ORD001423,2024-07-31,C00374,North,Online,Electronics,Headphones,1,88.18,0.0,49.3
ORD001637,2024-07-31,C00894,South,Store,Home,Coffee Maker,2,102.5,0.0,52.25
ORD002620,2024-07-31,C00914,East,Online,Home,Storage Box,2,23.81,0.0,9.36
ORD003140,2024-07-31,C00220,South,Marketplace,Home,Coffee Maker,2,93.59,0.0,52.25
ORD003140,2024-07-31,C00220,South,Marketplace,Home,Coffee Maker,1,90.4,0.15,52.25
ORD003401,2024-07-31,C00531,West,Store,Home,Coffee Maker,1,99.13,0.2,52.25
ORD003401,2024-07-31,C00531,West,Store,Electronics,Headphones,1,81.61,0.0,49.3
ORD004211,2024-07-31,C01924,West,Marketplace,Beauty,Skin Care Set,1,45.91,0.0,16.65
ORD004622,2024-07-31,C00523,North,Online,Beauty,Makeup Kit,2,39.9,0.05,14.0
ORD004622,2024-07-31,C00523,North,Online,Beauty,Makeup Kit,1,39.33,0.0,14.0
ORD001443,2024-08-01,C01302,South,Online,Home,Storage Box,1,25.09,0.05,9.36
ORD001443,2024-08-01,C01302,South,Online,Beauty,Hair Dryer,1,79.98,0.15,39.0
ORD001698,2024-08-01,C00533,North,Online,Home,Coffee Maker,1,94.8,0.0,52.25
ORD001698,2024-08-01,C00533,North,Online,Fitness,Resistance Bands,2,20.82,0.0,7.48
ORD005711,2024-08-01,C00024,South,Store,Electronics,Headphones,2,84.72,0.15,49.3
ORD000864,2024-08-02,C00486,South,Online,Home,Coffee Maker,2,95.18,0.1,52.25
ORD000864,2024-08-02,C00486,South,Online,Beauty,Hair Dryer,2,82.47,0.0,39.0
ORD001410,2024-08-02,C00371,South,Store,Fitness,Resistance Bands,2,20.83,0.05,7.48
ORD001410,2024-08-02,C00371,South,Store,Beauty,Skin Care Set,2,44.11,0.1,16.65
ORD001788,2024-08-02,C00406,East,Online,Home,Storage Box,1,23.9,0.0,9.36
ORD001788,2024-08-02,C00406,East,Online,Home,Storage Box,3,25.77,0.0,9.36
ORD002254,2024-08-02,C00355,South,Online,Beauty,Skin Care Set,2,48.43,0.2,16.65
ORD003031,2024-08-02,C00039,East,Online,Home,Lamp,4,51.49,0.05,21.12
ORD003528,2024-08-02,C00681,East,Marketplace,Home,Coffee Maker,2,95.88,0.05,52.25
ORD004806,2024-08-02,C00116,North,Online,Beauty,Hair Dryer,3,81.18,0.3,39.0
ORD004806,2024-08-02,C00116,North,Online,Electronics,Smartwatch,3,222.77,0.05,132.3
ORD004827,2024-08-02,C00295,North,Store,Home,Storage Box,1,23.0,0.3,9.36
ORD005216,2024-08-02,C01677,South,Online,Electronics,Keyboard,1,66.57,0.15,33.8
ORD005216,2024-08-02,C01677,South,Online,Electronics,Smartwatch,1,206.05,0.0,132.3
ORD005475,2024-08-02,C00079,West,Marketplace,Electronics,Headphones,2,82.72,0.0,49.3
ORD005674,2024-08-02,C00107,North,Store,Fitness,Dumbbells,1,71.24,0.0,39.9
ORD005674,2024-08-02,C00107,North,Store,Fitness,Resistance Bands,1,22.13,0.15,7.48
ORD005777,2024-08-02,C01664,South,Online,Beauty,Skin Care Set,1,47.16,0.3,16.65
ORD000278,2024-08-03,C00554,South,Store,Home,Coffee Maker,4,97.98,0.1,52.25
ORD000278,2024-08-03,C00554,South,Store,Fitness,Yoga Mat,1,32.4,0.0,12.6
ORD001709,2024-08-03,C00318,East,Store,Beauty,Skin Care Set,3,44.69,0.1,16.65
ORD002130,2024-08-03,C01581,South,Online,Electronics,Headphones,2,84.59,0.05,49.3
ORD002130,2024-08-03,C01581,South,Online,Beauty,Makeup Kit,1,42.8,0.05,14.0
ORD002599,2024-08-03,C00244,East,Online,Beauty,Hair Dryer,2,81.79,0.2,39.0
ORD002599,2024-08-03,C00244,East,Online,Beauty,Makeup Kit,1,39.03,0.0,14.0
ORD002863,2024-08-03,C00532,North,Online,Home,Storage Box,1,25.41,0.0,9.36
ORD002863,2024-08-03,C00532,North,Online,Fitness,Yoga Mat,1,29.35,0.15,12.6
ORD004360,2024-08-03,C00079,North,Online,Home,Storage Box,1,24.39,0.05,9.36
ORD005428,2024-08-03,C00346,West,Online,Beauty,Hair Dryer,1,78.11,0.1,39.0
ORD000054,2024-08-04,C00075,South,Marketplace,Home,Coffee Maker,2,98.53,0.1,52.25
ORD000054,2024-08-04,C00075,South,Marketplace,Beauty,Hair Dryer,2,75.5,0.0,39.0
ORD000780,2024-08-04,C00508,East,Store,Electronics,Headphones,2,79.91,0.0,49.3
ORD000805,2024-08-04,C00425,South,Store,Beauty,Makeup Kit,3,42.09,0.1,14.0
ORD000859,2024-08-04,C01220,South,Store,Beauty,Makeup Kit,1,42.65,0.15,14.0
ORD000859,2024-08-04,C01220,South,Store,Fitness,Yoga Mat,1,31.53,0.0,12.6
ORD001364,2024-08-04,C00502,East,Online,Beauty,Makeup Kit,2,42.8,0.15,14.0
ORD001364,2024-08-04,C00502,East,Online,Home,Lamp,1,47.52,0.1,21.12
ORD003342,2024-08-04,C00018,South,Online,Fitness,Yoga Mat,1,30.24,0.05,12.6
ORD003812,2024-08-04,C00283,South,Store,Electronics,Keyboard,1,61.11,0.1,33.8
ORD003812,2024-08-04,C00283,South,Store,Electronics,Smartwatch,2,202.82,0.0,132.3
ORD003909,2024-08-04,C01081,East,Online,Beauty,Hair Dryer,1,81.41,0.1,39.0
ORD004423,2024-08-04,C00655,North,Online,Fitness,Resistance Bands,3,21.73,0.0,7.48
ORD004677,2024-08-04,C00869,West,Online,Home,Storage Box,2,23.63,0.15,9.36
ORD004911,2024-08-04,C00114,North,Online,Beauty,Hair Dryer,2,76.14,0.2,39.0
ORD005052,2024-08-04,C00647,North,Marketplace,Fitness,Resistance Bands,1,21.85,0.05,7.48
ORD005052,2024-08-04,C00647,North,Marketplace,Electronics,Headphones,1,80.7,0.1,49.3
ORD000840,2024-08-05,C00270,East,Store,Fitness,Dumbbells,3,68.61,0.0,39.9
ORD000840,2024-08-05,C00270,East,Store,Home,Storage Box,2,25.66,0.1,9.36
ORD001306,2024-08-05,C01212,South,Online,Fitness,Resistance Bands,1,21.2,0.0,7.48
ORD002522,2024-08-05,C00431,East,Online,Electronics,Headphones,3,86.14,0.0,49.3
ORD003456,2024-08-05,C02015,East,Store,Electronics,Smartwatch,3,210.33,0.3,132.3
ORD003456,2024-08-05,C02015,East,Store,Beauty,Hair Dryer,2,76.19,0.3,39.0
ORD003803,2024-08-05,C00589,West,Online,Beauty,Skin Care Set,2,47.35,0.1,16.65
ORD004288,2024-08-05,C01917,East,Online,Fitness,Resistance Bands,1,22.66,0.05,7.48
ORD005798,2024-08-05,C00103,North,Marketplace,Beauty,Skin Care Set,4,44.65,0.15,16.65
ORD005798,2024-08-05,C00103,North,Marketplace,Beauty,Hair Dryer,1,76.08,0.1,39.0
ORD000045,2024-08-06,C00696,West,Online,Electronics,Headphones,3,91.71,0.15,49.3
ORD000562,2024-08-06,C00329,North,Online,Electronics,Headphones,2,90.73,0.3,49.3
ORD000562,2024-08-06,C00329,North,Online,Fitness,Resistance Bands,1,20.86,0.0,7.48
ORD001074,2024-08-06,C01156,East,Store,Electronics,Headphones,2,85.51,0.0,49.3
ORD001074,2024-08-06,C01156,East,Store,Beauty,Skin Care Set,1,48.58,0.0,16.65
ORD001853,2024-08-06,C00251,East,Store,Home,Coffee Maker,1,91.24,0.05,52.25
ORD001853,2024-08-06,C00251,East,Store,Electronics,Headphones,1,91.29,0.2,49.3
ORD002104,2024-08-06,C00138,East,Store,Beauty,Skin Care Set,2,47.84,0.0,16.65
ORD002104,2024-08-06,C00138,East,Store,Home,Storage Box,1,24.86,0.1,9.36
ORD002116,2024-08-06,C00487,South,Online,Electronics,Headphones,2,87.7,0.1,49.3
ORD002116,2024-08-06,C00487,South,Online,Beauty,Skin Care Set,2,48.09,0.15,16.65
ORD002202,2024-08-06,C00564,North,Store,Fitness,Dumbbells,1,67.54,0.1,39.9
ORD003638,2024-08-06,C00179,East,Marketplace,Electronics,Smartwatch,2,203.09,0.1,132.3
ORD000034,2024-08-07,C00136,West,Marketplace,Home,Storage Box,1,24.51,0.0,9.36
ORD000034,2024-08-07,C00136,West,Marketplace,Beauty,Makeup Kit,1,40.91,0.1,14.0
ORD000781,2024-08-07,C00291,South,Store,Beauty,Skin Care Set,1,43.08,0.05,16.65
ORD001041,2024-08-07,C00607,West,Store,Electronics,Keyboard,2,63.79,0.05,33.8
ORD001041,2024-08-07,C00607,West,Store,Fitness,Resistance Bands,2,22.39,0.1,7.48
ORD001356,2024-08-07,C00236,East,Store,Electronics,Smartwatch,1,217.62,0.1,132.3
ORD002978,2024-08-07,C00448,West,Store,Electronics,Headphones,2,83.21,0.0,49.3
ORD002987,2024-08-07,C00848,South,Store,Fitness,Dumbbells,1,71.99,0.2,39.9
ORD003762,2024-08-07,C00144,East,Marketplace,Home,Storage Box,1,22.67,0.05,9.36
ORD003762,2024-08-07,C00144,East,Marketplace,Home,Coffee Maker,3,100.67,0.1,52.25
ORD004945,2024-08-07,C01730,South,Online,Electronics,Smartwatch,2,218.52,0.1,132.3
ORD004945,2024-08-07,C01730,South,Online,Home,Storage Box,1,25.42,0.0,9.36
ORD005374,2024-08-07,C01618,East,Online,Beauty,Hair Dryer,1,80.38,0.05,39.0
ORD000201,2024-08-08,C00506,North,Online,Fitness,Resistance Bands,3,21.66,0.15,7.48
ORD000201,2024-08-08,C00506,North,Online,Home,Coffee Maker,1,97.2,0.15,52.25
ORD000304,2024-08-08,C00269,East,Online,Fitness,Dumbbells,1,67.9,0.05,39.9
ORD000304,2024-08-08,C00269,East,Online,Beauty,Makeup Kit,1,38.76,0.0,14.0
ORD000661,2024-08-08,C00439,South,Store,Fitness,Dumbbells,1,70.18,0.05,39.9
ORD000661,2024-08-08,C00439,South,Store,Beauty,Skin Care Set,2,45.27,0.1,16.65
ORD000806,2024-08-08,C00020,East,Online,Home,Coffee Maker,2,102.22,0.05,52.25
ORD000999,2024-08-08,C00624,West,Online,Home,Coffee Maker,1,91.75,0.1,52.25
ORD000999,2024-08-08,C00624,West,Online,Electronics,Headphones,1,81.71,0.0,49.3
ORD002197,2024-08-08,C00688,West,Online,Electronics,Keyboard,2,63.26,0.0,33.8
ORD002197,2024-08-08,C00688,West,Online,Fitness,Resistance Bands,4,21.16,0.05,7.48
ORD002238,2024-08-08,C00560,North,Store,Electronics,Smartwatch,1,201.47,0.0,132.3
ORD002238,2024-08-08,C00560,North,Store,Electronics,Smartwatch,2,199.43,0.0,132.3
ORD002415,2024-08-08,C00304,West,Online,Home,Coffee Maker,3,98.26,0.1,52.25
ORD004095,2024-08-08,C00683,West,Store,Home,Coffee Maker,3,93.68,0.0,52.25
ORD004095,2024-08-08,C00683,West,Store,Beauty,Makeup Kit,1,38.08,0.2,14.0
ORD004111,2024-08-08,C00539,West,Store,Home,Storage Box,1,25.01,0.2,9.36
ORD004111,2024-08-08,C00539,West,Store,Fitness,Dumbbells,1,70.47,0.05,39.9
ORD004850,2024-08-08,C01352,North,Store,Electronics,Keyboard,1,67.44,0.05,33.8
ORD004850,2024-08-08,C01352,North,Store,Beauty,Hair Dryer,1,76.0,0.1,39.0
ORD005710,2024-08-08,C00071,West,Online,Beauty,Hair Dryer,1,73.52,0.15,39.0
ORD005760,2024-08-08,C00797,South,Online,Electronics,Smartwatch,1,197.9,0.15,132.3
ORD005760,2024-08-08,C00797,South,Online,Home,Storage Box,1,23.43,0.05,9.36
ORD000546,2024-08-09,C00264,South,Online,Fitness,Dumbbells,3,68.38,0.2,39.9
ORD000546,2024-08-09,C00264,South,Online,Home,Coffee Maker,2,90.83,0.1,52.25
ORD000764,2024-08-09,C00490,South,Store,Electronics,Smartwatch,1,219.77,0.0,132.3
ORD000764,2024-08-09,C00490,South,Store,Electronics,Headphones,1,82.34,0.0,49.3
ORD001544,2024-08-09,C00300,West,Store,Beauty,Hair Dryer,2,80.85,0.05,39.0
ORD001544,2024-08-09,C00300,West,Store,Fitness,Resistance Bands,2,21.73,0.3,7.48
ORD002528,2024-08-09,C01818,East,Online,Home,Storage Box,4,22.68,0.1,9.36
ORD002528,2024-08-09,C01818,East,Online,Electronics,Keyboard,1,62.37,0.0,33.8
ORD005956,2024-08-09,C00650,West,Online,Home,Storage Box,1,25.05,0.05,9.36
ORD005956,2024-08-09,C00650,West,Online,Beauty,Hair Dryer,4,75.8,0.1,39.0
ORD002654,2024-08-10,C00601,West,Store,Electronics,Smartwatch,3,199.48,0.1,132.3
ORD002927,2024-08-10,C00476,East,Online,Electronics,Headphones,1,87.71,0.0,49.3
ORD002927,2024-08-10,C00476,East,Online,Fitness,Yoga Mat,1,31.33,0.1,12.6
ORD004479,2024-08-10,C01834,East,Online,Beauty,Skin Care Set,2,44.04,0.05,16.65
ORD004767,2024-08-10,C01200,East,Online,Beauty,Makeup Kit,2,42.0,0.1,14.0
ORD004872,2024-08-10,C00500,South,Online,Beauty,Skin Care Set,1,48.59,0.15,16.65
ORD004872,2024-08-10,C00500,South,Online,Home,Storage Box,3,25.77,0.1,9.36
ORD000139,2024-08-11,C00881,South,Marketplace,Beauty,Hair Dryer,1,83.23,0.15,39.0
ORD000502,2024-08-11,C00670,West,Online,Fitness,Resistance Bands,1,22.69,0.3,7.48
ORD001693,2024-08-11,C00605,West,Store,Beauty,Makeup Kit,1,37.65,0.05,14.0
ORD002089,2024-08-11,C00429,West,Store,Home,Storage Box,1,23.03,0.1,9.36
ORD002089,2024-08-11,C00429,West,Store,Fitness,Dumbbells,3,66.3,0.05,39.9
ORD004705,2024-08-11,C00419,North,Store,Beauty,Skin Care Set,4,47.96,0.3,16.65
ORD004705,2024-08-11,C00419,North,Store,Home,Coffee Maker,2,97.07,0.0,52.25
ORD005106,2024-08-11,C00022,West,Store,Home,Lamp,1,46.42,0.0,21.12
ORD005495,2024-08-11,C00057,North,Marketplace,Electronics,Keyboard,3,61.81,0.2,33.8
ORD005495,2024-08-11,C00057,North,Marketplace,Beauty,Hair Dryer,1,80.14,0.15,39.0
ORD005738,2024-08-11,C00186,West,Online,Home,Lamp,1,47.51,0.05,21.12
ORD005738,2024-08-11,C00186,West,Online,Fitness,Dumbbells,4,67.4,0.2,39.9
ORD000222,2024-08-12,C00933,East,Store,Home,Coffee Maker,4,93.82,0.1,52.25
ORD000222,2024-08-12,C00933,East,Store,Beauty,Skin Care Set,1,43.83,0.15,16.65
ORD000554,2024-08-12,C00175,North,Store,Fitness,Resistance Bands,1,23.45,0.05,7.48
ORD000560,2024-08-12,C00641,North,Store,Fitness,Resistance Bands,1,21.88,0.1,7.48
ORD000560,2024-08-12,C00641,North,Store,Fitness,Resistance Bands,2,22.32,0.0,7.48
ORD001145,2024-08-12,C00661,East,Online,Home,Lamp,1,45.65,0.15,21.12
ORD001145,2024-08-12,C00661,East,Online,Electronics,Keyboard,2,61.79,0.1,33.8
ORD002046,2024-08-12,C00527,North,Online,Beauty,Makeup Kit,2,39.74,0.0,14.0
ORD003103,2024-08-12,C00507,East,Online,Home,Coffee Maker,1,90.02,0.2,52.25
ORD003103,2024-08-12,C00507,East,Online,Fitness,Yoga Mat,1,29.78,0.0,12.6
ORD004089,2024-08-12,C01942,South,Online,Home,Coffee Maker,1,101.57,0.2,52.25
ORD004089,2024-08-12,C01942,South,Online,Home,Coffee Maker,3,93.46,0.3,52.25
ORD004575,2024-08-12,C00124,East,Online,Beauty,Skin Care Set,2,44.49,0.1,16.65
ORD004897,2024-08-12,C00167,South,Marketplace,Electronics,Smartwatch,1,200.73,0.05,132.3
ORD000419,2024-08-13,C00750,West,Marketplace,Electronics,Headphones,2,85.91,0.05,49.3
ORD000419,2024-08-13,C00750,West,Marketplace,Fitness,Resistance Bands,2,21.9,0.15,7.48
ORD000459,2024-08-13,C00624,West,Store,Fitness,Resistance Bands,1,23.02,0.2,7.48
ORD000674,2024-08-13,C00620,North,Online,Home,Coffee Maker,3,94.53,0.05,52.25
ORD000714,2024-08-13,C00547,North,Store,Beauty,Skin Care Set,1,45.75,0.0,16.65
ORD001113,2024-08-13,C00275,East,Online,Electronics,Keyboard,1,68.6,0.0,33.8
ORD001295,2024-08-13,C00674,North,Online,Fitness,Dumbbells,4,68.76,0.0,39.9
ORD001951,2024-08-13,C01302,North,Online,Fitness,Resistance Bands,1,22.0,0.0,7.48
ORD001951,2024-08-13,C01302,North,Online,Home,Storage Box,1,25.5,0.0,9.36
ORD002637,2024-08-13,C00530,South,Online,Beauty,Makeup Kit,4,40.03,0.15,14.0
ORD002637,2024-08-13,C00530,South,Online,Beauty,Skin Care Set,1,46.41,0.0,16.65
ORD004231,2024-08-13,C00404,North,Online,Electronics,Keyboard,4,68.62,0.1,33.8
ORD004231,2024-08-13,C00404,North,Online,Fitness,Dumbbells,2,74.11,0.0,39.9
ORD004830,2024-08-13,C00187,East,Online,Fitness,Resistance Bands,3,22.7,0.1,7.48
ORD005291,2024-08-13,C00827,East,Store,Home,Storage Box,1,23.51,0.15,9.36
ORD005291,2024-08-13,C00827,East,Store,Beauty,Hair Dryer,3,83.69,0.0,39.0
ORD005378,2024-08-13,C00398,East,Online,Home,Coffee Maker,1,93.29,0.0,52.25
ORD005378,2024-08-13,C00398,East,Online,Home,Coffee Maker,2,90.94,0.05,52.25
ORD005780,2024-08-13,C01773,East,Store,Fitness,Yoga Mat,1,31.45,0.2,12.6
ORD005810,2024-08-13,C00604,East,Store,Electronics,Smartwatch,3,197.78,0.0,132.3
ORD005810,2024-08-13,C00604,East,Store,Electronics,Keyboard,4,62.3,0.05,33.8
ORD005897,2024-08-13,C01734,North,Online,Fitness,Dumbbells,3,67.84,0.1,39.9
ORD005951,2024-08-13,C00843,West,Store,Electronics,Headphones,2,85.02,0.05,49.3
ORD000043,2024-08-14,C01567,West,Store,Home,Lamp,1,50.55,0.15,21.12
ORD000043,2024-08-14,C01567,West,Store,Beauty,Hair Dryer,1,83.73,0.0,39.0
ORD001929,2024-08-14,C00126,East,Online,Home,Storage Box,1,25.35,0.05,9.36
ORD002730,2024-08-14,C00017,East,Online,Beauty,Hair Dryer,1,73.57,0.1,39.0
ORD002730,2024-08-14,C00017,East,Online,Home,Storage Box,1,23.1,0.15,9.36
ORD003119,2024-08-14,C01564,West,Online,Home,Lamp,2,46.01,0.05,21.12
ORD003119,2024-08-14,C01564,West,Online,Beauty,Skin Care Set,1,44.52,0.05,16.65
ORD003839,2024-08-14,C01871,North,Online,Home,Coffee Maker,3,92.83,0.1,52.25
ORD003839,2024-08-14,C01871,North,Online,Fitness,Dumbbells,1,72.49,0.1,39.9
ORD005734,2024-08-14,C00422,North,Marketplace,Electronics,Smartwatch,3,201.15,0.0,132.3
ORD000648,2024-08-15,C00207,West,Online,Electronics,Smartwatch,1,205.37,0.2,132.3
ORD000648,2024-08-15,C00207,West,Online,Home,Lamp,3,46.45,0.0,21.12
ORD001438,2024-08-15,C00341,North,Marketplace,Fitness,Resistance Bands,3,21.53,0.0,7.48
ORD001537,2024-08-15,C01772,South,Store,Fitness,Dumbbells,1,68.38,0.1,39.9
ORD001537,2024-08-15,C01772,South,Store,Fitness,Dumbbells,4,68.22,0.05,39.9
ORD001966,2024-08-15,C00942,East,Online,Fitness,Dumbbells,1,74.39,0.2,39.9
ORD002094,2024-08-15,C00569,West,Online,Fitness,Yoga Mat,1,29.97,0.05,12.6
ORD003507,2024-08-15,C00894,North,Online,Fitness,Dumbbells,1,68.17,0.0,39.9
ORD003507,2024-08-15,C00894,North,Online,Beauty,Makeup Kit,3,42.26,0.0,14.0
ORD003553,2024-08-15,C00902,South,Store,Fitness,Dumbbells,2,73.56,0.1,39.9
ORD003655,2024-08-15,C00565,East,Online,Home,Lamp,3,48.15,0.2,21.12
ORD003655,2024-08-15,C00565,East,Online,Beauty,Hair Dryer,2,84.04,0.1,39.0
ORD004351,2024-08-15,C00471,North,Online,Fitness,Resistance Bands,1,21.75,0.15,7.48
ORD004351,2024-08-15,C00471,North,Online,Electronics,Keyboard,3,61.25,0.2,33.8
ORD004403,2024-08-15,C00287,South,Store,Fitness,Resistance Bands,1,21.37,0.1,7.48
ORD004639,2024-08-15,C00723,West,Online,Fitness,Resistance Bands,1,23.16,0.0,7.48
ORD004772,2024-08-15,C00213,East,Online,Home,Lamp,1,47.02,0.0,21.12
ORD004772,2024-08-15,C00213,East,Online,Fitness,Dumbbells,1,72.64,0.2,39.9
ORD005590,2024-08-15,C00264,South,Online,Electronics,Headphones,1,88.16,0.1,49.3
ORD005590,2024-08-15,C00264,South,Online,Beauty,Hair Dryer,2,81.77,0.3,39.0
ORD005708,2024-08-15,C00309,North,Online,Home,Coffee Maker,1,94.69,0.15,52.25
ORD005941,2024-08-15,C01192,East,Online,Electronics,Smartwatch,1,209.21,0.05,132.3
ORD000095,2024-08-16,C00504,West,Online,Beauty,Hair Dryer,3,74.93,0.0,39.0
ORD000572,2024-08-16,C00500,North,Marketplace,Fitness,Resistance Bands,1,22.13,0.1,7.48
ORD000572,2024-08-16,C00500,North,Marketplace,Electronics,Keyboard,1,65.07,0.05,33.8
ORD003081,2024-08-16,C00226,East,Store,Beauty,Skin Care Set,2,45.34,0.05,16.65
ORD003155,2024-08-16,C00787,West,Online,Beauty,Makeup Kit,3,42.71,0.0,14.0
ORD003155,2024-08-16,C00787,West,Online,Beauty,Makeup Kit,1,38.48,0.0,14.0
ORD003362,2024-08-16,C01814,West,Marketplace,Beauty,Makeup Kit,1,41.73,0.05,14.0
ORD003887,2024-08-16,C01774,South,Online,Fitness,Yoga Mat,1,31.55,0.0,12.6
ORD004031,2024-08-16,C00268,South,Store,Beauty,Makeup Kit,1,39.91,0.15,14.0
ORD004145,2024-08-16,C00015,North,Online,Beauty,Skin Care Set,2,48.59,0.1,16.65
ORD004145,2024-08-16,C00015,North,Online,Fitness,Yoga Mat,3,30.32,0.15,12.6
ORD005194,2024-08-16,C00460,West,Store,Electronics,Smartwatch,1,211.97,0.2,132.3
ORD001458,2024-08-17,C00633,East,Store,Home,Coffee Maker,3,98.56,0.0,52.25
ORD001568,2024-08-17,C00319,South,Store,Fitness,Resistance Bands,3,23.49,0.0,7.48
ORD001971,2024-08-17,C01890,South,Online,Beauty,Makeup Kit,3,38.96,0.0,14.0
ORD003490,2024-08-17,C01967,West,Online,Home,Coffee Maker,2,100.58,0.0,52.25
ORD003490,2024-08-17,C01967,West,Online,Home,Lamp,1,49.03,0.15,21.12
ORD004855,2024-08-17,C02152,West,Store,Electronics,Headphones,1,89.84,0.0,49.3
ORD005183,2024-08-17,C00070,North,Store,Fitness,Resistance Bands,1,22.2,0.2,7.48
ORD005407,2024-08-17,C01578,East,Marketplace,Home,Coffee Maker,3,96.22,0.0,52.25
ORD005407,2024-08-17,C01578,East,Marketplace,Electronics,Keyboard,3,65.61,0.05,33.8
ORD005551,2024-08-17,C00897,North,Store,Fitness,Resistance Bands,2,20.9,0.1,7.48
ORD005551,2024-08-17,C00897,North,Store,Electronics,Keyboard,3,70.19,0.0,33.8
ORD005715,2024-08-17,C00407,West,Store,Electronics,Headphones,3,87.3,0.05,49.3
ORD005715,2024-08-17,C00407,West,Store,Electronics,Smartwatch,1,223.74,0.0,132.3
ORD000356,2024-08-18,C00404,North,Online,Beauty,Makeup Kit,4,38.75,0.2,14.0
ORD000855,2024-08-18,C00344,South,Online,Beauty,Hair Dryer,1,75.37,0.0,39.0
ORD000976,2024-08-18,C00681,South,Store,Fitness,Dumbbells,2,71.06,0.0,39.9
ORD000976,2024-08-18,C00681,South,Store,Beauty,Hair Dryer,3,74.84,0.0,39.0
ORD001604,2024-08-18,C01508,East,Online,Fitness,Yoga Mat,1,28.21,0.0,12.6
ORD002594,2024-08-18,C00434,West,Online,Fitness,Yoga Mat,2,31.03,0.1,12.6
ORD002594,2024-08-18,C00434,West,Online,Beauty,Hair Dryer,1,82.31,0.05,39.0
ORD002871,2024-08-18,C01134,East,Online,Fitness,Yoga Mat,1,29.63,0.1,12.6
ORD003454,2024-08-18,C00490,North,Online,Beauty,Skin Care Set,4,44.82,0.0,16.65
ORD003454,2024-08-18,C00490,North,Online,Fitness,Yoga Mat,1,31.23,0.05,12.6
ORD004589,2024-08-18,C01688,West,Online,Fitness,Yoga Mat,2,29.81,0.1,12.6
ORD004589,2024-08-18,C01688,West,Online,Beauty,Skin Care Set,3,42.92,0.05,16.65
ORD000266,2024-08-19,C00173,East,Online,Home,Coffee Maker,2,102.31,0.05,52.25
ORD000266,2024-08-19,C00173,East,Online,Home,Coffee Maker,2,99.47,0.3,52.25
ORD000624,2024-08-19,C00600,West,Store,Home,Storage Box,1,23.05,0.05,9.36
ORD000624,2024-08-19,C00600,West,Store,Beauty,Skin Care Set,1,45.76,0.0,16.65
ORD001206,2024-08-19,C01152,West,Online,Fitness,Yoga Mat,2,31.62,0.15,12.6
ORD001895,2024-08-19,C01191,West,Online,Beauty,Skin Care Set,1,46.53,0.1,16.65
ORD001895,2024-08-19,C01191,West,Online,Fitness,Resistance Bands,2,21.36,0.05,7.48
ORD003398,2024-08-19,C01925,East,Online,Beauty,Makeup Kit,4,37.94,0.15,14.0
ORD003398,2024-08-19,C01925,East,Online,Beauty,Skin Care Set,1,48.14,0.15,16.65
ORD004058,2024-08-19,C02112,North,Store,Beauty,Makeup Kit,2,40.48,0.1,14.0
ORD004058,2024-08-19,C02112,North,Store,Fitness,Resistance Bands,1,22.02,0.1,7.48
ORD004671,2024-08-19,C00058,South,Online,Electronics,Smartwatch,1,206.13,0.15,132.3
ORD000497,2024-08-20,C00407,South,Online,Home,Coffee Maker,4,95.24,0.1,52.25
ORD000497,2024-08-20,C00407,South,Online,Home,Storage Box,1,24.75,0.0,9.36
ORD000746,2024-08-20,C00049,North,Online,Home,Coffee Maker,2,99.44,0.2,52.25
ORD000746,2024-08-20,C00049,North,Online,Fitness,Yoga Mat,2,29.37,0.3,12.6
ORD002954,2024-08-20,C00461,East,Store,Home,Lamp,1,49.22,0.0,21.12
ORD002954,2024-08-20,C00461,East,Store,Fitness,Dumbbells,3,67.74,0.15,39.9
ORD003622,2024-08-20,C00685,South,Online,Fitness,Dumbbells,2,72.33,0.1,39.9
ORD005177,2024-08-20,C00072,South,Store,Home,Storage Box,2,23.14,0.0,9.36
ORD005811,2024-08-20,C00694,East,Online,Fitness,Dumbbells,2,68.13,0.0,39.9
ORD001374,2024-08-21,C00193,North,Online,Beauty,Hair Dryer,1,82.01,0.0,39.0
ORD001374,2024-08-21,C00193,North,Online,Beauty,Makeup Kit,1,40.5,0.0,14.0
ORD001994,2024-08-21,C00515,North,Marketplace,Electronics,Headphones,1,81.59,0.15,49.3
ORD001994,2024-08-21,C00515,North,Marketplace,Beauty,Hair Dryer,2,80.87,0.0,39.0
ORD004470,2024-08-21,C00250,West,Store,Home,Coffee Maker,1,93.84,0.1,52.25
ORD004470,2024-08-21,C00250,West,Store,Electronics,Keyboard,3,63.28,0.1,33.8
ORD000041,2024-08-22,C00970,West,Marketplace,Home,Storage Box,1,25.64,0.0,9.36
ORD000052,2024-08-22,C02094,South,Marketplace,Home,Coffee Maker,1,95.96,0.0,52.25
ORD000052,2024-08-22,C02094,South,Marketplace,Fitness,Yoga Mat,1,28.26,0.15,12.6
ORD000076,2024-08-22,C00745,South,Online,Fitness,Resistance Bands,2,23.08,0.0,7.48
ORD000076,2024-08-22,C00745,South,Online,Fitness,Dumbbells,1,73.43,0.0,39.9
ORD000280,2024-08-22,C00462,South,Online,Beauty,Hair Dryer,1,78.36,0.0,39.0
ORD000428,2024-08-22,C00533,East,Online,Home,Storage Box,1,24.23,0.3,9.36
ORD000428,2024-08-22,C00533,East,Online,Beauty,Hair Dryer,3,77.12,0.1,39.0
ORD000822,2024-08-22,C01798,East,Store,Beauty,Skin Care Set,3,48.18,0.0,16.65
ORD000884,2024-08-22,C01247,East,Online,Fitness,Yoga Mat,1,31.82,0.15,12.6
ORD000884,2024-08-22,C01247,East,Online,Home,Coffee Maker,1,100.43,0.05,52.25
ORD001237,2024-08-22,C00638,South,Online,Home,Lamp,2,47.05,0.0,21.12
ORD001237,2024-08-22,C00638,South,Online,Electronics,Headphones,2,87.39,0.0,49.3
ORD001689,2024-08-22,C00193,North,Online,Electronics,Keyboard,2,63.6,0.0,33.8
ORD002216,2024-08-22,C00254,West,Store,Fitness,Yoga Mat,1,29.1,0.1,12.6
ORD002319,2024-08-22,C00068,North,Store,Home,Coffee Maker,1,92.08,0.15,52.25
ORD002319,2024-08-22,C00068,North,Store,Fitness,Yoga Mat,1,31.98,0.15,12.6
ORD005647,2024-08-22,C00683,West,Store,Fitness,Dumbbells,1,72.75,0.0,39.9
ORD005697,2024-08-22,C00546,West,Marketplace,Electronics,Keyboard,3,61.7,0.0,33.8
ORD005697,2024-08-22,C00546,West,Marketplace,Electronics,Keyboard,1,62.65,0.0,33.8
ORD000464,2024-08-23,C00026,South,Online,Electronics,Headphones,2,86.19,0.0,49.3
ORD001193,2024-08-23,C00012,East,Store,Electronics,Keyboard,3,65.68,0.1,33.8
ORD001193,2024-08-23,C00012,East,Store,Electronics,Keyboard,1,65.72,0.05,33.8
ORD002631,2024-08-23,C00275,North,Online,Fitness,Yoga Mat,2,31.12,0.0,12.6
ORD003248,2024-08-23,C00622,West,Online,Electronics,Smartwatch,3,221.77,0.15,132.3
ORD003768,2024-08-23,C01594,East,Marketplace,Fitness,Yoga Mat,1,28.62,0.2,12.6
ORD003768,2024-08-23,C01594,East,Marketplace,Fitness,Resistance Bands,3,22.47,0.0,7.48
ORD005543,2024-08-23,C02069,North,Store,Beauty,Makeup Kit,1,41.64,0.0,14.0
ORD005735,2024-08-23,C01910,South,Store,Beauty,Makeup Kit,3,40.86,0.15,14.0
ORD000282,2024-08-24,C00390,East,Store,Beauty,Hair Dryer,2,82.41,0.05,39.0
ORD000282,2024-08-24,C00390,East,Store,Electronics,Headphones,1,84.86,0.2,49.3
ORD000504,2024-08-24,C00143,South,Online,Fitness,Yoga Mat,1,31.6,0.0,12.6
ORD000636,2024-08-24,C00586,East,Store,Electronics,Smartwatch,1,198.61,0.1,132.3
ORD001582,2024-08-24,C00711,East,Store,Electronics,Headphones,1,91.23,0.2,49.3
ORD001582,2024-08-24,C00711,East,Store,Beauty,Skin Care Set,1,46.66,0.05,16.65
ORD003981,2024-08-24,C01779,South,Online,Fitness,Dumbbells,1,67.93,0.0,39.9
ORD003981,2024-08-24,C01779,South,Online,Beauty,Hair Dryer,1,83.14,0.15,39.0
ORD004876,2024-08-24,C01316,North,Online,Fitness,Yoga Mat,1,29.03,0.1,12.6
ORD004960,2024-08-24,C02049,South,Online,Beauty,Hair Dryer,2,75.72,0.15,39.0
ORD004960,2024-08-24,C02049,South,Online,Electronics,Keyboard,3,61.43,0.05,33.8
ORD005464,2024-08-24,C01906,North,Online,Electronics,Smartwatch,1,211.52,0.1,132.3
ORD000157,2024-08-25,C00605,North,Online,Home,Lamp,2,47.89,0.1,21.12
ORD000157,2024-08-25,C00605,North,Online,Electronics,Headphones,2,80.91,0.2,49.3
ORD000581,2024-08-25,C01704,West,Store,Electronics,Keyboard,2,61.73,0.0,33.8
ORD000733,2024-08-25,C00471,West,Store,Electronics,Smartwatch,2,224.27,0.05,132.3
ORD000812,2024-08-25,C00164,North,Online,Fitness,Dumbbells,2,75.2,0.05,39.9
ORD001002,2024-08-25,C00163,East,Marketplace,Fitness,Yoga Mat,1,29.13,0.0,12.6
ORD001002,2024-08-25,C00163,East,Marketplace,Fitness,Resistance Bands,3,21.65,0.0,7.48
ORD003431,2024-08-25,C00374,West,Store,Home,Storage Box,1,23.62,0.0,9.36
ORD003497,2024-08-25,C00235,West,Online,Home,Lamp,3,46.5,0.15,21.12
ORD003497,2024-08-25,C00235,West,Online,Electronics,Smartwatch,3,211.62,0.0,132.3
ORD005273,2024-08-25,C00388,North,Online,Electronics,Headphones,3,86.35,0.1,49.3
ORD005273,2024-08-25,C00388,North,Online,Beauty,Makeup Kit,1,40.61,0.1,14.0
ORD005372,2024-08-25,C01757,West,Marketplace,Home,Lamp,1,48.75,0.0,21.12
ORD000313,2024-08-26,C00436,North,Store,Home,Storage Box,4,24.22,0.15,9.36
ORD000363,2024-08-26,C00573,North,Online,Home,Lamp,1,48.75,0.0,21.12
ORD000363,2024-08-26,C00573,North,Online,Beauty,Hair Dryer,2,76.82,0.1,39.0
ORD000825,2024-08-26,C00753,East,Store,Home,Lamp,2,48.04,0.05,21.12
ORD001328,2024-08-26,C00543,South,Online,Beauty,Hair Dryer,1,84.09,0.05,39.0
ORD001665,2024-08-26,C00583,North,Online,Home,Storage Box,1,23.86,0.0,9.36
ORD001665,2024-08-26,C00583,North,Online,Electronics,Headphones,1,89.64,0.0,49.3
ORD001671,2024-08-26,C01700,East,Online,Electronics,Headphones,1,90.01,0.0,49.3
ORD002191,2024-08-26,C00189,East,Store,Home,Lamp,1,46.72,0.15,21.12
ORD002667,2024-08-26,C00303,West,Marketplace,Home,Storage Box,2,23.34,0.0,9.36
ORD002849,2024-08-26,C01048,West,Online,Home,Lamp,1,46.41,0.05,21.12
ORD002849,2024-08-26,C01048,West,Online,Home,Coffee Maker,1,96.4,0.0,52.25
ORD003588,2024-08-26,C01277,West,Online,Home,Storage Box,1,25.81,0.05,9.36
ORD004028,2024-08-26,C00562,North,Store,Electronics,Smartwatch,1,217.8,0.1,132.3
ORD004028,2024-08-26,C00562,North,Store,Beauty,Hair Dryer,1,76.68,0.1,39.0
ORD004155,2024-08-26,C00034,South,Online,Electronics,Keyboard,2,62.3,0.0,33.8
ORD005102,2024-08-26,C01672,West,Store,Beauty,Skin Care Set,3,44.59,0.2,16.65
ORD005102,2024-08-26,C01672,West,Store,Fitness,Yoga Mat,2,29.27,0.1,12.6
ORD000264,2024-08-27,C00067,North,Marketplace,Beauty,Hair Dryer,1,79.27,0.0,39.0
ORD000448,2024-08-27,C00678,North,Online,Home,Storage Box,2,24.83,0.3,9.36
ORD000448,2024-08-27,C00678,North,Online,Electronics,Keyboard,1,61.77,0.0,33.8
ORD001121,2024-08-27,C00181,North,Online,Home,Coffee Maker,1,90.79,0.0,52.25
ORD001121,2024-08-27,C00181,North,Online,Fitness,Yoga Mat,1,30.44,0.15,12.6
ORD001346,2024-08-27,C01607,East,Online,Fitness,Yoga Mat,2,29.73,0.0,12.6
ORD002114,2024-08-27,C00348,South,Marketplace,Beauty,Skin Care Set,1,48.23,0.0,16.65
ORD002114,2024-08-27,C00348,South,Marketplace,Fitness,Dumbbells,4,67.3,0.1,39.9
ORD003869,2024-08-27,C00270,North,Store,Electronics,Headphones,3,87.76,0.15,49.3
ORD004324,2024-08-27,C00331,West,Online,Fitness,Dumbbells,2,74.83,0.0,39.9
ORD004324,2024-08-27,C00331,West,Online,Fitness,Resistance Bands,1,22.61,0.2,7.48
ORD004717,2024-08-27,C00209,East,Store,Beauty,Skin Care Set,1,45.91,0.0,16.65
ORD004729,2024-08-27,C00184,South,Store,Electronics,Headphones,1,89.54,0.1,49.3
ORD004729,2024-08-27,C00184,South,Store,Fitness,Resistance Bands,1,23.42,0.05,7.48
ORD004881,2024-08-27,C01078,North,Online,Beauty,Makeup Kit,2,38.99,0.1,14.0
ORD004940,2024-08-27,C00540,West,Online,Beauty,Hair Dryer,3,77.41,0.0,39.0
ORD005520,2024-08-27,C00273,North,Online,Electronics,Smartwatch,2,200.12,0.1,132.3
ORD000518,2024-08-28,C00549,South,Online,Fitness,Dumbbells,1,75.37,0.05,39.9
ORD000518,2024-08-28,C00549,South,Online,Home,Storage Box,1,23.57,0.05,9.36
ORD001652,2024-08-28,C01281,East,Marketplace,Beauty,Hair Dryer,2,76.1,0.05,39.0
ORD001652,2024-08-28,C01281,East,Marketplace,Fitness,Dumbbells,2,70.06,0.0,39.9
ORD002213,2024-08-28,C00699,West,Online,Home,Storage Box,2,24.57,0.05,9.36
ORD002213,2024-08-28,C00699,West,Online,Fitness,Resistance Bands,2,22.5,0.2,7.48
ORD002668,2024-08-28,C00881,South,Online,Electronics,Headphones,1,89.62,0.2,49.3
ORD000450,2024-08-29,C01832,South,Marketplace,Electronics,Headphones,1,88.74,0.05,49.3
ORD000713,2024-08-29,C00124,North,Store,Home,Coffee Maker,1,89.31,0.05,52.25
ORD000713,2024-08-29,C00124,North,Store,Home,Storage Box,1,22.87,0.0,9.36
ORD001035,2024-08-29,C01913,North,Online,Electronics,Smartwatch,2,211.34,0.1,132.3
ORD001395,2024-08-29,C00093,North,Online,Fitness,Dumbbells,2,67.53,0.1,39.9
ORD001436,2024-08-29,C00052,South,Online,Beauty,Skin Care Set,3,42.73,0.05,16.65
ORD002411,2024-08-29,C01395,North,Store,Beauty,Makeup Kit,2,37.74,0.05,14.0
ORD002411,2024-08-29,C01395,North,Store,Fitness,Yoga Mat,2,31.6,0.1,12.6
ORD002576,2024-08-29,C00620,North,Online,Home,Storage Box,3,25.55,0.0,9.36
ORD003141,2024-08-29,C00437,West,Online,Home,Lamp,3,50.21,0.05,21.12
ORD004314,2024-08-29,C00117,North,Online,Electronics,Smartwatch,1,205.5,0.1,132.3
ORD004987,2024-08-29,C01791,South,Online,Fitness,Yoga Mat,2,29.33,0.15,12.6
ORD004987,2024-08-29,C01791,South,Online,Home,Lamp,1,48.22,0.1,21.12
ORD005905,2024-08-29,C01192,West,Store,Fitness,Dumbbells,2,69.23,0.1,39.9
ORD005905,2024-08-29,C01192,West,Store,Electronics,Keyboard,1,69.58,0.15,33.8
ORD001288,2024-08-30,C01962,West,Online,Electronics,Headphones,1,90.31,0.0,49.3
ORD001341,2024-08-30,C02136,South,Store,Electronics,Keyboard,2,67.16,0.1,33.8
ORD001341,2024-08-30,C02136,South,Store,Home,Lamp,1,46.98,0.1,21.12
ORD002751,2024-08-30,C00399,North,Marketplace,Fitness,Resistance Bands,1,23.76,0.05,7.48
ORD003433,2024-08-30,C02052,West,Store,Beauty,Makeup Kit,1,39.54,0.05,14.0
ORD003661,2024-08-30,C00388,West,Store,Home,Lamp,1,49.9,0.05,21.12
ORD004630,2024-08-30,C01767,West,Store,Beauty,Makeup Kit,1,40.01,0.1,14.0
ORD005978,2024-08-30,C00336,East,Online,Home,Lamp,1,46.38,0.1,21.12
ORD005978,2024-08-30,C00336,East,Online,Fitness,Yoga Mat,1,29.47,0.0,12.6
ORD005989,2024-08-30,C00084,West,Marketplace,Beauty,Skin Care Set,1,48.57,0.15,16.65
ORD001097,2024-08-31,C02058,East,Online,Home,Lamp,2,50.35,0.0,21.12
ORD001521,2024-08-31,C00287,East,Online,Fitness,Resistance Bands,1,20.84,0.3,7.48
ORD001521,2024-08-31,C00287,East,Online,Home,Storage Box,2,23.17,0.0,9.36
ORD003426,2024-08-31,C00094,West,Store,Fitness,Yoga Mat,1,29.07,0.0,12.6
ORD003426,2024-08-31,C00094,West,Store,Home,Coffee Maker,4,96.62,0.1,52.25
ORD003935,2024-08-31,C01193,West,Store,Beauty,Skin Care Set,1,43.77,0.05,16.65
ORD003935,2024-08-31,C01193,West,Store,Electronics,Headphones,3,87.77,0.0,49.3
ORD004645,2024-08-31,C01344,West,Store,Electronics,Headphones,3,82.65,0.1,49.3
ORD004645,2024-08-31,C01344,West,Store,Fitness,Dumbbells,2,71.77,0.05,39.9
ORD004808,2024-08-31,C00180,South,Online,Fitness,Yoga Mat,2,28.57,0.0,12.6
ORD004808,2024-08-31,C00180,South,Online,Beauty,Makeup Kit,2,41.99,0.1,14.0
ORD000021,2024-09-01,C00339,North,Online,Beauty,Skin Care Set,2,42.87,0.05,16.65
ORD000454,2024-09-01,C00420,North,Store,Home,Lamp,4,48.27,0.2,21.12
ORD000829,2024-09-01,C00937,West,Marketplace,Home,Storage Box,1,25.53,0.1,9.36
ORD000829,2024-09-01,C00937,West,Marketplace,Home,Lamp,1,48.62,0.05,21.12
ORD000910,2024-09-01,C00400,North,Online,Fitness,Resistance Bands,2,21.85,0.05,7.48
ORD001018,2024-09-01,C00330,South,Online,Beauty,Skin Care Set,1,46.89,0.15,16.65
ORD001361,2024-09-01,C02076,North,Online,Beauty,Makeup Kit,1,42.98,0.05,14.0
ORD001748,2024-09-01,C02147,South,Online,Beauty,Hair Dryer,1,79.61,0.1,39.0
ORD003468,2024-09-01,C00499,West,Store,Home,Coffee Maker,1,100.04,0.1,52.25
ORD003468,2024-09-01,C00499,West,Store,Electronics,Smartwatch,1,212.28,0.0,132.3
ORD003695,2024-09-01,C00721,West,Online,Beauty,Skin Care Set,1,47.35,0.0,16.65
ORD003695,2024-09-01,C00721,West,Online,Home,Storage Box,1,25.54,0.15,9.36
ORD003795,2024-09-01,C01916,West,Online,Beauty,Skin Care Set,1,48.26,0.1,16.65
ORD004883,2024-09-01,C00057,West,Store,Electronics,Smartwatch,1,213.92,0.2,132.3
ORD004883,2024-09-01,C00057,West,Store,Fitness,Resistance Bands,4,22.43,0.05,7.48
ORD000529,2024-09-02,C00516,South,Marketplace,Fitness,Dumbbells,1,66.12,0.15,39.9
ORD001009,2024-09-02,C00308,East,Online,Home,Storage Box,3,24.97,0.05,9.36
ORD001892,2024-09-02,C01209,East,Online,Fitness,Resistance Bands,1,21.08,0.0,7.48
ORD001892,2024-09-02,C01209,East,Online,Electronics,Headphones,1,91.16,0.15,49.3
ORD002139,2024-09-02,C01761,South,Online,Home,Storage Box,2,24.74,0.05,9.36
ORD002139,2024-09-02,C01761,South,Online,Beauty,Skin Care Set,2,46.77,0.05,16.65
ORD002300,2024-09-02,C00444,West,Online,Electronics,Headphones,1,84.98,0.1,49.3
ORD002354,2024-09-02,C00459,North,Store,Beauty,Skin Care Set,1,43.81,0.15,16.65
ORD002354,2024-09-02,C00459,North,Store,Beauty,Makeup Kit,3,41.13,0.1,14.0
ORD004690,2024-09-02,C00993,West,Online,Beauty,Hair Dryer,2,75.46,0.0,39.0
ORD004690,2024-09-02,C00993,West,Online,Beauty,Skin Care Set,1,42.73,0.0,16.65
ORD004691,2024-09-02,C00152,North,Store,Beauty,Skin Care Set,2,45.63,0.05,16.65
ORD005233,2024-09-02,C00552,South,Store,Home,Coffee Maker,1,95.08,0.0,52.25
ORD005237,2024-09-02,C00306,East,Online,Electronics,Smartwatch,1,215.52,0.05,132.3
ORD005237,2024-09-02,C00306,East,Online,Beauty,Skin Care Set,3,44.55,0.05,16.65
ORD005966,2024-09-02,C00361,West,Store,Home,Storage Box,4,23.87,0.0,9.36
ORD000607,2024-09-03,C00089,North,Marketplace,Fitness,Resistance Bands,1,22.44,0.05,7.48
ORD000693,2024-09-03,C00609,East,Store,Electronics,Keyboard,1,65.58,0.2,33.8
ORD000693,2024-09-03,C00609,East,Store,Electronics,Keyboard,1,66.52,0.0,33.8
ORD003283,2024-09-03,C00490,East,Online,Beauty,Skin Care Set,1,43.1,0.05,16.65
ORD003283,2024-09-03,C00490,East,Online,Electronics,Smartwatch,1,200.27,0.15,132.3
ORD004925,2024-09-03,C00438,East,Online,Beauty,Makeup Kit,1,38.0,0.05,14.0
ORD000026,2024-09-04,C00402,North,Marketplace,Electronics,Headphones,2,90.71,0.2,49.3
ORD000026,2024-09-04,C00402,North,Marketplace,Home,Lamp,4,46.91,0.05,21.12
ORD000447,2024-09-04,C00609,West,Online,Electronics,Headphones,2,87.3,0.1,49.3
ORD000447,2024-09-04,C00609,West,Online,Home,Coffee Maker,1,97.59,0.15,52.25
ORD000735,2024-09-04,C00034,South,Store,Home,Coffee Maker,2,93.07,0.0,52.25
ORD003539,2024-09-04,C00580,West,Online,Electronics,Smartwatch,3,205.93,0.1,132.3
ORD003539,2024-09-04,C00580,West,Online,Home,Lamp,3,51.55,0.05,21.12
ORD005812,2024-09-04,C00536,North,Online,Home,Lamp,1,46.36,0.1,21.12
ORD000303,2024-09-05,C00065,East,Store,Home,Storage Box,1,24.53,0.0,9.36
ORD001909,2024-09-05,C00028,East,Store,Beauty,Skin Care Set,2,46.61,0.0,16.65
ORD002400,2024-09-05,C00375,East,Online,Home,Storage Box,1,23.66,0.05,9.36
ORD002400,2024-09-05,C00375,East,Online,Fitness,Yoga Mat,1,31.45,0.15,12.6
ORD003332,2024-09-05,C01586,West,Store,Beauty,Hair Dryer,2,78.93,0.1,39.0
ORD003956,2024-09-05,C00341,North,Marketplace,Beauty,Makeup Kit,2,41.27,0.2,14.0
ORD004084,2024-09-05,C00321,North,Online,Electronics,Keyboard,2,65.97,0.1,33.8
ORD000898,2024-09-06,C00291,North,Store,Beauty,Skin Care Set,2,47.88,0.0,16.65
ORD000898,2024-09-06,C00291,North,Store,Fitness,Yoga Mat,1,30.9,0.15,12.6
ORD001290,2024-09-06,C00201,East,Store,Electronics,Keyboard,2,66.76,0.05,33.8
ORD001290,2024-09-06,C00201,East,Store,Beauty,Hair Dryer,3,76.8,0.1,39.0
ORD001675,2024-09-06,C00030,South,Marketplace,Beauty,Skin Care Set,1,47.92,0.0,16.65
ORD002128,2024-09-06,C00861,West,Online,Electronics,Keyboard,1,66.28,0.1,33.8
ORD002904,2024-09-06,C00005,North,Marketplace,Electronics,Smartwatch,1,218.39,0.0,132.3
ORD004061,2024-09-06,C00070,North,Online,Beauty,Makeup Kit,1,40.37,0.1,14.0
ORD004061,2024-09-06,C00070,North,Online,Fitness,Dumbbells,1,75.13,0.0,39.9
ORD004999,2024-09-06,C00131,North,Store,Electronics,Smartwatch,2,216.07,0.0,132.3
ORD004999,2024-09-06,C00131,North,Store,Electronics,Smartwatch,4,204.19,0.1,132.3
ORD005154,2024-09-06,C00555,West,Store,Fitness,Resistance Bands,2,22.34,0.15,7.48
ORD000124,2024-09-07,C00625,North,Online,Beauty,Makeup Kit,2,40.02,0.0,14.0
ORD000124,2024-09-07,C00625,North,Online,Beauty,Skin Care Set,1,44.57,0.0,16.65
ORD001254,2024-09-07,C01731,South,Marketplace,Fitness,Resistance Bands,1,22.85,0.1,7.48
ORD001254,2024-09-07,C01731,South,Marketplace,Home,Coffee Maker,1,97.22,0.05,52.25
ORD001446,2024-09-07,C00230,North,Store,Electronics,Keyboard,1,65.38,0.1,33.8
ORD001446,2024-09-07,C00230,North,Store,Beauty,Skin Care Set,2,44.56,0.0,16.65
ORD003668,2024-09-07,C01877,East,Online,Electronics,Smartwatch,2,223.67,0.05,132.3
ORD003668,2024-09-07,C01877,East,Online,Electronics,Smartwatch,1,214.99,0.15,132.3
ORD005611,2024-09-07,C02090,East,Marketplace,Home,Coffee Maker,1,100.21,0.05,52.25
ORD005875,2024-09-07,C00138,West,Online,Fitness,Dumbbells,2,71.04,0.0,39.9
ORD005987,2024-09-07,C00280,East,Online,Fitness,Dumbbells,4,67.63,0.1,39.9
ORD005987,2024-09-07,C00280,East,Online,Electronics,Smartwatch,4,199.22,0.2,132.3
ORD000206,2024-09-08,C00632,North,Store,Fitness,Dumbbells,1,74.0,0.0,39.9
ORD000206,2024-09-08,C00632,North,Store,Electronics,Headphones,1,86.99,0.0,49.3
ORD001030,2024-09-08,C01947,South,Store,Electronics,Keyboard,3,65.68,0.2,33.8
ORD003121,2024-09-08,C00672,West,Store,Fitness,Dumbbells,1,66.94,0.05,39.9
ORD003356,2024-09-08,C00489,South,Online,Electronics,Headphones,3,89.34,0.05,49.3
ORD003356,2024-09-08,C00489,South,Online,Beauty,Hair Dryer,1,81.76,0.0,39.0
ORD004001,2024-09-08,C00518,East,Online,Beauty,Skin Care Set,1,46.07,0.0,16.65
ORD004563,2024-09-08,C00263,East,Online,Fitness,Yoga Mat,1,30.03,0.1,12.6
ORD004563,2024-09-08,C00263,East,Online,Fitness,Dumbbells,1,72.22,0.3,39.9
ORD005830,2024-09-08,C00184,North,Store,Fitness,Resistance Bands,1,20.99,0.0,7.48
ORD005830,2024-09-08,C00184,North,Store,Beauty,Skin Care Set,1,46.56,0.1,16.65
ORD000609,2024-09-09,C01130,West,Store,Beauty,Skin Care Set,2,46.84,0.2,16.65
ORD000609,2024-09-09,C01130,West,Store,Fitness,Yoga Mat,2,31.52,0.0,12.6
ORD000851,2024-09-09,C00670,North,Online,Beauty,Makeup Kit,1,40.56,0.15,14.0
ORD001827,2024-09-09,C01202,North,Online,Fitness,Dumbbells,2,68.15,0.2,39.9
ORD002551,2024-09-09,C00101,South,Online,Home,Coffee Maker,3,92.22,0.0,52.25
ORD003538,2024-09-09,C00279,East,Store,Fitness,Yoga Mat,3,30.89,0.3,12.6
ORD003538,2024-09-09,C00279,East,Store,Fitness,Yoga Mat,2,29.6,0.1,12.6
ORD004356,2024-09-09,C01587,South,Store,Beauty,Skin Care Set,1,48.37,0.0,16.65
ORD005424,2024-09-09,C02000,South,Online,Home,Coffee Maker,4,91.8,0.05,52.25
ORD005424,2024-09-09,C02000,South,Online,Fitness,Dumbbells,2,66.12,0.1,39.9
ORD005746,2024-09-09,C00600,North,Store,Beauty,Skin Care Set,1,43.24,0.0,16.65
ORD005746,2024-09-09,C00600,North,Store,Fitness,Dumbbells,1,66.03,0.05,39.9
ORD001182,2024-09-10,C00291,East,Marketplace,Electronics,Headphones,1,85.22,0.15,49.3
ORD001721,2024-09-10,C00037,South,Store,Fitness,Yoga Mat,2,29.76,0.15,12.6
ORD001721,2024-09-10,C00037,South,Store,Home,Lamp,1,47.86,0.1,21.12
ORD003239,2024-09-10,C00428,West,Marketplace,Home,Coffee Maker,2,93.6,0.0,52.25
ORD003268,2024-09-10,C00628,South,Store,Electronics,Smartwatch,2,201.8,0.15,132.3
ORD003280,2024-09-10,C01675,South,Store,Home,Coffee Maker,1,94.49,0.05,52.25
ORD003280,2024-09-10,C01675,South,Store,Electronics,Headphones,1,80.59,0.3,49.3
ORD003598,2024-09-10,C00492,North,Online,Beauty,Skin Care Set,1,43.3,0.15,16.65
ORD003708,2024-09-10,C01553,West,Online,Beauty,Hair Dryer,1,83.44,0.15,39.0
ORD003745,2024-09-10,C00077,East,Online,Fitness,Dumbbells,2,70.01,0.0,39.9
ORD003745,2024-09-10,C00077,East,Online,Fitness,Yoga Mat,1,31.16,0.1,12.6
ORD004588,2024-09-10,C00331,South,Online,Home,Coffee Maker,1,99.85,0.1,52.25
ORD004588,2024-09-10,C00331,South,Online,Fitness,Yoga Mat,1,32.05,0.1,12.6
ORD002964,2024-09-11,C01277,North,Online,Home,Storage Box,1,23.15,0.15,9.36
ORD002964,2024-09-11,C01277,North,Online,Home,Coffee Maker,1,90.98,0.1,52.25
ORD003854,2024-09-11,C00127,North,Online,Home,Coffee Maker,1,97.48,0.0,52.25
ORD004763,2024-09-11,C02153,West,Store,Beauty,Skin Care Set,1,44.07,0.05,16.65
ORD005002,2024-09-11,C00155,East,Online,Home,Coffee Maker,1,100.57,0.0,52.25
ORD005292,2024-09-11,C00432,South,Online,Beauty,Makeup Kit,3,39.81,0.3,14.0
ORD005518,2024-09-11,C00231,North,Online,Electronics,Smartwatch,1,197.65,0.3,132.3
ORD005923,2024-09-11,C02045,South,Online,Home,Storage Box,2,25.91,0.05,9.36
ORD005991,2024-09-11,C01350,South,Online,Beauty,Hair Dryer,1,73.58,0.0,39.0
ORD001796,2024-09-12,C00167,East,Store,Fitness,Dumbbells,2,72.94,0.0,39.9
ORD001796,2024-09-12,C00167,East,Store,Beauty,Hair Dryer,2,79.42,0.15,39.0
ORD002027,2024-09-12,C00133,West,Online,Electronics,Smartwatch,1,224.79,0.0,132.3
ORD002427,2024-09-12,C00544,South,Online,Beauty,Skin Care Set,4,43.03,0.2,16.65
ORD002498,2024-09-12,C00271,South,Online,Electronics,Headphones,1,81.15,0.05,49.3
ORD002498,2024-09-12,C00271,South,Online,Home,Storage Box,1,23.5,0.0,9.36
ORD004136,2024-09-12,C01918,West,Online,Fitness,Yoga Mat,2,29.16,0.05,12.6
ORD004554,2024-09-12,C00955,East,Online,Electronics,Keyboard,3,61.34,0.0,33.8
ORD004554,2024-09-12,C00955,East,Online,Fitness,Yoga Mat,1,30.24,0.0,12.6
ORD000170,2024-09-13,C00640,West,Online,Beauty,Skin Care Set,1,42.41,0.05,16.65
ORD000625,2024-09-13,C00828,West,Online,Fitness,Dumbbells,1,71.32,0.1,39.9
ORD000748,2024-09-13,C00036,East,Marketplace,Home,Storage Box,2,24.15,0.05,9.36
ORD000748,2024-09-13,C00036,East,Marketplace,Home,Coffee Maker,1,93.48,0.0,52.25
ORD001201,2024-09-13,C00021,North,Store,Electronics,Headphones,1,88.05,0.1,49.3
ORD002145,2024-09-13,C00024,East,Marketplace,Fitness,Yoga Mat,2,32.16,0.2,12.6
ORD002145,2024-09-13,C00024,East,Marketplace,Beauty,Hair Dryer,4,77.69,0.0,39.0
ORD002825,2024-09-13,C01455,East,Online,Beauty,Makeup Kit,1,42.82,0.2,14.0
ORD002825,2024-09-13,C01455,East,Online,Home,Coffee Maker,2,92.34,0.05,52.25
ORD003471,2024-09-13,C00566,East,Online,Electronics,Headphones,1,82.81,0.0,49.3
ORD003471,2024-09-13,C00566,East,Online,Electronics,Smartwatch,1,211.73,0.0,132.3
ORD003477,2024-09-13,C00275,North,Online,Beauty,Hair Dryer,1,76.34,0.0,39.0
ORD003477,2024-09-13,C00275,North,Online,Beauty,Skin Care Set,2,44.01,0.1,16.65
ORD004113,2024-09-13,C01001,East,Online,Home,Lamp,1,51.15,0.0,21.12
ORD004704,2024-09-13,C00034,South,Online,Home,Storage Box,1,25.59,0.0,9.36
ORD000896,2024-09-14,C00124,South,Online,Home,Lamp,4,47.27,0.05,21.12
ORD002206,2024-09-14,C00566,North,Store,Home,Lamp,2,50.92,0.0,21.12
ORD002342,2024-09-14,C01216,East,Marketplace,Electronics,Smartwatch,2,215.93,0.05,132.3
ORD002787,2024-09-14,C00157,East,Online,Fitness,Resistance Bands,3,23.54,0.1,7.48
ORD002787,2024-09-14,C00157,East,Online,Electronics,Smartwatch,1,224.05,0.0,132.3
ORD002789,2024-09-14,C00059,East,Online,Home,Coffee Maker,1,89.64,0.0,52.25
ORD002789,2024-09-14,C00059,East,Online,Electronics,Smartwatch,1,217.48,0.1,132.3
ORD003061,2024-09-14,C00051,East,Online,Beauty,Skin Care Set,4,43.85,0.05,16.65
ORD003061,2024-09-14,C00051,East,Online,Fitness,Resistance Bands,2,23.04,0.2,7.48
ORD003506,2024-09-14,C00210,East,Store,Beauty,Hair Dryer,2,79.62,0.0,39.0
ORD004325,2024-09-14,C00239,West,Online,Beauty,Hair Dryer,1,77.42,0.1,39.0
ORD004325,2024-09-14,C00239,West,Online,Electronics,Keyboard,1,66.41,0.0,33.8
ORD004922,2024-09-14,C00479,East,Online,Fitness,Resistance Bands,2,23.05,0.0,7.48
ORD004922,2024-09-14,C00479,East,Online,Fitness,Dumbbells,3,71.38,0.3,39.9
ORD000498,2024-09-15,C00580,East,Marketplace,Beauty,Hair Dryer,1,78.66,0.0,39.0
ORD000498,2024-09-15,C00580,East,Marketplace,Beauty,Skin Care Set,2,43.26,0.0,16.65
ORD001026,2024-09-15,C00397,North,Store,Beauty,Makeup Kit,1,39.38,0.05,14.0
ORD001026,2024-09-15,C00397,North,Store,Fitness,Resistance Bands,2,23.61,0.05,7.48
ORD001567,2024-09-15,C00414,East,Marketplace,Beauty,Hair Dryer,2,77.45,0.05,39.0
ORD001567,2024-09-15,C00414,East,Marketplace,Beauty,Skin Care Set,1,43.59,0.15,16.65
ORD003071,2024-09-15,C00479,South,Marketplace,Beauty,Skin Care Set,3,45.11,0.15,16.65
ORD003071,2024-09-15,C00479,South,Marketplace,Fitness,Resistance Bands,1,22.73,0.1,7.48
ORD004023,2024-09-15,C00277,South,Online,Home,Storage Box,2,25.45,0.1,9.36
ORD004023,2024-09-15,C00277,South,Online,Home,Coffee Maker,1,96.42,0.15,52.25
ORD004108,2024-09-15,C00041,West,Online,Electronics,Smartwatch,1,211.64,0.0,132.3
ORD004108,2024-09-15,C00041,West,Online,Home,Storage Box,3,23.55,0.15,9.36
ORD004879,2024-09-15,C00678,West,Online,Home,Storage Box,1,25.92,0.1,9.36
ORD004893,2024-09-15,C00580,South,Online,Home,Lamp,3,49.63,0.0,21.12
ORD005244,2024-09-15,C00240,West,Online,Home,Coffee Maker,1,98.0,0.0,52.25
ORD005244,2024-09-15,C00240,West,Online,Beauty,Makeup Kit,1,40.62,0.15,14.0
ORD005925,2024-09-15,C00325,West,Marketplace,Electronics,Keyboard,2,61.14,0.0,33.8
ORD005925,2024-09-15,C00325,West,Marketplace,Home,Storage Box,1,22.56,0.1,9.36
ORD000938,2024-09-16,C00633,East,Online,Electronics,Smartwatch,1,218.11,0.05,132.3
ORD001294,2024-09-16,C00185,South,Online,Home,Storage Box,2,23.65,0.0,9.36
ORD001810,2024-09-16,C00042,North,Store,Home,Storage Box,2,24.29,0.0,9.36
ORD001810,2024-09-16,C00042,North,Store,Electronics,Headphones,2,87.74,0.15,49.3
ORD002545,2024-09-16,C00456,North,Store,Beauty,Hair Dryer,1,79.21,0.0,39.0
ORD003168,2024-09-16,C00786,East,Online,Home,Storage Box,1,23.46,0.0,9.36
ORD003168,2024-09-16,C00786,East,Online,Home,Storage Box,2,23.23,0.0,9.36
ORD003247,2024-09-16,C00368,West,Marketplace,Fitness,Resistance Bands,1,21.82,0.2,7.48
ORD003475,2024-09-16,C02062,South,Online,Electronics,Headphones,1,89.75,0.0,49.3
ORD003475,2024-09-16,C02062,South,Online,Fitness,Resistance Bands,1,23.48,0.0,7.48
ORD003689,2024-09-16,C00293,North,Store,Home,Storage Box,1,23.29,0.0,9.36
ORD003689,2024-09-16,C00293,North,Store,Electronics,Keyboard,2,67.85,0.0,33.8
ORD005063,2024-09-16,C00468,East,Marketplace,Beauty,Makeup Kit,1,41.12,0.1,14.0
ORD005839,2024-09-16,C00410,East,Online,Electronics,Smartwatch,1,206.68,0.1,132.3
ORD001385,2024-09-17,C00006,East,Online,Fitness,Resistance Bands,1,23.7,0.05,7.48
ORD001635,2024-09-17,C00181,West,Online,Home,Coffee Maker,1,92.22,0.0,52.25
ORD002499,2024-09-17,C00180,North,Marketplace,Beauty,Skin Care Set,2,46.07,0.05,16.65
ORD002499,2024-09-17,C00180,North,Marketplace,Home,Lamp,2,51.56,0.1,21.12
ORD003389,2024-09-17,C00629,North,Online,Electronics,Smartwatch,1,212.4,0.1,132.3
ORD003389,2024-09-17,C00629,North,Online,Fitness,Dumbbells,1,74.13,0.1,39.9
ORD004835,2024-09-17,C00878,South,Online,Electronics,Keyboard,3,68.49,0.0,33.8
ORD004835,2024-09-17,C00878,South,Online,Beauty,Makeup Kit,1,42.93,0.1,14.0
ORD005371,2024-09-17,C00456,North,Online,Electronics,Headphones,1,91.01,0.05,49.3
ORD005371,2024-09-17,C00456,North,Online,Electronics,Keyboard,1,65.46,0.15,33.8
ORD000065,2024-09-18,C01727,North,Online,Electronics,Keyboard,1,68.6,0.05,33.8
ORD000955,2024-09-18,C00254,North,Store,Home,Coffee Maker,2,97.85,0.2,52.25
ORD000955,2024-09-18,C00254,North,Store,Beauty,Skin Care Set,4,46.13,0.1,16.65
ORD001694,2024-09-18,C00443,North,Online,Home,Storage Box,1,24.61,0.2,9.36
ORD001981,2024-09-18,C02067,North,Store,Fitness,Resistance Bands,3,22.6,0.0,7.48
ORD002352,2024-09-18,C00734,North,Online,Fitness,Dumbbells,3,70.61,0.0,39.9
ORD002888,2024-09-18,C01232,North,Online,Fitness,Dumbbells,2,73.54,0.15,39.9
ORD004119,2024-09-18,C00066,South,Store,Beauty,Skin Care Set,1,48.5,0.0,16.65
ORD004119,2024-09-18,C00066,South,Store,Home,Lamp,1,47.64,0.0,21.12
ORD005432,2024-09-18,C00330,East,Store,Home,Storage Box,2,25.6,0.0,9.36
ORD005528,2024-09-18,C01800,North,Online,Electronics,Keyboard,1,67.99,0.15,33.8
ORD005528,2024-09-18,C01800,North,Online,Fitness,Dumbbells,2,74.22,0.0,39.9
ORD000212,2024-09-19,C01342,West,Store,Home,Lamp,1,46.32,0.05,21.12
ORD000212,2024-09-19,C01342,West,Store,Beauty,Hair Dryer,3,82.7,0.15,39.0
ORD000388,2024-09-19,C00051,South,Online,Beauty,Skin Care Set,1,42.81,0.0,16.65
ORD000479,2024-09-19,C00864,East,Store,Beauty,Skin Care Set,2,45.07,0.0,16.65
ORD001334,2024-09-19,C00216,South,Online,Fitness,Yoga Mat,1,32.39,0.0,12.6
ORD001334,2024-09-19,C00216,South,Online,Home,Lamp,1,46.36,0.0,21.12
ORD001700,2024-09-19,C00656,East,Online,Home,Coffee Maker,1,100.2,0.0,52.25
ORD002105,2024-09-19,C00382,West,Store,Fitness,Dumbbells,1,68.68,0.15,39.9
ORD002105,2024-09-19,C00382,West,Store,Beauty,Skin Care Set,3,47.51,0.0,16.65
ORD004008,2024-09-19,C00625,North,Online,Electronics,Headphones,2,82.05,0.05,49.3
ORD004008,2024-09-19,C00625,North,Online,Beauty,Hair Dryer,2,83.67,0.05,39.0
ORD004191,2024-09-19,C00383,East,Store,Electronics,Keyboard,1,68.92,0.0,33.8
ORD004191,2024-09-19,C00383,East,Store,Electronics,Headphones,1,81.8,0.1,49.3
ORD005029,2024-09-19,C00658,West,Store,Home,Storage Box,1,24.99,0.0,9.36
ORD005029,2024-09-19,C00658,West,Store,Beauty,Makeup Kit,3,38.39,0.15,14.0
ORD005622,2024-09-19,C00867,South,Online,Electronics,Headphones,1,81.53,0.1,49.3
ORD005737,2024-09-19,C00183,North,Online,Electronics,Smartwatch,2,215.92,0.0,132.3
ORD002516,2024-09-20,C00685,South,Online,Fitness,Dumbbells,1,69.05,0.1,39.9
ORD002516,2024-09-20,C00685,South,Online,Fitness,Dumbbells,1,72.04,0.15,39.9
ORD002564,2024-09-20,C00212,North,Store,Home,Coffee Maker,1,92.43,0.0,52.25
ORD002800,2024-09-20,C00151,West,Store,Fitness,Dumbbells,1,67.96,0.0,39.9
ORD002800,2024-09-20,C00151,West,Store,Electronics,Smartwatch,1,209.4,0.2,132.3
ORD003311,2024-09-20,C01270,North,Store,Home,Storage Box,2,24.3,0.05,9.36
ORD003311,2024-09-20,C01270,North,Store,Home,Storage Box,2,24.8,0.05,9.36
ORD003496,2024-09-20,C01973,West,Online,Electronics,Smartwatch,1,204.08,0.0,132.3
ORD003496,2024-09-20,C01973,West,Online,Fitness,Dumbbells,1,73.17,0.1,39.9
ORD004200,2024-09-20,C01180,East,Online,Fitness,Yoga Mat,2,28.22,0.1,12.6
ORD004200,2024-09-20,C01180,East,Online,Fitness,Dumbbells,1,72.78,0.0,39.9
ORD004662,2024-09-20,C00175,South,Online,Beauty,Hair Dryer,3,82.33,0.05,39.0
ORD004662,2024-09-20,C00175,South,Online,Home,Coffee Maker,2,90.57,0.0,52.25
ORD005138,2024-09-20,C00124,South,Store,Beauty,Hair Dryer,2,83.6,0.1,39.0
ORD000253,2024-09-21,C00240,East,Store,Electronics,Headphones,2,84.26,0.05,49.3
ORD000253,2024-09-21,C00240,East,Store,Fitness,Yoga Mat,2,29.89,0.15,12.6
ORD001116,2024-09-21,C01512,South,Marketplace,Fitness,Dumbbells,1,75.52,0.0,39.9
ORD001116,2024-09-21,C01512,South,Marketplace,Fitness,Resistance Bands,1,23.47,0.3,7.48
ORD002030,2024-09-21,C01235,West,Online,Fitness,Yoga Mat,1,29.44,0.0,12.6
ORD002030,2024-09-21,C01235,West,Online,Fitness,Yoga Mat,2,32.18,0.15,12.6
ORD003059,2024-09-21,C01181,West,Store,Fitness,Resistance Bands,1,22.56,0.15,7.48
ORD003059,2024-09-21,C01181,West,Store,Electronics,Keyboard,1,69.53,0.1,33.8
ORD003462,2024-09-21,C00045,East,Store,Home,Lamp,4,48.59,0.1,21.12
ORD003462,2024-09-21,C00045,East,Store,Beauty,Makeup Kit,2,40.41,0.05,14.0
ORD003672,2024-09-21,C00668,South,Store,Fitness,Dumbbells,1,73.55,0.05,39.9
ORD003765,2024-09-21,C00694,North,Store,Home,Coffee Maker,1,95.6,0.0,52.25
ORD003765,2024-09-21,C00694,North,Store,Fitness,Resistance Bands,3,21.34,0.05,7.48
ORD004038,2024-09-21,C00664,East,Store,Beauty,Hair Dryer,4,75.5,0.05,39.0
ORD004740,2024-09-21,C01667,South,Online,Electronics,Headphones,1,86.58,0.1,49.3
ORD004740,2024-09-21,C01667,South,Online,Fitness,Resistance Bands,1,22.9,0.0,7.48
ORD004777,2024-09-21,C00297,South,Marketplace,Beauty,Makeup Kit,2,41.99,0.0,14.0
ORD004777,2024-09-21,C00297,South,Marketplace,Home,Storage Box,3,24.45,0.15,9.36
ORD005298,2024-09-21,C00470,North,Online,Fitness,Resistance Bands,1,20.91,0.0,7.48
ORD005959,2024-09-21,C00175,East,Online,Beauty,Hair Dryer,1,77.9,0.3,39.0
ORD005959,2024-09-21,C00175,East,Online,Home,Storage Box,2,24.51,0.0,9.36
ORD000221,2024-09-22,C01707,East,Store,Electronics,Keyboard,1,62.29,0.05,33.8
ORD000839,2024-09-22,C01774,North,Online,Electronics,Headphones,1,84.95,0.05,49.3
ORD000839,2024-09-22,C01774,North,Online,Fitness,Dumbbells,1,74.77,0.05,39.9
ORD001627,2024-09-22,C00435,South,Online,Fitness,Dumbbells,3,72.31,0.0,39.9
ORD001978,2024-09-22,C00200,East,Marketplace,Electronics,Smartwatch,2,218.16,0.05,132.3
ORD002126,2024-09-22,C00209,West,Store,Beauty,Skin Care Set,2,42.42,0.05,16.65
ORD002807,2024-09-22,C00518,North,Online,Beauty,Skin Care Set,1,44.67,0.05,16.65
ORD002807,2024-09-22,C00518,North,Online,Home,Lamp,1,50.29,0.1,21.12
ORD003736,2024-09-22,C00258,East,Online,Beauty,Hair Dryer,1,73.66,0.0,39.0
ORD004553,2024-09-22,C00428,South,Online,Fitness,Resistance Bands,2,21.85,0.15,7.48
ORD004553,2024-09-22,C00428,South,Online,Beauty,Hair Dryer,1,78.36,0.1,39.0
ORD004716,2024-09-22,C00244,North,Store,Electronics,Keyboard,4,63.47,0.05,33.8
ORD004716,2024-09-22,C00244,North,Store,Beauty,Skin Care Set,1,44.73,0.0,16.65
ORD005433,2024-09-22,C01531,West,Online,Electronics,Keyboard,1,64.98,0.1,33.8
ORD005445,2024-09-22,C00523,South,Online,Electronics,Headphones,2,82.12,0.0,49.3
ORD001599,2024-09-23,C01318,South,Online,Electronics,Keyboard,1,67.95,0.0,33.8
ORD001599,2024-09-23,C01318,South,Online,Beauty,Skin Care Set,1,47.83,0.05,16.65
ORD002505,2024-09-23,C00174,North,Online,Electronics,Keyboard,1,70.01,0.1,33.8
ORD002806,2024-09-23,C00595,South,Online,Beauty,Skin Care Set,1,43.28,0.05,16.65
ORD003712,2024-09-23,C00222,South,Store,Beauty,Hair Dryer,1,82.58,0.15,39.0
ORD003712,2024-09-23,C00222,South,Store,Beauty,Hair Dryer,3,78.13,0.0,39.0
ORD003896,2024-09-23,C00097,North,Online,Electronics,Smartwatch,3,215.4,0.0,132.3
ORD003896,2024-09-23,C00097,North,Online,Electronics,Smartwatch,2,214.01,0.0,132.3
ORD003997,2024-09-23,C00085,East,Online,Fitness,Dumbbells,1,74.4,0.2,39.9
ORD004354,2024-09-23,C00307,North,Store,Fitness,Resistance Bands,1,23.63,0.0,7.48
ORD004397,2024-09-23,C00223,East,Store,Home,Lamp,2,50.98,0.0,21.12
ORD004397,2024-09-23,C00223,East,Store,Electronics,Keyboard,1,69.74,0.0,33.8
ORD004492,2024-09-23,C00062,North,Online,Beauty,Skin Care Set,1,47.96,0.0,16.65
ORD000457,2024-09-24,C00552,West,Online,Electronics,Keyboard,1,67.77,0.2,33.8
ORD000457,2024-09-24,C00552,West,Online,Beauty,Makeup Kit,1,40.79,0.15,14.0
ORD000509,2024-09-24,C00585,West,Store,Home,Coffee Maker,1,96.57,0.1,52.25
ORD000802,2024-09-24,C00309,West,Online,Fitness,Resistance Bands,1,21.19,0.0,7.48
ORD001159,2024-09-24,C00214,West,Store,Home,Coffee Maker,1,95.25,0.1,52.25
ORD001938,2024-09-24,C00007,East,Online,Beauty,Hair Dryer,1,80.47,0.0,39.0
ORD002364,2024-09-24,C00680,South,Online,Home,Coffee Maker,1,95.9,0.1,52.25
ORD002364,2024-09-24,C00680,South,Online,Electronics,Keyboard,1,66.43,0.05,33.8
ORD003143,2024-09-24,C01350,North,Online,Electronics,Smartwatch,2,208.48,0.1,132.3
ORD003143,2024-09-24,C01350,North,Online,Electronics,Headphones,3,85.92,0.05,49.3
ORD003565,2024-09-24,C02098,South,Store,Fitness,Yoga Mat,1,28.24,0.2,12.6
ORD003565,2024-09-24,C02098,South,Store,Beauty,Hair Dryer,2,74.05,0.1,39.0
ORD005367,2024-09-24,C00358,South,Online,Home,Storage Box,1,23.89,0.2,9.36
ORD000008,2024-09-25,C00251,North,Online,Home,Coffee Maker,1,93.63,0.0,52.25
ORD000008,2024-09-25,C00251,North,Online,Electronics,Headphones,1,85.49,0.15,49.3
ORD004306,2024-09-25,C00750,East,Store,Home,Lamp,1,45.19,0.1,21.12
ORD004306,2024-09-25,C00750,East,Store,Beauty,Hair Dryer,2,78.1,0.1,39.0
ORD004866,2024-09-25,C00184,East,Store,Fitness,Yoga Mat,2,28.34,0.15,12.6
ORD004866,2024-09-25,C00184,East,Store,Home,Coffee Maker,2,99.1,0.2,52.25
ORD000344,2024-09-26,C01062,North,Online,Fitness,Dumbbells,1,75.2,0.15,39.9
ORD000344,2024-09-26,C01062,North,Online,Electronics,Smartwatch,1,218.15,0.15,132.3
ORD001421,2024-09-26,C00466,North,Store,Beauty,Hair Dryer,3,75.54,0.15,39.0
ORD004110,2024-09-26,C00041,West,Online,Home,Lamp,1,48.15,0.1,21.12
ORD004110,2024-09-26,C00041,West,Online,Electronics,Headphones,1,81.4,0.05,49.3
ORD004240,2024-09-26,C00352,North,Online,Beauty,Hair Dryer,1,77.84,0.0,39.0
ORD004240,2024-09-26,C00352,North,Online,Home,Storage Box,2,24.8,0.0,9.36
ORD004244,2024-09-26,C00547,West,Online,Beauty,Skin Care Set,1,47.32,0.1,16.65
ORD004768,2024-09-26,C00619,West,Online,Home,Lamp,3,49.78,0.0,21.12
ORD004768,2024-09-26,C00619,West,Online,Beauty,Hair Dryer,1,77.25,0.1,39.0
ORD005000,2024-09-26,C00340,South,Store,Home,Lamp,1,51.64,0.15,21.12
ORD005000,2024-09-26,C00340,South,Store,Home,Storage Box,1,23.92,0.05,9.36
ORD000614,2024-09-27,C00424,West,Online,Fitness,Yoga Mat,1,29.75,0.15,12.6
ORD000614,2024-09-27,C00424,West,Online,Electronics,Headphones,1,81.6,0.0,49.3
ORD000644,2024-09-27,C00579,East,Online,Electronics,Headphones,4,91.12,0.1,49.3
ORD000704,2024-09-27,C00783,South,Online,Electronics,Keyboard,1,63.22,0.1,33.8
ORD000704,2024-09-27,C00783,South,Online,Beauty,Skin Care Set,1,47.14,0.15,16.65
ORD000819,2024-09-27,C01487,South,Online,Fitness,Yoga Mat,1,30.29,0.1,12.6
ORD000819,2024-09-27,C01487,South,Online,Electronics,Keyboard,3,61.34,0.1,33.8
ORD001218,2024-09-27,C00628,North,Online,Beauty,Hair Dryer,1,82.12,0.15,39.0
ORD001218,2024-09-27,C00628,North,Online,Electronics,Smartwatch,3,199.95,0.2,132.3
ORD002449,2024-09-27,C01459,South,Online,Fitness,Resistance Bands,1,21.37,0.0,7.48
ORD002449,2024-09-27,C01459,South,Online,Electronics,Keyboard,1,66.91,0.1,33.8
ORD003923,2024-09-27,C00607,West,Online,Beauty,Skin Care Set,1,44.88,0.05,16.65
ORD003923,2024-09-27,C00607,West,Online,Home,Lamp,1,50.51,0.05,21.12
ORD004071,2024-09-27,C00401,North,Online,Fitness,Dumbbells,2,70.41,0.1,39.9
ORD004491,2024-09-27,C02180,North,Store,Home,Coffee Maker,1,96.49,0.1,52.25
ORD004491,2024-09-27,C02180,North,Store,Electronics,Keyboard,2,69.53,0.0,33.8
ORD004802,2024-09-27,C00113,East,Store,Fitness,Yoga Mat,1,29.36,0.05,12.6
ORD005813,2024-09-27,C01992,South,Marketplace,Fitness,Yoga Mat,2,28.36,0.2,12.6
ORD005813,2024-09-27,C01992,South,Marketplace,Fitness,Dumbbells,1,71.51,0.1,39.9
ORD001375,2024-09-28,C00573,West,Online,Electronics,Headphones,3,80.65,0.0,49.3
ORD001375,2024-09-28,C00573,West,Online,Beauty,Makeup Kit,2,38.76,0.1,14.0
ORD002033,2024-09-28,C01434,East,Store,Electronics,Keyboard,2,66.37,0.1,33.8
ORD002854,2024-09-28,C00542,West,Online,Electronics,Headphones,2,89.26,0.1,49.3
ORD002854,2024-09-28,C00542,West,Online,Beauty,Skin Care Set,1,43.34,0.0,16.65
ORD004086,2024-09-28,C00547,East,Marketplace,Home,Storage Box,2,24.01,0.0,9.36
ORD004583,2024-09-28,C00656,West,Online,Electronics,Smartwatch,2,210.36,0.05,132.3
ORD004583,2024-09-28,C00656,West,Online,Beauty,Hair Dryer,1,77.95,0.15,39.0
ORD000751,2024-09-29,C00603,West,Store,Beauty,Hair Dryer,4,75.83,0.1,39.0
ORD000913,2024-09-29,C00240,West,Online,Electronics,Headphones,1,86.7,0.1,49.3
ORD002808,2024-09-29,C00155,North,Online,Electronics,Headphones,1,80.81,0.0,49.3
ORD002808,2024-09-29,C00155,North,Online,Electronics,Keyboard,1,61.98,0.15,33.8
ORD003124,2024-09-29,C00306,North,Store,Fitness,Yoga Mat,2,30.94,0.0,12.6
ORD003124,2024-09-29,C00306,North,Store,Home,Lamp,1,51.61,0.1,21.12
ORD005297,2024-09-29,C01326,East,Store,Fitness,Dumbbells,1,72.44,0.0,39.9
ORD005297,2024-09-29,C01326,East,Store,Fitness,Resistance Bands,2,21.43,0.0,7.48
ORD005768,2024-09-29,C02110,North,Marketplace,Fitness,Dumbbells,1,69.78,0.05,39.9
ORD005768,2024-09-29,C02110,North,Marketplace,Beauty,Skin Care Set,1,44.13,0.1,16.65
ORD001804,2024-09-30,C00285,West,Store,Beauty,Skin Care Set,1,42.72,0.15,16.65
ORD001818,2024-09-30,C02190,South,Online,Fitness,Yoga Mat,1,30.59,0.05,12.6
ORD001818,2024-09-30,C02190,South,Online,Electronics,Smartwatch,2,218.09,0.0,132.3
ORD002592,2024-09-30,C00459,South,Marketplace,Electronics,Keyboard,2,66.2,0.0,33.8
ORD002727,2024-09-30,C00612,South,Store,Home,Storage Box,1,23.33,0.0,9.36
ORD002727,2024-09-30,C00612,South,Store,Beauty,Skin Care Set,1,47.65,0.0,16.65
ORD004045,2024-09-30,C00629,West,Store,Fitness,Dumbbells,1,73.69,0.05,39.9
ORD004045,2024-09-30,C00629,West,Store,Home,Coffee Maker,2,101.72,0.0,52.25
ORD004157,2024-09-30,C01088,East,Online,Beauty,Skin Care Set,1,44.93,0.0,16.65
ORD004886,2024-09-30,C00322,South,Online,Electronics,Smartwatch,1,223.35,0.1,132.3
ORD000231,2024-10-01,C00925,East,Online,Beauty,Hair Dryer,1,81.35,0.1,39.0
ORD000231,2024-10-01,C00925,East,Online,Electronics,Keyboard,1,64.48,0.15,33.8
ORD000863,2024-10-01,C00771,West,Online,Home,Coffee Maker,2,95.05,0.0,52.25
ORD000863,2024-10-01,C00771,West,Online,Home,Lamp,3,51.23,0.0,21.12
ORD002298,2024-10-01,C00309,West,Online,Home,Storage Box,1,22.64,0.1,9.36
ORD002298,2024-10-01,C00309,West,Online,Beauty,Hair Dryer,4,83.18,0.0,39.0
ORD004067,2024-10-01,C00399,East,Store,Home,Coffee Maker,2,91.63,0.0,52.25
ORD004067,2024-10-01,C00399,East,Store,Fitness,Yoga Mat,4,31.74,0.05,12.6
ORD005401,2024-10-01,C00181,East,Store,Home,Storage Box,3,22.6,0.05,9.36
ORD005867,2024-10-01,C00215,South,Store,Beauty,Hair Dryer,1,78.5,0.15,39.0
ORD000115,2024-10-02,C01025,South,Online,Beauty,Hair Dryer,2,78.33,0.0,39.0
ORD000115,2024-10-02,C01025,South,Online,Beauty,Makeup Kit,2,41.16,0.05,14.0
ORD001273,2024-10-02,C00739,East,Marketplace,Fitness,Yoga Mat,1,29.64,0.1,12.6
ORD001559,2024-10-02,C01427,East,Store,Home,Storage Box,1,24.03,0.0,9.36
ORD001877,2024-10-02,C00652,North,Online,Beauty,Skin Care Set,1,45.58,0.05,16.65
ORD002123,2024-10-02,C00677,North,Online,Beauty,Makeup Kit,3,42.29,0.05,14.0
ORD002123,2024-10-02,C00677,North,Online,Beauty,Makeup Kit,2,37.96,0.05,14.0
ORD002525,2024-10-02,C01590,West,Online,Fitness,Dumbbells,1,68.01,0.1,39.9
ORD002525,2024-10-02,C01590,West,Online,Electronics,Keyboard,2,69.81,0.05,33.8
ORD002535,2024-10-02,C00408,East,Online,Beauty,Makeup Kit,1,39.29,0.1,14.0
ORD003002,2024-10-02,C00253,South,Online,Home,Coffee Maker,1,96.19,0.1,52.25
ORD003002,2024-10-02,C00253,South,Online,Home,Storage Box,4,22.81,0.0,9.36
ORD004591,2024-10-02,C01817,West,Store,Beauty,Hair Dryer,3,79.75,0.05,39.0
ORD004591,2024-10-02,C01817,West,Store,Fitness,Yoga Mat,1,30.77,0.05,12.6
ORD000654,2024-10-03,C00278,North,Store,Fitness,Dumbbells,2,72.82,0.0,39.9
ORD000875,2024-10-03,C00155,West,Store,Electronics,Keyboard,1,65.51,0.0,33.8
ORD000875,2024-10-03,C00155,West,Store,Beauty,Hair Dryer,1,73.5,0.2,39.0
ORD001726,2024-10-03,C00522,West,Store,Home,Lamp,1,48.06,0.1,21.12
ORD001726,2024-10-03,C00522,West,Store,Fitness,Resistance Bands,1,21.38,0.15,7.48
ORD002419,2024-10-03,C02014,West,Online,Fitness,Dumbbells,1,74.33,0.0,39.9
ORD002419,2024-10-03,C02014,West,Online,Electronics,Keyboard,3,69.9,0.15,33.8
ORD002766,2024-10-03,C00631,South,Marketplace,Home,Storage Box,2,23.63,0.0,9.36
ORD004102,2024-10-03,C01219,East,Store,Beauty,Skin Care Set,2,45.64,0.15,16.65
ORD004102,2024-10-03,C01219,East,Store,Beauty,Hair Dryer,2,78.55,0.05,39.0
ORD005691,2024-10-03,C00093,West,Store,Beauty,Skin Care Set,1,46.28,0.05,16.65
ORD005691,2024-10-03,C00093,West,Store,Electronics,Keyboard,1,64.17,0.1,33.8
ORD005893,2024-10-03,C00140,South,Store,Electronics,Smartwatch,2,219.4,0.05,132.3
ORD005893,2024-10-03,C00140,South,Store,Fitness,Dumbbells,1,70.03,0.0,39.9
ORD005928,2024-10-03,C00653,North,Online,Fitness,Dumbbells,1,73.63,0.0,39.9
ORD000048,2024-10-04,C01353,East,Store,Electronics,Keyboard,1,69.62,0.2,33.8
ORD000241,2024-10-04,C01209,South,Online,Home,Storage Box,1,25.64,0.0,9.36
ORD000959,2024-10-04,C00387,East,Marketplace,Fitness,Resistance Bands,2,22.03,0.05,7.48
ORD000959,2024-10-04,C00387,East,Marketplace,Home,Lamp,1,45.67,0.0,21.12
ORD001335,2024-10-04,C00230,West,Online,Fitness,Dumbbells,1,68.26,0.1,39.9
ORD001745,2024-10-04,C01783,East,Store,Beauty,Hair Dryer,2,80.22,0.0,39.0
ORD002488,2024-10-04,C00019,North,Online,Electronics,Headphones,1,90.65,0.05,49.3
ORD002488,2024-10-04,C00019,North,Online,Fitness,Yoga Mat,2,31.5,0.0,12.6
ORD003084,2024-10-04,C00684,East,Online,Electronics,Headphones,1,81.13,0.1,49.3
ORD003518,2024-10-04,C00229,West,Marketplace,Home,Storage Box,2,25.75,0.05,9.36
ORD003518,2024-10-04,C00229,West,Marketplace,Electronics,Headphones,1,84.62,0.2,49.3
ORD004135,2024-10-04,C00578,South,Online,Beauty,Skin Care Set,1,45.43,0.05,16.65
ORD004135,2024-10-04,C00578,South,Online,Beauty,Hair Dryer,1,78.59,0.0,39.0
ORD004175,2024-10-04,C01084,East,Store,Fitness,Resistance Bands,1,22.19,0.1,7.48
ORD004392,2024-10-04,C00073,South,Store,Home,Lamp,2,47.47,0.0,21.12
ORD004392,2024-10-04,C00073,South,Store,Fitness,Yoga Mat,1,32.06,0.0,12.6
ORD005191,2024-10-04,C01517,West,Online,Fitness,Resistance Bands,1,21.02,0.15,7.48
ORD000438,2024-10-05,C00179,West,Store,Fitness,Dumbbells,1,75.5,0.0,39.9
ORD002737,2024-10-05,C00077,North,Store,Fitness,Resistance Bands,3,23.51,0.05,7.48
ORD002737,2024-10-05,C00077,North,Store,Electronics,Keyboard,1,64.38,0.05,33.8
ORD002967,2024-10-05,C00491,East,Online,Fitness,Yoga Mat,4,30.43,0.05,12.6
ORD002967,2024-10-05,C00491,East,Online,Home,Coffee Maker,2,102.54,0.05,52.25
ORD003952,2024-10-05,C02163,West,Store,Electronics,Smartwatch,1,225.07,0.2,132.3
ORD003952,2024-10-05,C02163,West,Store,Electronics,Headphones,2,84.55,0.0,49.3
ORD004078,2024-10-05,C01108,South,Online,Fitness,Yoga Mat,4,31.98,0.1,12.6
ORD004078,2024-10-05,C01108,South,Online,Home,Coffee Maker,4,90.39,0.2,52.25
ORD004206,2024-10-05,C00325,North,Online,Electronics,Headphones,1,89.13,0.0,49.3
ORD000161,2024-10-06,C00595,East,Store,Electronics,Smartwatch,2,204.3,0.2,132.3
ORD001528,2024-10-06,C01642,South,Marketplace,Beauty,Hair Dryer,1,79.36,0.05,39.0
ORD001925,2024-10-06,C00394,East,Online,Home,Storage Box,1,24.81,0.05,9.36
ORD001925,2024-10-06,C00394,East,Online,Fitness,Yoga Mat,1,31.77,0.15,12.6
ORD002540,2024-10-06,C00068,North,Online,Electronics,Keyboard,1,64.03,0.05,33.8
ORD002540,2024-10-06,C00068,North,Online,Electronics,Headphones,3,86.07,0.0,49.3
ORD003187,2024-10-06,C00688,West,Store,Electronics,Smartwatch,3,216.48,0.2,132.3
ORD003529,2024-10-06,C00702,West,Online,Beauty,Makeup Kit,1,41.27,0.1,14.0
ORD003529,2024-10-06,C00702,West,Online,Home,Lamp,2,47.68,0.0,21.12
ORD004611,2024-10-06,C01421,East,Store,Beauty,Skin Care Set,2,48.39,0.0,16.65
ORD004611,2024-10-06,C01421,East,Store,Fitness,Dumbbells,1,68.87,0.05,39.9
ORD005618,2024-10-06,C01149,North,Store,Fitness,Dumbbells,2,68.27,0.1,39.9
ORD005618,2024-10-06,C01149,North,Store,Fitness,Dumbbells,3,67.81,0.05,39.9
ORD000547,2024-10-07,C00715,West,Online,Fitness,Dumbbells,2,66.38,0.05,39.9
ORD000547,2024-10-07,C00715,West,Online,Beauty,Skin Care Set,1,47.44,0.05,16.65
ORD001108,2024-10-07,C00259,West,Store,Fitness,Resistance Bands,1,21.59,0.05,7.48
ORD001686,2024-10-07,C00065,East,Online,Electronics,Smartwatch,3,219.15,0.1,132.3
ORD001686,2024-10-07,C00065,East,Online,Electronics,Headphones,1,87.34,0.05,49.3
ORD002441,2024-10-07,C01311,East,Online,Home,Storage Box,2,22.63,0.05,9.36
ORD002891,2024-10-07,C00174,South,Store,Electronics,Headphones,2,90.14,0.05,49.3
ORD003147,2024-10-07,C00755,South,Marketplace,Electronics,Keyboard,2,65.32,0.1,33.8
ORD003147,2024-10-07,C00755,South,Marketplace,Fitness,Resistance Bands,2,23.49,0.15,7.48
ORD003316,2024-10-07,C00519,West,Online,Beauty,Makeup Kit,1,38.33,0.0,14.0
ORD003443,2024-10-07,C01521,North,Online,Fitness,Dumbbells,1,73.72,0.05,39.9
ORD003443,2024-10-07,C01521,North,Online,Beauty,Hair Dryer,3,77.37,0.15,39.0
ORD003778,2024-10-07,C00369,East,Marketplace,Electronics,Smartwatch,2,206.75,0.05,132.3
ORD003778,2024-10-07,C00369,East,Marketplace,Beauty,Skin Care Set,2,43.22,0.1,16.65
ORD005159,2024-10-07,C00061,South,Online,Fitness,Dumbbells,1,75.5,0.05,39.9
ORD000219,2024-10-08,C00403,West,Store,Fitness,Dumbbells,3,71.7,0.0,39.9
ORD000869,2024-10-08,C00295,East,Online,Beauty,Skin Care Set,2,46.36,0.05,16.65
ORD002016,2024-10-08,C02159,West,Store,Home,Storage Box,2,25.61,0.1,9.36
ORD002016,2024-10-08,C02159,West,Store,Fitness,Yoga Mat,2,32.13,0.1,12.6
ORD002371,2024-10-08,C00459,North,Store,Home,Storage Box,1,22.64,0.0,9.36
ORD002371,2024-10-08,C00459,North,Store,Fitness,Dumbbells,4,67.34,0.05,39.9
ORD005211,2024-10-08,C00063,West,Marketplace,Fitness,Resistance Bands,3,23.05,0.0,7.48
ORD005211,2024-10-08,C00063,West,Marketplace,Beauty,Hair Dryer,1,79.29,0.05,39.0
ORD000374,2024-10-09,C00039,North,Online,Home,Lamp,2,49.33,0.05,21.12
ORD002467,2024-10-09,C00070,East,Online,Beauty,Hair Dryer,1,73.71,0.15,39.0
ORD003224,2024-10-09,C02160,West,Online,Home,Coffee Maker,1,99.94,0.0,52.25
ORD004468,2024-10-09,C01913,East,Online,Electronics,Headphones,2,84.55,0.2,49.3
ORD004468,2024-10-09,C01913,East,Online,Electronics,Headphones,1,86.19,0.05,49.3
ORD005042,2024-10-09,C00765,East,Marketplace,Electronics,Headphones,1,88.84,0.0,49.3
ORD001754,2024-10-10,C00235,North,Marketplace,Electronics,Keyboard,2,63.98,0.1,33.8
ORD001754,2024-10-10,C00235,North,Marketplace,Electronics,Smartwatch,1,214.97,0.0,132.3
ORD001869,2024-10-10,C00075,North,Online,Home,Coffee Maker,2,100.19,0.15,52.25
ORD001869,2024-10-10,C00075,North,Online,Fitness,Dumbbells,1,67.31,0.05,39.9
ORD002120,2024-10-10,C01473,North,Online,Home,Coffee Maker,1,99.85,0.15,52.25
ORD002181,2024-10-10,C00068,North,Marketplace,Fitness,Dumbbells,1,72.81,0.1,39.9
ORD002181,2024-10-10,C00068,North,Marketplace,Fitness,Dumbbells,1,66.06,0.0,39.9
ORD004117,2024-10-10,C00046,North,Online,Fitness,Yoga Mat,2,30.21,0.1,12.6
ORD004117,2024-10-10,C00046,North,Online,Electronics,Keyboard,2,64.42,0.0,33.8
ORD004442,2024-10-10,C00649,South,Store,Fitness,Resistance Bands,1,21.4,0.0,7.48
ORD004442,2024-10-10,C00649,South,Store,Home,Coffee Maker,1,95.96,0.05,52.25
ORD000601,2024-10-11,C00453,East,Online,Home,Lamp,1,48.67,0.1,21.12
ORD000749,2024-10-11,C01658,West,Store,Beauty,Hair Dryer,2,82.71,0.0,39.0
ORD001498,2024-10-11,C02181,South,Store,Fitness,Dumbbells,4,71.05,0.15,39.9
ORD001807,2024-10-11,C00162,South,Store,Fitness,Dumbbells,1,75.17,0.3,39.9
ORD001807,2024-10-11,C00162,South,Store,Beauty,Skin Care Set,2,47.87,0.0,16.65
ORD003057,2024-10-11,C00043,North,Marketplace,Home,Lamp,2,48.59,0.2,21.12
ORD003057,2024-10-11,C00043,North,Marketplace,Fitness,Yoga Mat,1,31.23,0.2,12.6
ORD003892,2024-10-11,C00591,South,Online,Beauty,Hair Dryer,1,82.08,0.05,39.0
ORD003892,2024-10-11,C00591,South,Online,Beauty,Hair Dryer,1,79.36,0.05,39.0
ORD004336,2024-10-11,C01648,South,Online,Electronics,Keyboard,4,66.58,0.15,33.8
ORD004336,2024-10-11,C01648,South,Online,Home,Storage Box,1,24.39,0.05,9.36
ORD004762,2024-10-11,C00377,South,Online,Electronics,Keyboard,2,62.26,0.2,33.8
ORD000766,2024-10-12,C00079,South,Store,Home,Lamp,1,48.25,0.1,21.12
ORD000766,2024-10-12,C00079,South,Store,Home,Coffee Maker,1,90.41,0.0,52.25
ORD001461,2024-10-12,C02053,South,Online,Beauty,Makeup Kit,1,39.27,0.0,14.0
ORD001461,2024-10-12,C02053,South,Online,Beauty,Skin Care Set,1,46.42,0.05,16.65
ORD002215,2024-10-12,C00304,South,Online,Electronics,Headphones,3,82.09,0.1,49.3
ORD002215,2024-10-12,C00304,South,Online,Home,Lamp,1,51.55,0.2,21.12
ORD003792,2024-10-12,C00030,North,Online,Fitness,Dumbbells,3,71.29,0.0,39.9
ORD004950,2024-10-12,C00610,South,Store,Electronics,Headphones,2,81.11,0.15,49.3
ORD005062,2024-10-12,C00286,South,Store,Home,Lamp,1,45.73,0.15,21.12
ORD005062,2024-10-12,C00286,South,Store,Home,Coffee Maker,1,94.79,0.1,52.25
ORD005167,2024-10-12,C00573,West,Online,Electronics,Keyboard,2,63.49,0.1,33.8
ORD000147,2024-10-13,C00320,East,Store,Electronics,Headphones,1,83.93,0.0,49.3
ORD001169,2024-10-13,C00160,West,Online,Home,Storage Box,1,23.48,0.05,9.36
ORD001169,2024-10-13,C00160,West,Online,Beauty,Skin Care Set,1,44.23,0.2,16.65
ORD001358,2024-10-13,C00622,North,Store,Beauty,Skin Care Set,1,44.53,0.15,16.65
ORD001358,2024-10-13,C00622,North,Store,Fitness,Resistance Bands,2,21.38,0.05,7.48
ORD001982,2024-10-13,C02126,North,Online,Fitness,Yoga Mat,1,32.21,0.1,12.6
ORD001982,2024-10-13,C02126,North,Online,Beauty,Makeup Kit,2,41.07,0.0,14.0
ORD002387,2024-10-13,C01242,West,Online,Electronics,Smartwatch,4,216.19,0.05,132.3
ORD002387,2024-10-13,C01242,West,Online,Fitness,Resistance Bands,3,22.2,0.05,7.48
ORD002436,2024-10-13,C00383,West,Online,Electronics,Headphones,2,80.82,0.05,49.3
ORD003381,2024-10-13,C02075,North,Online,Fitness,Yoga Mat,1,28.89,0.1,12.6
ORD005241,2024-10-13,C00463,West,Store,Home,Coffee Maker,3,90.15,0.1,52.25
ORD005241,2024-10-13,C00463,West,Store,Electronics,Smartwatch,1,221.49,0.0,132.3
ORD005468,2024-10-13,C00186,East,Marketplace,Beauty,Skin Care Set,1,48.41,0.0,16.65
ORD002483,2024-10-14,C02179,West,Online,Beauty,Makeup Kit,1,39.91,0.1,14.0
ORD002483,2024-10-14,C02179,West,Online,Electronics,Smartwatch,1,223.6,0.0,132.3
ORD003403,2024-10-14,C00294,North,Online,Fitness,Resistance Bands,1,23.23,0.0,7.48
ORD003403,2024-10-14,C00294,North,Online,Beauty,Skin Care Set,3,48.51,0.0,16.65
ORD003448,2024-10-14,C00355,South,Store,Home,Lamp,1,46.41,0.15,21.12
ORD003810,2024-10-14,C00105,East,Online,Home,Coffee Maker,2,93.47,0.05,52.25
ORD003810,2024-10-14,C00105,East,Online,Electronics,Keyboard,1,67.94,0.05,33.8
ORD004189,2024-10-14,C00239,South,Store,Home,Lamp,1,46.09,0.3,21.12
ORD004189,2024-10-14,C00239,South,Store,Beauty,Skin Care Set,2,47.94,0.15,16.65
ORD004666,2024-10-14,C00295,North,Online,Fitness,Dumbbells,1,73.28,0.1,39.9
ORD005952,2024-10-14,C00026,South,Online,Beauty,Makeup Kit,3,43.06,0.0,14.0
ORD005952,2024-10-14,C00026,South,Online,Home,Coffee Maker,1,93.21,0.05,52.25
ORD002305,2024-10-15,C00398,North,Online,Fitness,Yoga Mat,1,29.23,0.15,12.6
ORD002305,2024-10-15,C00398,North,Online,Fitness,Yoga Mat,1,30.3,0.0,12.6
ORD003068,2024-10-15,C00250,West,Store,Fitness,Dumbbells,1,72.87,0.0,39.9
ORD003476,2024-10-15,C00157,South,Store,Beauty,Makeup Kit,3,42.61,0.0,14.0
ORD003630,2024-10-15,C00592,East,Online,Fitness,Resistance Bands,1,21.64,0.1,7.48
ORD003630,2024-10-15,C00592,East,Online,Fitness,Yoga Mat,2,31.42,0.3,12.6
ORD002212,2024-10-16,C00134,South,Online,Electronics,Smartwatch,2,201.73,0.0,132.3
ORD002706,2024-10-16,C00320,North,Online,Electronics,Headphones,1,81.11,0.1,49.3
ORD002706,2024-10-16,C00320,North,Online,Home,Lamp,1,49.12,0.0,21.12
ORD003675,2024-10-16,C01324,North,Online,Electronics,Headphones,4,85.38,0.15,49.3
ORD003675,2024-10-16,C01324,North,Online,Home,Coffee Maker,2,90.48,0.05,52.25
ORD004248,2024-10-16,C02026,West,Store,Electronics,Keyboard,1,62.23,0.15,33.8
ORD004248,2024-10-16,C02026,West,Store,Fitness,Dumbbells,1,74.74,0.1,39.9
ORD004625,2024-10-16,C01411,West,Store,Beauty,Makeup Kit,2,41.41,0.15,14.0
ORD004836,2024-10-16,C00660,North,Store,Home,Coffee Maker,2,99.94,0.0,52.25
ORD005020,2024-10-16,C00434,East,Online,Electronics,Headphones,1,84.31,0.05,49.3
ORD005020,2024-10-16,C00434,East,Online,Beauty,Makeup Kit,2,39.92,0.1,14.0
ORD005571,2024-10-16,C00147,West,Online,Home,Lamp,1,50.94,0.0,21.12
ORD005571,2024-10-16,C00147,West,Online,Electronics,Smartwatch,3,219.4,0.0,132.3
ORD000578,2024-10-17,C00675,North,Store,Home,Lamp,1,46.52,0.15,21.12
ORD000578,2024-10-17,C00675,North,Store,Home,Lamp,1,48.97,0.05,21.12
ORD001139,2024-10-17,C00452,North,Online,Home,Storage Box,4,24.92,0.05,9.36
ORD003238,2024-10-17,C00071,North,Store,Home,Lamp,2,48.3,0.1,21.12
ORD003238,2024-10-17,C00071,North,Store,Home,Coffee Maker,1,102.5,0.0,52.25
ORD003388,2024-10-17,C00244,East,Online,Electronics,Smartwatch,2,205.39,0.0,132.3
ORD003388,2024-10-17,C00244,East,Online,Electronics,Smartwatch,1,208.23,0.0,132.3
ORD005174,2024-10-17,C00565,North,Online,Fitness,Dumbbells,1,70.73,0.15,39.9
ORD005635,2024-10-17,C00009,West,Marketplace,Home,Lamp,1,47.87,0.1,21.12
ORD000837,2024-10-18,C01240,West,Store,Home,Coffee Maker,3,95.17,0.0,52.25
ORD003004,2024-10-18,C00339,East,Online,Beauty,Hair Dryer,1,81.66,0.05,39.0
ORD003004,2024-10-18,C00339,East,Online,Home,Lamp,1,51.54,0.15,21.12
ORD003486,2024-10-18,C01270,East,Store,Electronics,Smartwatch,1,223.08,0.05,132.3
ORD004293,2024-10-18,C01342,South,Store,Beauty,Skin Care Set,1,47.29,0.1,16.65
ORD004293,2024-10-18,C01342,South,Store,Fitness,Dumbbells,1,75.08,0.15,39.9
ORD004477,2024-10-18,C01269,North,Online,Beauty,Makeup Kit,3,43.07,0.0,14.0
ORD004477,2024-10-18,C01269,North,Online,Beauty,Hair Dryer,4,74.46,0.0,39.0
ORD004906,2024-10-18,C01829,South,Online,Beauty,Hair Dryer,1,80.62,0.05,39.0
ORD000738,2024-10-19,C00343,North,Online,Beauty,Makeup Kit,2,41.26,0.2,14.0
ORD000738,2024-10-19,C00343,North,Online,Home,Coffee Maker,3,98.82,0.1,52.25
ORD002489,2024-10-19,C00458,South,Marketplace,Fitness,Resistance Bands,2,20.79,0.1,7.48
ORD002752,2024-10-19,C00285,North,Marketplace,Electronics,Headphones,2,87.15,0.0,49.3
ORD002752,2024-10-19,C00285,North,Marketplace,Beauty,Hair Dryer,1,79.45,0.3,39.0
ORD002835,2024-10-19,C02196,South,Store,Home,Lamp,2,51.58,0.15,21.12
ORD002835,2024-10-19,C02196,South,Store,Electronics,Headphones,1,91.28,0.05,49.3
ORD003267,2024-10-19,C00641,South,Online,Electronics,Keyboard,2,68.19,0.1,33.8
ORD003267,2024-10-19,C00641,South,Online,Beauty,Hair Dryer,4,79.99,0.0,39.0
ORD003450,2024-10-19,C01971,North,Store,Beauty,Skin Care Set,2,46.43,0.05,16.65
ORD004202,2024-10-19,C00588,West,Online,Beauty,Hair Dryer,1,82.78,0.0,39.0
ORD004202,2024-10-19,C00588,West,Online,Electronics,Smartwatch,1,212.32,0.05,132.3
ORD004427,2024-10-19,C01278,East,Store,Beauty,Makeup Kit,1,39.97,0.05,14.0
ORD004427,2024-10-19,C01278,East,Store,Fitness,Dumbbells,1,69.03,0.05,39.9
ORD005032,2024-10-19,C00490,West,Store,Beauty,Skin Care Set,3,42.47,0.0,16.65
ORD005032,2024-10-19,C00490,West,Store,Fitness,Dumbbells,1,73.19,0.0,39.9
ORD000586,2024-10-20,C00333,West,Online,Beauty,Makeup Kit,1,42.25,0.0,14.0
ORD001323,2024-10-20,C00079,West,Store,Home,Storage Box,1,25.54,0.15,9.36
ORD002895,2024-10-20,C01779,South,Online,Electronics,Smartwatch,1,210.1,0.2,132.3
ORD003399,2024-10-20,C00196,East,Online,Fitness,Resistance Bands,3,23.74,0.1,7.48
ORD003399,2024-10-20,C00196,East,Online,Beauty,Makeup Kit,1,41.6,0.05,14.0
ORD003604,2024-10-20,C01404,North,Online,Beauty,Makeup Kit,1,39.47,0.05,14.0
ORD003621,2024-10-20,C01368,East,Store,Beauty,Hair Dryer,1,75.69,0.1,39.0
ORD003621,2024-10-20,C01368,East,Store,Beauty,Makeup Kit,2,39.1,0.0,14.0
ORD004963,2024-10-20,C00562,South,Marketplace,Electronics,Smartwatch,2,213.78,0.0,132.3
ORD004963,2024-10-20,C00562,South,Marketplace,Fitness,Yoga Mat,4,32.27,0.2,12.6
ORD005634,2024-10-20,C01603,West,Online,Home,Coffee Maker,2,96.3,0.0,52.25
ORD005634,2024-10-20,C01603,West,Online,Beauty,Hair Dryer,2,77.6,0.0,39.0
ORD005796,2024-10-20,C00587,West,Marketplace,Electronics,Smartwatch,2,199.86,0.1,132.3
ORD000004,2024-10-21,C00345,North,Online,Fitness,Resistance Bands,1,22.05,0.1,7.48
ORD000004,2024-10-21,C00345,North,Online,Electronics,Keyboard,1,66.15,0.05,33.8
ORD000230,2024-10-21,C00552,North,Online,Fitness,Yoga Mat,1,28.89,0.0,12.6
ORD000230,2024-10-21,C00552,North,Online,Home,Lamp,3,46.2,0.0,21.12
ORD000255,2024-10-21,C00282,North,Marketplace,Home,Coffee Maker,1,94.73,0.1,52.25
ORD000519,2024-10-21,C00184,South,Online,Fitness,Resistance Bands,2,21.3,0.1,7.48
ORD002547,2024-10-21,C00187,East,Store,Beauty,Skin Care Set,3,44.3,0.0,16.65
ORD002547,2024-10-21,C00187,East,Store,Beauty,Skin Care Set,1,43.49,0.0,16.65
ORD002746,2024-10-21,C00243,East,Store,Home,Coffee Maker,3,96.63,0.05,52.25
ORD002772,2024-10-21,C00079,West,Online,Fitness,Dumbbells,1,74.34,0.1,39.9
ORD003571,2024-10-21,C01758,South,Store,Beauty,Makeup Kit,2,41.08,0.1,14.0
ORD003571,2024-10-21,C01758,South,Store,Beauty,Hair Dryer,2,82.54,0.05,39.0
ORD004474,2024-10-21,C00678,East,Online,Home,Storage Box,2,24.01,0.05,9.36
ORD004474,2024-10-21,C00678,East,Online,Electronics,Keyboard,2,69.43,0.1,33.8
ORD004550,2024-10-21,C01917,West,Online,Electronics,Headphones,1,82.73,0.0,49.3
ORD004633,2024-10-21,C00257,North,Online,Home,Storage Box,1,23.44,0.0,9.36
ORD004633,2024-10-21,C00257,North,Online,Electronics,Keyboard,1,67.15,0.05,33.8
ORD005035,2024-10-21,C01037,West,Store,Fitness,Resistance Bands,1,23.13,0.05,7.48
ORD005035,2024-10-21,C01037,West,Store,Beauty,Hair Dryer,1,77.76,0.0,39.0
ORD005348,2024-10-21,C00068,West,Online,Home,Storage Box,3,23.52,0.0,9.36
ORD005348,2024-10-21,C00068,West,Online,Fitness,Resistance Bands,3,23.43,0.05,7.48
ORD005945,2024-10-21,C00400,North,Store,Home,Lamp,1,49.04,0.0,21.12
ORD000075,2024-10-22,C00355,North,Online,Beauty,Makeup Kit,3,38.16,0.1,14.0
ORD000075,2024-10-22,C00355,North,Online,Beauty,Hair Dryer,4,83.18,0.0,39.0
ORD000718,2024-10-22,C00429,North,Online,Electronics,Keyboard,1,66.77,0.3,33.8
ORD000935,2024-10-22,C00243,West,Store,Beauty,Skin Care Set,1,43.87,0.1,16.65
ORD000979,2024-10-22,C01219,South,Store,Home,Storage Box,1,22.87,0.0,9.36
ORD001149,2024-10-22,C00658,South,Online,Electronics,Smartwatch,1,226.15,0.1,132.3
ORD002284,2024-10-22,C00431,West,Online,Fitness,Resistance Bands,2,21.16,0.05,7.48
ORD002284,2024-10-22,C00431,West,Online,Beauty,Hair Dryer,3,80.08,0.05,39.0
ORD002918,2024-10-22,C01125,North,Online,Beauty,Makeup Kit,1,39.96,0.1,14.0
ORD002918,2024-10-22,C01125,North,Online,Beauty,Skin Care Set,2,45.85,0.0,16.65
ORD003263,2024-10-22,C01141,South,Online,Beauty,Hair Dryer,1,77.15,0.1,39.0
ORD003543,2024-10-22,C00029,North,Store,Electronics,Smartwatch,1,222.02,0.05,132.3
ORD003543,2024-10-22,C00029,North,Store,Home,Coffee Maker,2,101.45,0.2,52.25
ORD004184,2024-10-22,C00655,West,Online,Home,Coffee Maker,1,91.93,0.05,52.25
ORD004184,2024-10-22,C00655,West,Online,Home,Coffee Maker,2,93.86,0.05,52.25
ORD005329,2024-10-22,C01429,West,Online,Beauty,Skin Care Set,1,47.72,0.0,16.65
ORD005329,2024-10-22,C01429,West,Online,Electronics,Headphones,1,82.84,0.0,49.3
ORD005700,2024-10-22,C01558,South,Store,Beauty,Skin Care Set,1,44.79,0.0,16.65
ORD005700,2024-10-22,C01558,South,Store,Beauty,Makeup Kit,2,37.89,0.0,14.0
ORD001091,2024-10-23,C00405,South,Online,Electronics,Headphones,2,81.87,0.1,49.3
ORD001091,2024-10-23,C00405,South,Online,Beauty,Makeup Kit,2,38.55,0.3,14.0
ORD001208,2024-10-23,C01759,North,Online,Electronics,Smartwatch,2,212.61,0.0,132.3
ORD001208,2024-10-23,C01759,North,Online,Electronics,Keyboard,3,65.72,0.0,33.8
ORD002362,2024-10-23,C00117,West,Marketplace,Beauty,Skin Care Set,2,46.11,0.05,16.65
ORD002707,2024-10-23,C00698,North,Online,Home,Coffee Maker,1,97.07,0.1,52.25
ORD002707,2024-10-23,C00698,North,Online,Home,Coffee Maker,1,93.2,0.05,52.25
ORD003026,2024-10-23,C00682,West,Online,Home,Storage Box,2,24.61,0.0,9.36
ORD003026,2024-10-23,C00682,West,Online,Electronics,Keyboard,1,67.45,0.15,33.8
ORD003055,2024-10-23,C00586,East,Online,Fitness,Yoga Mat,1,28.49,0.3,12.6
ORD003725,2024-10-23,C00315,South,Online,Home,Storage Box,1,24.5,0.0,9.36
ORD003725,2024-10-23,C00315,South,Online,Home,Storage Box,3,24.91,0.1,9.36
ORD004305,2024-10-23,C00727,North,Online,Home,Lamp,1,48.87,0.0,21.12
ORD004305,2024-10-23,C00727,North,Online,Beauty,Hair Dryer,2,76.4,0.0,39.0
ORD004391,2024-10-23,C00623,West,Online,Home,Storage Box,1,24.36,0.0,9.36
ORD005164,2024-10-23,C00179,West,Online,Beauty,Skin Care Set,3,42.97,0.0,16.65
ORD005787,2024-10-23,C00699,East,Marketplace,Fitness,Resistance Bands,1,22.78,0.0,7.48
ORD005787,2024-10-23,C00699,East,Marketplace,Beauty,Hair Dryer,1,77.07,0.0,39.0
ORD000362,2024-10-24,C00415,West,Online,Home,Lamp,1,51.48,0.05,21.12
ORD000721,2024-10-24,C00446,North,Store,Beauty,Skin Care Set,2,45.88,0.0,16.65
ORD000721,2024-10-24,C00446,North,Store,Electronics,Keyboard,1,62.46,0.0,33.8
ORD001854,2024-10-24,C00568,South,Online,Beauty,Skin Care Set,1,44.54,0.0,16.65
ORD002418,2024-10-24,C00223,East,Online,Fitness,Resistance Bands,2,20.91,0.15,7.48
ORD002418,2024-10-24,C00223,East,Online,Electronics,Headphones,4,91.39,0.1,49.3
ORD002651,2024-10-24,C02194,East,Store,Electronics,Keyboard,1,65.37,0.15,33.8
ORD002651,2024-10-24,C02194,East,Store,Fitness,Resistance Bands,2,22.79,0.1,7.48
ORD004063,2024-10-24,C01703,East,Marketplace,Electronics,Headphones,1,80.76,0.2,49.3
ORD004063,2024-10-24,C01703,East,Marketplace,Home,Storage Box,1,25.3,0.05,9.36
ORD004679,2024-10-24,C00277,East,Online,Fitness,Yoga Mat,4,28.22,0.1,12.6
ORD004679,2024-10-24,C00277,East,Online,Fitness,Resistance Bands,1,23.32,0.1,7.48
ORD004815,2024-10-24,C00006,North,Online,Electronics,Keyboard,3,69.65,0.3,33.8
ORD004815,2024-10-24,C00006,North,Online,Electronics,Smartwatch,2,219.15,0.05,132.3
ORD005202,2024-10-24,C00482,North,Online,Fitness,Yoga Mat,3,31.57,0.15,12.6
ORD005296,2024-10-24,C00034,South,Online,Beauty,Skin Care Set,1,47.84,0.05,16.65
ORD005296,2024-10-24,C00034,South,Online,Electronics,Smartwatch,1,197.59,0.0,132.3
ORD002111,2024-10-25,C00275,North,Store,Beauty,Hair Dryer,2,75.2,0.0,39.0
ORD002111,2024-10-25,C00275,North,Store,Fitness,Resistance Bands,1,21.63,0.1,7.48
ORD002924,2024-10-25,C01098,South,Store,Home,Storage Box,1,22.58,0.15,9.36
ORD002924,2024-10-25,C01098,South,Store,Electronics,Keyboard,3,63.8,0.0,33.8
ORD003230,2024-10-25,C00214,West,Store,Electronics,Headphones,2,82.78,0.0,49.3
ORD003294,2024-10-25,C00513,South,Online,Home,Storage Box,1,23.95,0.0,9.36
ORD003294,2024-10-25,C00513,South,Online,Beauty,Hair Dryer,1,83.0,0.0,39.0
ORD003350,2024-10-25,C00414,South,Store,Beauty,Skin Care Set,1,44.69,0.0,16.65
ORD003350,2024-10-25,C00414,South,Store,Fitness,Yoga Mat,1,29.89,0.0,12.6
ORD003551,2024-10-25,C00975,North,Marketplace,Fitness,Dumbbells,3,68.92,0.15,39.9
ORD003551,2024-10-25,C00975,North,Marketplace,Electronics,Keyboard,1,62.52,0.1,33.8
ORD004193,2024-10-25,C01144,South,Online,Fitness,Dumbbells,1,71.28,0.05,39.9
ORD004193,2024-10-25,C01144,South,Online,Electronics,Headphones,2,86.92,0.0,49.3
ORD004294,2024-10-25,C00554,West,Store,Home,Storage Box,2,23.63,0.2,9.36
ORD004294,2024-10-25,C00554,West,Store,Fitness,Resistance Bands,1,20.93,0.0,7.48
ORD005284,2024-10-25,C00578,West,Store,Electronics,Headphones,2,86.4,0.0,49.3
ORD000228,2024-10-26,C01556,West,Online,Fitness,Yoga Mat,2,29.48,0.0,12.6
ORD000432,2024-10-26,C00390,North,Online,Home,Lamp,1,46.77,0.1,21.12
ORD000432,2024-10-26,C00390,North,Online,Electronics,Smartwatch,4,198.2,0.05,132.3
ORD000658,2024-10-26,C01907,South,Marketplace,Home,Coffee Maker,1,90.71,0.0,52.25
ORD000658,2024-10-26,C01907,South,Marketplace,Fitness,Resistance Bands,1,23.27,0.0,7.48
ORD000715,2024-10-26,C00007,North,Marketplace,Fitness,Resistance Bands,1,23.58,0.1,7.48
ORD001250,2024-10-26,C00667,South,Online,Fitness,Yoga Mat,1,30.15,0.05,12.6
ORD002090,2024-10-26,C01020,East,Store,Beauty,Hair Dryer,1,82.14,0.2,39.0
ORD002090,2024-10-26,C01020,East,Store,Beauty,Makeup Kit,2,40.54,0.0,14.0
ORD003739,2024-10-26,C01950,West,Store,Fitness,Resistance Bands,1,23.17,0.0,7.48
ORD003914,2024-10-26,C00545,North,Store,Fitness,Resistance Bands,1,23.29,0.1,7.48
ORD005209,2024-10-26,C01099,East,Online,Beauty,Skin Care Set,1,48.27,0.1,16.65
ORD005209,2024-10-26,C01099,East,Online,Home,Coffee Maker,1,97.98,0.1,52.25
ORD005311,2024-10-26,C00691,East,Store,Fitness,Yoga Mat,1,31.12,0.15,12.6
ORD005311,2024-10-26,C00691,East,Store,Fitness,Yoga Mat,1,28.51,0.0,12.6
ORD000706,2024-10-27,C01261,South,Marketplace,Beauty,Skin Care Set,3,47.08,0.0,16.65
ORD000726,2024-10-27,C00199,East,Marketplace,Home,Storage Box,2,23.79,0.0,9.36
ORD000726,2024-10-27,C00199,East,Marketplace,Electronics,Smartwatch,1,214.87,0.0,132.3
ORD000924,2024-10-27,C00380,West,Online,Home,Coffee Maker,1,101.73,0.0,52.25
ORD000924,2024-10-27,C00380,West,Online,Fitness,Dumbbells,1,72.06,0.2,39.9
ORD001405,2024-10-27,C00767,West,Online,Beauty,Makeup Kit,2,42.03,0.0,14.0
ORD001408,2024-10-27,C02077,North,Online,Fitness,Dumbbells,3,74.59,0.05,39.9
ORD002468,2024-10-27,C00024,North,Online,Fitness,Resistance Bands,1,21.79,0.0,7.48
ORD002468,2024-10-27,C00024,North,Online,Home,Storage Box,1,22.92,0.05,9.36
ORD003076,2024-10-27,C00120,North,Store,Beauty,Hair Dryer,1,84.24,0.0,39.0
ORD003076,2024-10-27,C00120,North,Store,Beauty,Hair Dryer,1,75.53,0.0,39.0
ORD003969,2024-10-27,C00628,South,Online,Electronics,Headphones,1,80.49,0.05,49.3
ORD004571,2024-10-27,C01968,East,Store,Beauty,Makeup Kit,1,38.95,0.15,14.0
ORD001658,2024-10-28,C00322,East,Online,Home,Coffee Maker,1,96.08,0.1,52.25
ORD002005,2024-10-28,C01967,South,Online,Fitness,Dumbbells,3,73.79,0.1,39.9
ORD002005,2024-10-28,C01967,South,Online,Beauty,Skin Care Set,4,46.0,0.05,16.65
ORD003173,2024-10-28,C00023,East,Online,Fitness,Dumbbells,1,72.23,0.0,39.9
ORD003591,2024-10-28,C00189,West,Online,Electronics,Keyboard,1,68.65,0.05,33.8
ORD004256,2024-10-28,C00615,North,Store,Home,Coffee Maker,1,94.66,0.0,52.25
ORD004256,2024-10-28,C00615,North,Store,Beauty,Skin Care Set,1,48.49,0.0,16.65
ORD004343,2024-10-28,C00262,North,Store,Home,Coffee Maker,2,96.53,0.05,52.25
ORD005479,2024-10-28,C01217,East,Online,Electronics,Headphones,3,84.19,0.15,49.3
ORD005479,2024-10-28,C01217,East,Online,Fitness,Resistance Bands,1,22.0,0.1,7.48
ORD000503,2024-10-29,C00416,South,Store,Beauty,Hair Dryer,1,76.03,0.15,39.0
ORD000807,2024-10-29,C01915,North,Store,Beauty,Makeup Kit,1,40.34,0.1,14.0
ORD001135,2024-10-29,C00131,North,Online,Fitness,Resistance Bands,1,22.2,0.05,7.48
ORD001135,2024-10-29,C00131,North,Online,Beauty,Makeup Kit,4,39.14,0.15,14.0
ORD001276,2024-10-29,C00394,East,Online,Electronics,Headphones,1,84.86,0.1,49.3
ORD001276,2024-10-29,C00394,East,Online,Electronics,Headphones,1,91.0,0.15,49.3
ORD001610,2024-10-29,C00161,East,Marketplace,Beauty,Skin Care Set,1,42.8,0.2,16.65
ORD001610,2024-10-29,C00161,East,Marketplace,Electronics,Keyboard,1,62.14,0.0,33.8
ORD001649,2024-10-29,C01706,South,Marketplace,Home,Storage Box,2,25.79,0.1,9.36
ORD001649,2024-10-29,C01706,South,Marketplace,Beauty,Makeup Kit,2,40.97,0.0,14.0
ORD002035,2024-10-29,C00070,West,Online,Beauty,Skin Care Set,2,46.7,0.0,16.65
ORD002464,2024-10-29,C00172,East,Marketplace,Electronics,Smartwatch,1,202.41,0.15,132.3
ORD002753,2024-10-29,C00159,North,Store,Home,Lamp,1,50.68,0.05,21.12
ORD002753,2024-10-29,C00159,North,Store,Beauty,Hair Dryer,1,81.66,0.0,39.0
ORD003864,2024-10-29,C00256,North,Online,Home,Coffee Maker,2,89.78,0.2,52.25
ORD003864,2024-10-29,C00256,North,Online,Home,Lamp,2,50.44,0.3,21.12
ORD005285,2024-10-29,C00854,West,Store,Fitness,Resistance Bands,1,22.2,0.0,7.48
ORD005285,2024-10-29,C00854,West,Store,Electronics,Keyboard,1,68.3,0.0,33.8
ORD005642,2024-10-29,C00791,East,Store,Beauty,Makeup Kit,1,39.37,0.15,14.0
ORD005642,2024-10-29,C00791,East,Store,Fitness,Yoga Mat,2,28.99,0.15,12.6
ORD000150,2024-10-30,C01994,East,Online,Home,Storage Box,2,24.92,0.3,9.36
ORD001347,2024-10-30,C01177,South,Online,Home,Coffee Maker,1,90.33,0.05,52.25
ORD001347,2024-10-30,C01177,South,Online,Home,Storage Box,3,25.58,0.2,9.36
ORD003130,2024-10-30,C00387,East,Store,Electronics,Headphones,3,82.79,0.05,49.3
ORD005385,2024-10-30,C01629,North,Store,Home,Lamp,2,51.64,0.3,21.12
ORD000814,2024-10-31,C01668,West,Store,Electronics,Smartwatch,1,206.92,0.2,132.3
ORD000814,2024-10-31,C01668,West,Store,Home,Lamp,1,49.59,0.0,21.12
ORD002052,2024-10-31,C00260,South,Online,Electronics,Smartwatch,3,217.05,0.0,132.3
ORD002052,2024-10-31,C00260,South,Online,Home,Coffee Maker,3,90.82,0.05,52.25
ORD002246,2024-10-31,C00671,West,Marketplace,Electronics,Keyboard,1,69.41,0.05,33.8
ORD002852,2024-10-31,C00603,South,Online,Fitness,Yoga Mat,1,31.15,0.0,12.6
ORD002935,2024-10-31,C01472,West,Online,Beauty,Skin Care Set,1,42.63,0.05,16.65
ORD003340,2024-10-31,C00145,West,Marketplace,Home,Lamp,1,45.57,0.15,21.12
ORD003479,2024-10-31,C01231,North,Store,Electronics,Headphones,1,84.09,0.0,49.3
ORD004467,2024-10-31,C01343,South,Online,Electronics,Smartwatch,1,211.93,0.05,132.3
ORD005076,2024-10-31,C00403,South,Online,Electronics,Smartwatch,3,211.79,0.0,132.3
ORD005076,2024-10-31,C00403,South,Online,Beauty,Makeup Kit,1,42.95,0.05,14.0
ORD000117,2024-11-01,C00201,West,Store,Fitness,Yoga Mat,2,35.19,0.1,12.6
ORD000117,2024-11-01,C00201,West,Store,Fitness,Yoga Mat,1,36.33,0.1,12.6
ORD000940,2024-11-01,C00277,East,Store,Home,Coffee Maker,3,108.8,0.05,52.25
ORD002101,2024-11-01,C00536,West,Online,Beauty,Hair Dryer,1,89.52,0.1,39.0
ORD003118,2024-11-01,C00426,East,Store,Home,Coffee Maker,3,108.85,0.05,52.25
ORD003118,2024-11-01,C00426,East,Store,Electronics,Headphones,1,93.35,0.1,49.3
ORD004236,2024-11-01,C01129,North,Online,Beauty,Skin Care Set,1,54.15,0.0,16.65
ORD004236,2024-11-01,C01129,North,Online,Beauty,Skin Care Set,1,54.78,0.1,16.65
ORD005712,2024-11-01,C02039,East,Store,Fitness,Yoga Mat,2,36.22,0.0,12.6
ORD000308,2024-11-02,C00661,West,Online,Home,Storage Box,3,28.87,0.0,9.36
ORD001416,2024-11-02,C00241,South,Online,Electronics,Keyboard,2,71.74,0.1,33.8
ORD001416,2024-11-02,C00241,South,Online,Beauty,Skin Care Set,2,48.14,0.1,16.65
ORD001601,2024-11-02,C00488,West,Store,Fitness,Dumbbells,1,81.29,0.1,39.9
ORD002070,2024-11-02,C00064,West,Online,Electronics,Smartwatch,4,245.19,0.05,132.3
ORD002070,2024-11-02,C00064,West,Online,Beauty,Makeup Kit,1,48.4,0.0,14.0
ORD002425,2024-11-02,C00174,East,Store,Fitness,Dumbbells,1,75.0,0.15,39.9
ORD002425,2024-11-02,C00174,East,Store,Electronics,Headphones,1,95.43,0.0,49.3
ORD002686,2024-11-02,C00529,West,Online,Home,Coffee Maker,1,101.43,0.15,52.25
ORD002716,2024-11-02,C00689,West,Online,Fitness,Yoga Mat,2,33.03,0.1,12.6
ORD002716,2024-11-02,C00689,West,Online,Beauty,Makeup Kit,3,43.84,0.0,14.0
ORD002842,2024-11-02,C00385,South,Online,Electronics,Smartwatch,1,238.43,0.0,132.3
ORD002865,2024-11-02,C00680,East,Store,Electronics,Headphones,2,93.73,0.1,49.3
ORD002865,2024-11-02,C00680,East,Store,Fitness,Dumbbells,2,80.37,0.0,39.9
ORD003152,2024-11-02,C01253,South,Store,Beauty,Skin Care Set,2,51.39,0.1,16.65
ORD003579,2024-11-02,C00609,East,Online,Home,Lamp,1,57.7,0.0,21.12
ORD005149,2024-11-02,C01170,West,Online,Fitness,Resistance Bands,1,26.75,0.15,7.48
ORD005149,2024-11-02,C01170,West,Online,Beauty,Skin Care Set,2,52.14,0.1,16.65
ORD000149,2024-11-03,C00221,East,Online,Beauty,Skin Care Set,1,52.06,0.0,16.65
ORD000442,2024-11-03,C00653,North,Marketplace,Beauty,Makeup Kit,1,44.14,0.1,14.0
ORD000442,2024-11-03,C00653,North,Marketplace,Home,Coffee Maker,3,104.61,0.05,52.25
ORD001060,2024-11-03,C00570,West,Store,Beauty,Skin Care Set,1,53.88,0.05,16.65
ORD002335,2024-11-03,C01547,East,Store,Electronics,Keyboard,2,72.51,0.1,33.8
ORD002335,2024-11-03,C01547,East,Store,Fitness,Yoga Mat,2,32.32,0.15,12.6
ORD002462,2024-11-03,C00169,East,Online,Electronics,Keyboard,1,73.72,0.05,33.8
ORD002796,2024-11-03,C01624,East,Store,Fitness,Yoga Mat,2,32.21,0.1,12.6
ORD002796,2024-11-03,C01624,East,Store,Home,Lamp,4,57.1,0.1,21.12
ORD003035,2024-11-03,C00141,East,Online,Electronics,Smartwatch,3,244.39,0.15,132.3
ORD003659,2024-11-03,C00852,West,Marketplace,Beauty,Hair Dryer,1,94.9,0.0,39.0
ORD003659,2024-11-03,C00852,West,Marketplace,Beauty,Makeup Kit,1,44.56,0.05,14.0
ORD004595,2024-11-03,C01627,East,Store,Home,Storage Box,1,26.8,0.05,9.36
ORD005130,2024-11-03,C01412,East,Online,Electronics,Smartwatch,3,239.61,0.1,132.3
ORD005974,2024-11-03,C00151,East,Store,Fitness,Dumbbells,1,83.01,0.1,39.9
ORD005974,2024-11-03,C00151,East,Store,Home,Storage Box,1,28.58,0.0,9.36
ORD001554,2024-11-04,C00022,West,Online,Beauty,Hair Dryer,1,89.75,0.05,39.0
ORD001607,2024-11-04,C00346,South,Online,Home,Lamp,1,56.75,0.0,21.12
ORD002783,2024-11-04,C01854,North,Online,Home,Lamp,1,53.74,0.15,21.12
ORD004847,2024-11-04,C00049,East,Online,Beauty,Makeup Kit,2,48.6,0.0,14.0
ORD005861,2024-11-04,C00169,South,Online,Electronics,Headphones,2,94.22,0.0,49.3
ORD005861,2024-11-04,C00169,South,Online,Fitness,Dumbbells,3,83.23,0.15,39.9
ORD005870,2024-11-04,C00307,East,Online,Electronics,Keyboard,1,72.14,0.2,33.8
ORD005993,2024-11-04,C01129,West,Online,Electronics,Keyboard,2,76.73,0.1,33.8
ORD005993,2024-11-04,C01129,West,Online,Home,Storage Box,1,26.26,0.15,9.36
ORD000672,2024-11-05,C00448,West,Online,Home,Coffee Maker,2,108.61,0.15,52.25
ORD000672,2024-11-05,C00448,West,Online,Beauty,Makeup Kit,1,44.74,0.1,14.0
ORD002429,2024-11-05,C00248,East,Store,Fitness,Resistance Bands,2,26.58,0.0,7.48
ORD002429,2024-11-05,C00248,East,Store,Fitness,Resistance Bands,2,25.5,0.1,7.48
ORD002804,2024-11-05,C01824,South,Online,Home,Coffee Maker,2,108.55,0.05,52.25
ORD003752,2024-11-05,C00308,West,Online,Beauty,Makeup Kit,2,44.78,0.1,14.0
ORD003752,2024-11-05,C00308,West,Online,Electronics,Keyboard,2,78.23,0.15,33.8
ORD004107,2024-11-05,C00102,North,Online,Fitness,Resistance Bands,1,26.52,0.0,7.48
ORD004107,2024-11-05,C00102,North,Online,Home,Storage Box,1,28.18,0.0,9.36
ORD000167,2024-11-06,C01346,West,Store,Electronics,Keyboard,1,79.31,0.1,33.8
ORD000167,2024-11-06,C01346,West,Store,Fitness,Yoga Mat,1,33.8,0.05,12.6
ORD000229,2024-11-06,C00081,South,Online,Fitness,Dumbbells,2,83.72,0.05,39.9
ORD001001,2024-11-06,C00385,North,Online,Beauty,Makeup Kit,1,45.96,0.15,14.0
ORD001001,2024-11-06,C00385,North,Online,Home,Storage Box,1,27.21,0.0,9.36
ORD001012,2024-11-06,C00405,West,Online,Beauty,Hair Dryer,2,94.78,0.1,39.0
ORD001012,2024-11-06,C00405,West,Online,Electronics,Smartwatch,2,228.43,0.15,132.3
ORD002134,2024-11-06,C00070,South,Store,Home,Lamp,3,52.48,0.05,21.12
ORD004942,2024-11-06,C01561,South,Store,Fitness,Yoga Mat,1,36.3,0.1,12.6
ORD004942,2024-11-06,C01561,South,Store,Beauty,Skin Care Set,1,51.38,0.0,16.65
ORD005021,2024-11-06,C00164,South,Online,Home,Storage Box,1,28.39,0.0,9.36
ORD005021,2024-11-06,C00164,South,Online,Fitness,Resistance Bands,2,23.99,0.0,7.48
ORD005917,2024-11-06,C00226,South,Online,Fitness,Yoga Mat,2,33.43,0.1,12.6
ORD005917,2024-11-06,C00226,South,Online,Beauty,Hair Dryer,1,86.17,0.05,39.0
ORD000936,2024-11-07,C00351,West,Marketplace,Beauty,Hair Dryer,1,89.18,0.15,39.0
ORD000936,2024-11-07,C00351,West,Marketplace,Electronics,Headphones,2,99.19,0.0,49.3
ORD001565,2024-11-07,C00291,East,Online,Home,Coffee Maker,1,112.81,0.0,52.25
ORD004094,2024-11-07,C00141,South,Online,Fitness,Resistance Bands,1,23.54,0.15,7.48
ORD004928,2024-11-07,C00286,East,Online,Electronics,Headphones,1,94.27,0.1,49.3
ORD004928,2024-11-07,C00286,East,Online,Fitness,Dumbbells,1,75.24,0.1,39.9
ORD000179,2024-11-08,C00125,North,Online,Beauty,Skin Care Set,1,54.6,0.0,16.65
ORD000179,2024-11-08,C00125,North,Online,Beauty,Makeup Kit,1,45.23,0.05,14.0
ORD000720,2024-11-08,C00153,East,Marketplace,Beauty,Hair Dryer,2,87.53,0.0,39.0
ORD000720,2024-11-08,C00153,East,Marketplace,Electronics,Headphones,1,103.3,0.1,49.3
ORD001348,2024-11-08,C01424,East,Store,Beauty,Hair Dryer,2,88.13,0.1,39.0
ORD001348,2024-11-08,C01424,East,Store,Home,Lamp,1,57.27,0.0,21.12
ORD002949,2024-11-08,C00364,East,Marketplace,Electronics,Headphones,2,90.4,0.1,49.3
ORD002949,2024-11-08,C00364,East,Marketplace,Electronics,Smartwatch,2,233.77,0.05,132.3
ORD003688,2024-11-08,C00372,East,Online,Electronics,Headphones,1,103.05,0.1,49.3
ORD004076,2024-11-08,C00406,East,Store,Home,Coffee Maker,1,107.46,0.0,52.25
ORD004076,2024-11-08,C00406,East,Store,Fitness,Yoga Mat,2,36.02,0.1,12.6
ORD005289,2024-11-08,C00076,East,Online,Electronics,Smartwatch,1,229.6,0.0,132.3
ORD005704,2024-11-08,C00566,North,Online,Home,Lamp,1,56.16,0.05,21.12
ORD005704,2024-11-08,C00566,North,Online,Electronics,Smartwatch,2,236.64,0.3,132.3
ORD000673,2024-11-09,C00185,South,Online,Beauty,Hair Dryer,2,91.99,0.05,39.0
ORD001217,2024-11-09,C00309,North,Store,Beauty,Skin Care Set,1,53.32,0.05,16.65
ORD002357,2024-11-09,C01379,North,Online,Electronics,Headphones,2,96.53,0.0,49.3
ORD002357,2024-11-09,C01379,North,Online,Electronics,Smartwatch,1,243.34,0.15,132.3
ORD002554,2024-11-09,C02164,South,Online,Beauty,Skin Care Set,2,52.28,0.05,16.65
ORD002554,2024-11-09,C02164,South,Online,Fitness,Yoga Mat,2,34.96,0.05,12.6
ORD003716,2024-11-09,C00867,East,Online,Beauty,Skin Care Set,2,50.18,0.2,16.65
ORD004239,2024-11-09,C00514,East,Online,Beauty,Hair Dryer,1,88.86,0.05,39.0
ORD004239,2024-11-09,C00514,East,Online,Fitness,Resistance Bands,2,24.99,0.0,7.48
ORD004766,2024-11-09,C00514,South,Marketplace,Beauty,Hair Dryer,2,83.49,0.0,39.0
ORD004766,2024-11-09,C00514,South,Marketplace,Fitness,Dumbbells,3,82.15,0.15,39.9
ORD005476,2024-11-09,C00554,South,Store,Home,Lamp,1,51.19,0.0,21.12
ORD005899,2024-11-09,C00645,West,Store,Electronics,Headphones,4,93.25,0.1,49.3
ORD005899,2024-11-09,C00645,West,Store,Home,Storage Box,3,26.75,0.1,9.36
ORD000145,2024-11-10,C01096,North,Online,Fitness,Resistance Bands,3,25.41,0.05,7.48
ORD000145,2024-11-10,C01096,North,Online,Home,Lamp,1,53.57,0.05,21.12
ORD001154,2024-11-10,C01458,West,Store,Electronics,Smartwatch,1,245.49,0.05,132.3
ORD001175,2024-11-10,C01297,North,Marketplace,Home,Storage Box,1,28.03,0.15,9.36
ORD001684,2024-11-10,C00210,North,Store,Electronics,Smartwatch,3,228.2,0.0,132.3
ORD004640,2024-11-10,C01011,South,Online,Fitness,Resistance Bands,1,25.84,0.1,7.48
ORD004640,2024-11-10,C01011,South,Online,Electronics,Smartwatch,2,252.33,0.1,132.3
ORD001594,2024-11-11,C00147,South,Store,Home,Lamp,1,57.59,0.1,21.12
ORD001843,2024-11-11,C00861,East,Store,Electronics,Smartwatch,1,244.92,0.0,132.3
ORD004121,2024-11-11,C00370,North,Online,Electronics,Smartwatch,2,231.55,0.15,132.3
ORD005221,2024-11-11,C00477,West,Online,Beauty,Hair Dryer,1,93.73,0.05,39.0
ORD000337,2024-11-12,C00375,East,Online,Beauty,Skin Care Set,2,48.96,0.0,16.65
ORD000337,2024-11-12,C00375,East,Online,Electronics,Headphones,2,95.35,0.0,49.3
ORD001984,2024-11-12,C00676,North,Online,Fitness,Dumbbells,4,84.33,0.0,39.9
ORD001984,2024-11-12,C00676,North,Online,Electronics,Headphones,1,102.19,0.15,49.3
ORD002274,2024-11-12,C00367,West,Online,Electronics,Headphones,1,90.7,0.0,49.3
ORD002274,2024-11-12,C00367,West,Online,Home,Storage Box,1,27.26,0.3,9.36
ORD002523,2024-11-12,C00014,North,Marketplace,Beauty,Skin Care Set,1,53.5,0.0,16.65
ORD003626,2024-11-12,C01544,East,Online,Fitness,Resistance Bands,2,24.77,0.05,7.48
ORD003769,2024-11-12,C00034,West,Online,Fitness,Yoga Mat,2,33.47,0.1,12.6
ORD003982,2024-11-12,C00625,East,Online,Beauty,Makeup Kit,2,43.04,0.0,14.0
ORD003982,2024-11-12,C00625,East,Online,Fitness,Resistance Bands,3,25.53,0.15,7.48
ORD004446,2024-11-12,C00569,North,Store,Home,Coffee Maker,1,112.18,0.15,52.25
ORD004446,2024-11-12,C00569,North,Store,Beauty,Hair Dryer,1,94.21,0.0,39.0
ORD004892,2024-11-12,C00394,South,Store,Fitness,Yoga Mat,1,33.02,0.05,12.6
ORD004927,2024-11-12,C00492,South,Online,Beauty,Makeup Kit,3,43.58,0.15,14.0
ORD005400,2024-11-12,C00683,North,Online,Beauty,Skin Care Set,1,54.19,0.05,16.65
ORD005400,2024-11-12,C00683,North,Online,Home,Lamp,4,53.15,0.05,21.12
ORD005497,2024-11-12,C01928,East,Store,Home,Coffee Maker,1,111.9,0.1,52.25
ORD000248,2024-11-13,C01722,South,Marketplace,Beauty,Hair Dryer,1,90.65,0.05,39.0
ORD001065,2024-11-13,C00503,East,Online,Fitness,Dumbbells,2,83.4,0.05,39.9
ORD001312,2024-11-13,C00519,West,Online,Electronics,Keyboard,1,73.98,0.1,33.8
ORD002582,2024-11-13,C00080,West,Store,Fitness,Yoga Mat,4,34.58,0.1,12.6
ORD003013,2024-11-13,C00213,South,Store,Beauty,Hair Dryer,1,87.57,0.0,39.0
ORD003013,2024-11-13,C00213,South,Store,Beauty,Skin Care Set,1,52.81,0.1,16.65
ORD004366,2024-11-13,C00261,East,Online,Beauty,Skin Care Set,1,52.0,0.05,16.65
ORD004396,2024-11-13,C00517,West,Online,Electronics,Keyboard,2,79.32,0.1,33.8
ORD004396,2024-11-13,C00517,West,Online,Home,Storage Box,1,26.24,0.1,9.36
ORD005499,2024-11-13,C00679,North,Online,Home,Lamp,2,58.06,0.05,21.12
ORD005730,2024-11-13,C00638,North,Online,Fitness,Dumbbells,2,77.09,0.0,39.9
ORD000405,2024-11-14,C00383,West,Online,Home,Lamp,2,57.53,0.0,21.12
ORD000645,2024-11-14,C00363,North,Online,Electronics,Smartwatch,1,245.23,0.3,132.3
ORD000849,2024-11-14,C01159,South,Online,Electronics,Keyboard,1,77.13,0.2,33.8
ORD000849,2024-11-14,C01159,South,Online,Beauty,Skin Care Set,3,53.85,0.05,16.65
ORD001516,2024-11-14,C00098,East,Online,Electronics,Headphones,1,96.09,0.0,49.3
ORD001516,2024-11-14,C00098,East,Online,Home,Coffee Maker,1,113.67,0.1,52.25
ORD002391,2024-11-14,C00315,South,Online,Fitness,Dumbbells,3,75.99,0.15,39.9
ORD002391,2024-11-14,C00315,South,Online,Fitness,Dumbbells,2,75.63,0.0,39.9
ORD000130,2024-11-15,C00088,North,Online,Home,Coffee Maker,1,113.78,0.0,52.25
ORD000130,2024-11-15,C00088,North,Online,Home,Coffee Maker,2,103.22,0.0,52.25
ORD001411,2024-11-15,C00177,South,Online,Home,Lamp,1,52.71,0.05,21.12
ORD001411,2024-11-15,C00177,South,Online,Home,Lamp,2,57.33,0.1,21.12
ORD001683,2024-11-15,C00428,East,Online,Electronics,Headphones,2,97.44,0.0,49.3
ORD001696,2024-11-15,C00595,East,Online,Home,Coffee Maker,3,112.59,0.0,52.25
ORD002142,2024-11-15,C00372,South,Online,Beauty,Hair Dryer,1,93.55,0.0,39.0
ORD002762,2024-11-15,C00285,West,Store,Electronics,Smartwatch,3,241.43,0.1,132.3
ORD004516,2024-11-15,C00438,North,Online,Beauty,Makeup Kit,1,46.5,0.0,14.0
ORD005277,2024-11-15,C00384,South,Online,Electronics,Keyboard,1,71.92,0.0,33.8
ORD005998,2024-11-15,C00534,North,Online,Beauty,Hair Dryer,2,86.96,0.05,39.0
ORD005998,2024-11-15,C00534,North,Online,Beauty,Hair Dryer,1,85.19,0.0,39.0
ORD000353,2024-11-16,C00010,West,Online,Beauty,Makeup Kit,1,45.54,0.1,14.0
ORD000353,2024-11-16,C00010,West,Online,Electronics,Headphones,1,95.48,0.05,49.3
ORD000903,2024-11-16,C01266,East,Online,Electronics,Headphones,1,100.45,0.2,49.3
ORD001179,2024-11-16,C00373,North,Marketplace,Electronics,Keyboard,2,72.61,0.05,33.8
ORD002240,2024-11-16,C00875,East,Online,Beauty,Skin Care Set,1,49.9,0.1,16.65
ORD002416,2024-11-16,C00336,South,Marketplace,Fitness,Resistance Bands,1,24.85,0.2,7.48
ORD002416,2024-11-16,C00336,South,Marketplace,Electronics,Smartwatch,1,254.0,0.15,132.3
ORD003823,2024-11-16,C00606,North,Store,Electronics,Headphones,1,91.77,0.0,49.3
ORD004327,2024-11-16,C01392,West,Online,Fitness,Dumbbells,1,74.37,0.15,39.9
ORD004405,2024-11-16,C00395,South,Store,Fitness,Dumbbells,1,79.69,0.3,39.9
ORD004405,2024-11-16,C00395,South,Store,Fitness,Resistance Bands,2,24.29,0.15,7.48
ORD005692,2024-11-16,C00597,North,Store,Beauty,Makeup Kit,1,43.22,0.1,14.0
ORD005749,2024-11-16,C00183,East,Online,Beauty,Hair Dryer,3,94.54,0.15,39.0
ORD000893,2024-11-17,C01081,East,Store,Beauty,Makeup Kit,1,42.51,0.2,14.0
ORD000893,2024-11-17,C01081,East,Store,Beauty,Makeup Kit,1,44.05,0.3,14.0
ORD001023,2024-11-17,C01846,East,Online,Home,Lamp,3,53.31,0.1,21.12
ORD001023,2024-11-17,C01846,East,Online,Home,Storage Box,2,25.86,0.3,9.36
ORD001181,2024-11-17,C00181,South,Online,Home,Coffee Maker,1,103.82,0.05,52.25
ORD001181,2024-11-17,C00181,South,Online,Fitness,Dumbbells,1,80.89,0.1,39.9
ORD001474,2024-11-17,C01998,North,Marketplace,Beauty,Hair Dryer,1,91.64,0.0,39.0
ORD001618,2024-11-17,C01022,West,Store,Home,Storage Box,2,28.03,0.0,9.36
ORD001878,2024-11-17,C00329,East,Online,Home,Coffee Maker,3,107.29,0.0,52.25
ORD002009,2024-11-17,C00591,West,Marketplace,Home,Coffee Maker,1,108.23,0.05,52.25
ORD003647,2024-11-17,C00558,East,Store,Home,Lamp,1,53.28,0.2,21.12
ORD005262,2024-11-17,C01522,South,Online,Fitness,Resistance Bands,1,26.84,0.0,7.48
ORD005262,2024-11-17,C01522,South,Online,Beauty,Hair Dryer,1,85.47,0.05,39.0
ORD005326,2024-11-17,C00178,South,Online,Electronics,Keyboard,4,73.22,0.15,33.8
ORD005326,2024-11-17,C00178,South,Online,Fitness,Yoga Mat,2,36.56,0.05,12.6
ORD002019,2024-11-18,C01908,South,Online,Beauty,Hair Dryer,1,84.78,0.1,39.0
ORD002019,2024-11-18,C01908,South,Online,Fitness,Dumbbells,1,78.93,0.05,39.9
ORD002184,2024-11-18,C00559,South,Store,Home,Storage Box,1,29.25,0.1,9.36
ORD002184,2024-11-18,C00559,South,Store,Fitness,Yoga Mat,1,32.46,0.0,12.6
ORD002405,2024-11-18,C00569,South,Online,Electronics,Smartwatch,4,240.6,0.0,132.3
ORD002405,2024-11-18,C00569,South,Online,Beauty,Makeup Kit,3,44.81,0.0,14.0
ORD002532,2024-11-18,C01501,West,Online,Electronics,Headphones,1,90.43,0.0,49.3
ORD002532,2024-11-18,C01501,West,Online,Fitness,Dumbbells,1,84.8,0.15,39.9
ORD002687,2024-11-18,C00034,East,Online,Fitness,Dumbbells,2,85.41,0.05,39.9
ORD002687,2024-11-18,C00034,East,Online,Home,Coffee Maker,2,110.1,0.15,52.25
ORD002945,2024-11-18,C00551,West,Online,Beauty,Skin Care Set,1,53.17,0.0,16.65
ORD002945,2024-11-18,C00551,West,Online,Electronics,Headphones,1,93.28,0.1,49.3
ORD003136,2024-11-18,C01284,South,Online,Beauty,Skin Care Set,1,52.47,0.15,16.65
ORD003236,2024-11-18,C01094,South,Online,Fitness,Dumbbells,1,81.38,0.0,39.9
ORD003408,2024-11-18,C00129,West,Store,Home,Storage Box,2,26.8,0.1,9.36
ORD003408,2024-11-18,C00129,West,Store,Fitness,Resistance Bands,1,25.52,0.15,7.48
ORD004142,2024-11-18,C00319,East,Online,Electronics,Keyboard,1,69.58,0.05,33.8
ORD004741,2024-11-18,C00075,North,Marketplace,Beauty,Hair Dryer,2,93.23,0.1,39.0
ORD004862,2024-11-18,C00285,West,Online,Home,Coffee Maker,2,113.0,0.0,52.25
ORD005352,2024-11-18,C00025,West,Online,Home,Lamp,1,53.53,0.05,21.12
ORD005538,2024-11-18,C02035,North,Marketplace,Home,Lamp,1,53.15,0.0,21.12
ORD000265,2024-11-19,C00389,East,Online,Fitness,Resistance Bands,1,24.53,0.1,7.48
ORD000265,2024-11-19,C00389,East,Online,Beauty,Makeup Kit,3,48.26,0.1,14.0
ORD000433,2024-11-19,C00533,North,Store,Home,Storage Box,2,27.91,0.15,9.36
ORD000433,2024-11-19,C00533,North,Store,Electronics,Keyboard,1,74.51,0.1,33.8
ORD002543,2024-11-19,C00004,South,Store,Fitness,Resistance Bands,1,24.55,0.05,7.48
ORD004844,2024-11-19,C01757,North,Online,Beauty,Makeup Kit,3,44.89,0.0,14.0
ORD004844,2024-11-19,C01757,North,Online,Fitness,Yoga Mat,1,35.23,0.0,12.6
ORD000854,2024-11-20,C00475,East,Store,Home,Storage Box,2,25.52,0.05,9.36
ORD001078,2024-11-20,C00480,South,Online,Beauty,Makeup Kit,2,48.4,0.2,14.0
ORD001078,2024-11-20,C00480,South,Online,Home,Storage Box,1,28.73,0.1,9.36
ORD001086,2024-11-20,C02112,West,Online,Beauty,Makeup Kit,1,43.65,0.15,14.0
ORD001086,2024-11-20,C02112,West,Online,Electronics,Smartwatch,1,244.85,0.0,132.3
ORD003195,2024-11-20,C01058,South,Store,Beauty,Makeup Kit,1,46.06,0.1,14.0
ORD003195,2024-11-20,C01058,South,Store,Home,Lamp,1,56.45,0.0,21.12
ORD004668,2024-11-20,C00452,South,Store,Fitness,Yoga Mat,1,33.81,0.1,12.6
ORD004668,2024-11-20,C00452,South,Store,Electronics,Keyboard,1,70.15,0.0,33.8
ORD005396,2024-11-20,C02114,West,Marketplace,Electronics,Smartwatch,1,229.35,0.1,132.3
ORD005396,2024-11-20,C02114,West,Marketplace,Electronics,Smartwatch,3,246.08,0.05,132.3
ORD000006,2024-11-21,C00327,West,Store,Beauty,Hair Dryer,1,92.46,0.05,39.0
ORD000006,2024-11-21,C00327,West,Store,Fitness,Yoga Mat,1,34.08,0.05,12.6
ORD000754,2024-11-21,C00457,East,Marketplace,Beauty,Skin Care Set,4,53.13,0.05,16.65
ORD001301,2024-11-21,C00347,North,Store,Beauty,Hair Dryer,1,87.6,0.0,39.0
ORD001301,2024-11-21,C00347,North,Store,Beauty,Hair Dryer,1,91.17,0.05,39.0
ORD001321,2024-11-21,C00452,South,Online,Fitness,Yoga Mat,2,36.02,0.0,12.6
ORD001321,2024-11-21,C00452,South,Online,Fitness,Yoga Mat,1,33.87,0.05,12.6
ORD002381,2024-11-21,C00779,West,Store,Fitness,Resistance Bands,2,25.58,0.0,7.48
ORD002381,2024-11-21,C00779,West,Store,Home,Coffee Maker,2,104.02,0.1,52.25
ORD002410,2024-11-21,C00119,East,Online,Fitness,Resistance Bands,4,26.11,0.0,7.48
ORD002410,2024-11-21,C00119,East,Online,Electronics,Keyboard,1,71.42,0.2,33.8
ORD003098,2024-11-21,C00630,North,Online,Beauty,Skin Care Set,1,49.09,0.15,16.65
ORD003229,2024-11-21,C00709,South,Online,Fitness,Dumbbells,2,80.83,0.05,39.9
ORD004561,2024-11-21,C00148,West,Store,Electronics,Headphones,1,103.34,0.15,49.3
ORD004599,2024-11-21,C01734,East,Online,Fitness,Resistance Bands,1,25.06,0.1,7.48
ORD004599,2024-11-21,C01734,East,Online,Beauty,Hair Dryer,3,83.93,0.1,39.0
ORD000028,2024-11-22,C01994,North,Online,Electronics,Keyboard,1,73.73,0.1,33.8
ORD000028,2024-11-22,C01994,North,Online,Electronics,Keyboard,2,72.19,0.0,33.8
ORD000116,2024-11-22,C00303,North,Store,Beauty,Hair Dryer,1,94.53,0.0,39.0
ORD001204,2024-11-22,C00095,South,Online,Fitness,Resistance Bands,2,26.3,0.1,7.48
ORD001964,2024-11-22,C00548,West,Online,Beauty,Makeup Kit,2,43.06,0.1,14.0
ORD001964,2024-11-22,C00548,West,Online,Fitness,Dumbbells,1,81.04,0.15,39.9
ORD002110,2024-11-22,C00651,North,Marketplace,Home,Storage Box,2,28.39,0.0,9.36
ORD002110,2024-11-22,C00651,North,Marketplace,Home,Coffee Maker,2,107.23,0.0,52.25
ORD005933,2024-11-22,C00603,East,Marketplace,Fitness,Resistance Bands,2,25.43,0.0,7.48
ORD005933,2024-11-22,C00603,East,Marketplace,Fitness,Yoga Mat,1,33.96,0.0,12.6
ORD000803,2024-11-23,C01647,West,Store,Electronics,Keyboard,1,71.97,0.15,33.8
ORD000803,2024-11-23,C01647,West,Store,Electronics,Keyboard,3,72.35,0.0,33.8
ORD001119,2024-11-23,C00453,North,Online,Beauty,Skin Care Set,2,52.33,0.05,16.65
ORD001404,2024-11-23,C00139,South,Online,Fitness,Yoga Mat,1,34.56,0.0,12.6
ORD001404,2024-11-23,C00139,South,Online,Beauty,Hair Dryer,2,88.89,0.0,39.0
ORD001479,2024-11-23,C01934,West,Store,Fitness,Yoga Mat,2,32.16,0.0,12.6
ORD001479,2024-11-23,C01934,West,Store,Fitness,Dumbbells,1,74.66,0.0,39.9
ORD001992,2024-11-23,C01843,East,Online,Home,Lamp,2,55.96,0.05,21.12
ORD001992,2024-11-23,C01843,East,Online,Fitness,Dumbbells,1,84.17,0.0,39.9
ORD002626,2024-11-23,C00173,South,Online,Fitness,Resistance Bands,3,24.05,0.15,7.48
ORD003413,2024-11-23,C00070,West,Store,Fitness,Yoga Mat,2,35.23,0.05,12.6
ORD004234,2024-11-23,C00283,North,Online,Electronics,Keyboard,2,75.2,0.1,33.8
ORD004234,2024-11-23,C00283,North,Online,Fitness,Dumbbells,1,78.62,0.0,39.9
ORD004823,2024-11-23,C01204,North,Online,Electronics,Smartwatch,1,245.76,0.2,132.3
ORD004823,2024-11-23,C01204,North,Online,Fitness,Resistance Bands,1,25.05,0.0,7.48
ORD004913,2024-11-23,C00636,East,Store,Fitness,Resistance Bands,1,24.71,0.15,7.48
ORD005818,2024-11-23,C00196,South,Online,Fitness,Dumbbells,1,80.3,0.15,39.9
ORD000466,2024-11-24,C00555,North,Store,Electronics,Keyboard,2,78.36,0.15,33.8
ORD000466,2024-11-24,C00555,North,Store,Home,Coffee Maker,1,104.95,0.1,52.25
ORD001570,2024-11-24,C00250,West,Online,Fitness,Yoga Mat,2,32.12,0.0,12.6
ORD002645,2024-11-24,C00575,South,Store,Electronics,Keyboard,2,74.38,0.15,33.8
ORD003589,2024-11-24,C00253,North,Store,Electronics,Headphones,1,98.61,0.05,49.3
ORD003888,2024-11-24,C00963,South,Store,Beauty,Makeup Kit,3,48.52,0.0,14.0
ORD003958,2024-11-24,C00080,West,Online,Home,Coffee Maker,1,108.14,0.0,52.25
ORD003958,2024-11-24,C00080,West,Online,Beauty,Hair Dryer,2,83.17,0.0,39.0
ORD004659,2024-11-24,C00489,North,Marketplace,Home,Coffee Maker,1,107.67,0.0,52.25
ORD004797,2024-11-24,C00093,West,Store,Home,Storage Box,2,25.78,0.0,9.36
ORD005043,2024-11-24,C00510,North,Online,Fitness,Yoga Mat,2,36.29,0.05,12.6
ORD005309,2024-11-24,C01177,North,Online,Beauty,Hair Dryer,1,85.57,0.0,39.0
ORD000390,2024-11-25,C00654,South,Online,Electronics,Smartwatch,2,241.41,0.15,132.3
ORD000390,2024-11-25,C00654,South,Online,Beauty,Hair Dryer,1,84.19,0.15,39.0
ORD002529,2024-11-25,C00426,North,Online,Electronics,Keyboard,3,76.97,0.05,33.8
ORD002529,2024-11-25,C00426,North,Online,Home,Lamp,2,57.11,0.15,21.12
ORD003682,2024-11-25,C00294,West,Online,Fitness,Yoga Mat,2,34.38,0.1,12.6
ORD004035,2024-11-25,C00276,East,Online,Home,Lamp,1,57.55,0.05,21.12
ORD004794,2024-11-25,C00476,West,Store,Electronics,Keyboard,1,78.6,0.0,33.8
ORD004794,2024-11-25,C00476,West,Store,Beauty,Skin Care Set,2,51.45,0.0,16.65
ORD004919,2024-11-25,C01747,West,Online,Beauty,Hair Dryer,1,87.44,0.15,39.0
ORD004919,2024-11-25,C01747,West,Online,Electronics,Keyboard,1,76.8,0.0,33.8
ORD005971,2024-11-25,C00342,East,Online,Beauty,Hair Dryer,3,89.77,0.05,39.0
ORD005971,2024-11-25,C00342,East,Online,Fitness,Resistance Bands,3,23.76,0.0,7.48
ORD000238,2024-11-26,C00686,North,Marketplace,Beauty,Hair Dryer,1,89.47,0.2,39.0
ORD000238,2024-11-26,C00686,North,Marketplace,Electronics,Smartwatch,1,227.44,0.05,132.3
ORD000276,2024-11-26,C00135,North,Store,Electronics,Headphones,1,101.48,0.1,49.3
ORD001388,2024-11-26,C01862,South,Online,Electronics,Headphones,3,94.08,0.05,49.3
ORD001388,2024-11-26,C01862,South,Online,Home,Coffee Maker,1,105.51,0.1,52.25
ORD001664,2024-11-26,C00332,South,Online,Electronics,Keyboard,2,70.3,0.0,33.8
ORD002569,2024-11-26,C00424,West,Marketplace,Electronics,Headphones,2,102.58,0.3,49.3
ORD002810,2024-11-26,C00138,West,Online,Beauty,Skin Care Set,4,48.24,0.2,16.65
ORD002810,2024-11-26,C00138,West,Online,Beauty,Makeup Kit,2,42.83,0.1,14.0
ORD005132,2024-11-26,C00375,North,Store,Beauty,Skin Care Set,1,51.61,0.05,16.65
ORD005132,2024-11-26,C00375,North,Store,Beauty,Skin Care Set,4,48.34,0.15,16.65
ORD001391,2024-11-27,C00174,West,Store,Fitness,Dumbbells,1,81.07,0.0,39.9
ORD001969,2024-11-27,C00184,North,Online,Beauty,Hair Dryer,1,91.53,0.05,39.0
ORD001999,2024-11-27,C01807,East,Online,Beauty,Skin Care Set,2,54.72,0.1,16.65
ORD001999,2024-11-27,C01807,East,Online,Home,Storage Box,3,26.26,0.15,9.36
ORD002636,2024-11-27,C00624,East,Marketplace,Home,Storage Box,2,28.93,0.05,9.36
ORD002636,2024-11-27,C00624,East,Marketplace,Home,Coffee Maker,1,101.2,0.15,52.25
ORD004478,2024-11-27,C00797,North,Online,Home,Storage Box,2,28.99,0.0,9.36
ORD004478,2024-11-27,C00797,North,Online,Home,Coffee Maker,1,110.64,0.1,52.25
ORD005395,2024-11-27,C01034,North,Marketplace,Beauty,Hair Dryer,1,88.06,0.1,39.0
ORD005395,2024-11-27,C01034,North,Marketplace,Home,Storage Box,1,28.38,0.05,9.36
ORD000271,2024-11-28,C00153,North,Store,Fitness,Resistance Bands,1,26.29,0.0,7.48
ORD000271,2024-11-28,C00153,North,Store,Beauty,Skin Care Set,1,53.31,0.05,16.65
ORD001151,2024-11-28,C00110,North,Store,Fitness,Yoga Mat,4,36.25,0.05,12.6
ORD001151,2024-11-28,C00110,North,Store,Electronics,Headphones,2,99.05,0.0,49.3
ORD002147,2024-11-28,C00077,North,Store,Home,Storage Box,1,26.87,0.0,9.36
ORD002147,2024-11-28,C00077,North,Store,Beauty,Skin Care Set,3,47.81,0.05,16.65
ORD002190,2024-11-28,C01283,North,Marketplace,Home,Storage Box,2,28.49,0.0,9.36
ORD003054,2024-11-28,C00615,South,Online,Beauty,Makeup Kit,3,46.76,0.0,14.0
ORD005964,2024-11-28,C00876,West,Online,Electronics,Keyboard,2,71.16,0.05,33.8
ORD000110,2024-11-29,C00647,East,Online,Home,Coffee Maker,1,102.79,0.0,52.25
ORD001766,2024-11-29,C00307,South,Online,Home,Lamp,2,52.25,0.0,21.12
ORD002683,2024-11-29,C01649,North,Online,Electronics,Smartwatch,2,228.91,0.0,132.3
ORD003730,2024-11-29,C00008,West,Online,Beauty,Makeup Kit,3,43.57,0.3,14.0
ORD004910,2024-11-29,C01703,South,Store,Fitness,Resistance Bands,1,25.49,0.05,7.48
ORD005276,2024-11-29,C00274,East,Online,Electronics,Smartwatch,2,230.72,0.05,132.3
ORD005276,2024-11-29,C00274,East,Online,Electronics,Keyboard,1,76.88,0.0,33.8
ORD005597,2024-11-29,C00539,West,Online,Home,Coffee Maker,1,106.66,0.05,52.25
ORD005823,2024-11-29,C00379,North,Store,Beauty,Makeup Kit,1,45.89,0.1,14.0
ORD001109,2024-11-30,C01787,North,Online,Electronics,Headphones,3,94.52,0.1,49.3
ORD003554,2024-11-30,C00742,North,Store,Fitness,Dumbbells,2,84.33,0.05,39.9
ORD003554,2024-11-30,C00742,North,Store,Fitness,Resistance Bands,1,24.03,0.05,7.48
ORD003577,2024-11-30,C00142,West,Store,Beauty,Hair Dryer,3,87.45,0.0,39.0
ORD003947,2024-11-30,C01420,South,Online,Beauty,Skin Care Set,1,53.83,0.2,16.65
ORD004822,2024-11-30,C01788,North,Marketplace,Home,Lamp,2,57.65,0.0,21.12
ORD004822,2024-11-30,C01788,North,Marketplace,Electronics,Keyboard,4,75.25,0.05,33.8
ORD000637,2024-12-01,C01177,South,Store,Fitness,Dumbbells,1,85.38,0.1,39.9
ORD000637,2024-12-01,C01177,South,Store,Fitness,Yoga Mat,2,34.51,0.1,12.6
ORD000691,2024-12-01,C00737,South,Online,Electronics,Headphones,3,103.58,0.0,49.3
ORD000691,2024-12-01,C00737,South,Online,Electronics,Keyboard,2,75.0,0.0,33.8
ORD000972,2024-12-01,C00463,East,Online,Home,Lamp,2,55.14,0.1,21.12
ORD000972,2024-12-01,C00463,East,Online,Home,Lamp,1,54.87,0.15,21.12
ORD002676,2024-12-01,C02167,South,Store,Home,Storage Box,3,28.58,0.1,9.36
ORD002676,2024-12-01,C02167,South,Store,Beauty,Makeup Kit,1,46.9,0.2,14.0
ORD003667,2024-12-01,C00625,South,Online,Beauty,Makeup Kit,1,47.05,0.1,14.0
ORD003667,2024-12-01,C00625,South,Online,Home,Coffee Maker,1,114.77,0.15,52.25
ORD004297,2024-12-01,C00563,South,Store,Beauty,Makeup Kit,1,47.51,0.2,14.0
ORD004297,2024-12-01,C00563,South,Store,Fitness,Resistance Bands,3,26.44,0.1,7.48
ORD004673,2024-12-01,C01010,East,Online,Home,Storage Box,1,26.63,0.2,9.36
ORD004673,2024-12-01,C01010,East,Online,Home,Coffee Maker,1,108.83,0.0,52.25
ORD005142,2024-12-01,C01772,South,Online,Electronics,Smartwatch,1,246.26,0.0,132.3
ORD005152,2024-12-01,C00339,South,Store,Home,Coffee Maker,2,107.03,0.05,52.25
ORD005198,2024-12-01,C01992,North,Online,Home,Storage Box,2,26.88,0.15,9.36
ORD005632,2024-12-01,C00272,East,Store,Fitness,Yoga Mat,2,34.33,0.05,12.6
ORD005837,2024-12-01,C00996,West,Online,Electronics,Smartwatch,2,237.07,0.1,132.3
ORD000310,2024-12-02,C02071,East,Online,Beauty,Hair Dryer,3,84.36,0.1,39.0
ORD000310,2024-12-02,C02071,East,Online,Beauty,Hair Dryer,2,92.16,0.0,39.0
ORD000522,2024-12-02,C00214,North,Marketplace,Electronics,Headphones,3,95.15,0.15,49.3
ORD001603,2024-12-02,C00628,South,Store,Home,Lamp,2,52.17,0.0,21.12
ORD001603,2024-12-02,C00628,South,Store,Home,Storage Box,1,28.58,0.3,9.36
ORD001975,2024-12-02,C00690,North,Online,Home,Coffee Maker,2,102.77,0.0,52.25
ORD001975,2024-12-02,C00690,North,Online,Fitness,Resistance Bands,4,26.07,0.0,7.48
ORD002183,2024-12-02,C00292,North,Online,Electronics,Headphones,2,96.92,0.3,49.3
ORD002183,2024-12-02,C00292,North,Online,Fitness,Dumbbells,1,82.67,0.1,39.9
ORD002421,2024-12-02,C00383,North,Store,Fitness,Dumbbells,2,78.85,0.05,39.9
ORD003115,2024-12-02,C00330,East,Store,Fitness,Resistance Bands,1,24.15,0.0,7.48
ORD003286,2024-12-02,C00283,East,Online,Home,Coffee Maker,3,106.7,0.15,52.25
ORD003286,2024-12-02,C00283,East,Online,Fitness,Dumbbells,1,84.7,0.1,39.9
ORD003556,2024-12-02,C01916,South,Online,Fitness,Resistance Bands,1,26.44,0.1,7.48
ORD003556,2024-12-02,C01916,South,Online,Electronics,Headphones,4,100.47,0.3,49.3
ORD003960,2024-12-02,C00517,North,Online,Fitness,Dumbbells,3,79.16,0.1,39.9
ORD003960,2024-12-02,C00517,North,Online,Home,Storage Box,1,28.22,0.1,9.36
ORD004033,2024-12-02,C00647,East,Store,Electronics,Headphones,2,92.82,0.05,49.3
ORD004056,2024-12-02,C00129,East,Online,Fitness,Yoga Mat,2,35.22,0.0,12.6
ORD005340,2024-12-02,C00430,North,Online,Beauty,Makeup Kit,1,44.12,0.05,14.0
ORD005340,2024-12-02,C00430,North,Online,Home,Lamp,2,55.51,0.05,21.12
ORD005881,2024-12-02,C00092,South,Online,Beauty,Skin Care Set,1,53.07,0.1,16.65
ORD005881,2024-12-02,C00092,South,Online,Electronics,Headphones,2,102.09,0.0,49.3
ORD005984,2024-12-02,C01632,South,Store,Electronics,Smartwatch,1,237.2,0.0,132.3
ORD005984,2024-12-02,C01632,South,Store,Fitness,Yoga Mat,1,34.27,0.15,12.6
ORD000118,2024-12-03,C00561,East,Marketplace,Electronics,Smartwatch,1,236.48,0.15,132.3
ORD000118,2024-12-03,C00561,East,Marketplace,Electronics,Keyboard,1,70.27,0.05,33.8
ORD000520,2024-12-03,C01631,East,Store,Electronics,Keyboard,1,75.98,0.0,33.8
ORD001513,2024-12-03,C00488,South,Online,Beauty,Skin Care Set,1,49.82,0.15,16.65
ORD001513,2024-12-03,C00488,South,Online,Electronics,Smartwatch,1,237.21,0.05,132.3
ORD001691,2024-12-03,C01869,West,Online,Fitness,Dumbbells,1,85.17,0.2,39.9
ORD002161,2024-12-03,C00336,East,Online,Home,Coffee Maker,1,108.1,0.05,52.25
ORD003180,2024-12-03,C00268,East,Marketplace,Electronics,Headphones,2,99.67,0.2,49.3
ORD003180,2024-12-03,C00268,East,Marketplace,Home,Coffee Maker,2,106.65,0.0,52.25
ORD003226,2024-12-03,C00385,South,Store,Electronics,Smartwatch,3,253.59,0.05,132.3
ORD003226,2024-12-03,C00385,South,Store,Home,Lamp,1,53.43,0.05,21.12
ORD003944,2024-12-03,C00572,West,Online,Electronics,Smartwatch,1,235.9,0.0,132.3
ORD003944,2024-12-03,C00572,West,Online,Electronics,Keyboard,3,69.1,0.2,33.8
ORD004128,2024-12-03,C00468,East,Store,Electronics,Smartwatch,1,250.11,0.05,132.3
ORD004570,2024-12-03,C00212,East,Online,Beauty,Makeup Kit,1,46.08,0.15,14.0
ORD004570,2024-12-03,C00212,East,Online,Home,Storage Box,1,26.7,0.0,9.36
ORD004977,2024-12-03,C00608,East,Online,Fitness,Dumbbells,1,79.18,0.05,39.9
ORD004977,2024-12-03,C00608,East,Online,Beauty,Makeup Kit,2,42.81,0.1,14.0
ORD000009,2024-12-04,C01644,North,Online,Fitness,Yoga Mat,1,34.12,0.1,12.6
ORD000061,2024-12-04,C00361,South,Online,Beauty,Makeup Kit,2,45.85,0.1,14.0
ORD000707,2024-12-04,C00044,South,Online,Beauty,Makeup Kit,2,45.22,0.15,14.0
ORD000707,2024-12-04,C00044,South,Online,Home,Coffee Maker,1,107.79,0.1,52.25
ORD000817,2024-12-04,C00282,South,Online,Electronics,Smartwatch,2,247.0,0.05,132.3
ORD001180,2024-12-04,C01696,South,Online,Beauty,Makeup Kit,3,46.36,0.3,14.0
ORD002291,2024-12-04,C01696,East,Online,Fitness,Resistance Bands,1,24.94,0.15,7.48
ORD003522,2024-12-04,C02006,South,Online,Beauty,Makeup Kit,2,46.57,0.0,14.0
ORD003522,2024-12-04,C02006,South,Online,Fitness,Resistance Bands,2,25.87,0.15,7.48
ORD005757,2024-12-04,C00502,South,Store,Home,Lamp,2,56.76,0.1,21.12
ORD001540,2024-12-05,C01999,East,Store,Beauty,Makeup Kit,2,46.36,0.05,14.0
ORD001540,2024-12-05,C01999,East,Store,Beauty,Skin Care Set,1,53.3,0.1,16.65
ORD001639,2024-12-05,C00248,East,Store,Electronics,Keyboard,1,75.08,0.1,33.8
ORD002613,2024-12-05,C00269,West,Marketplace,Electronics,Keyboard,1,77.11,0.05,33.8
ORD003288,2024-12-05,C00628,North,Store,Home,Coffee Maker,1,106.1,0.15,52.25
ORD003288,2024-12-05,C00628,North,Store,Home,Storage Box,3,25.93,0.05,9.36
ORD004053,2024-12-05,C00563,East,Online,Beauty,Makeup Kit,1,46.02,0.05,14.0
ORD004503,2024-12-05,C00238,South,Online,Home,Lamp,2,53.8,0.05,21.12
ORD004521,2024-12-05,C01122,North,Online,Home,Storage Box,2,27.01,0.0,9.36
ORD004521,2024-12-05,C01122,North,Online,Fitness,Yoga Mat,4,35.38,0.05,12.6
ORD005373,2024-12-05,C01983,North,Store,Electronics,Headphones,1,94.1,0.0,49.3
ORD005588,2024-12-05,C00675,South,Online,Fitness,Yoga Mat,2,34.91,0.1,12.6
ORD005639,2024-12-05,C00069,West,Store,Home,Storage Box,1,29.05,0.0,9.36
ORD000800,2024-12-06,C00101,West,Online,Home,Storage Box,1,27.95,0.05,9.36
ORD002579,2024-12-06,C00171,East,Online,Home,Coffee Maker,2,107.28,0.05,52.25
ORD002579,2024-12-06,C00171,East,Online,Fitness,Yoga Mat,1,36.55,0.05,12.6
ORD002587,2024-12-06,C01006,North,Online,Home,Storage Box,1,28.87,0.2,9.36
ORD003654,2024-12-06,C00444,South,Store,Electronics,Keyboard,1,76.56,0.2,33.8
ORD000188,2024-12-07,C01360,North,Store,Beauty,Hair Dryer,1,86.06,0.1,39.0
ORD000188,2024-12-07,C01360,North,Store,Beauty,Hair Dryer,1,85.84,0.3,39.0
ORD000542,2024-12-07,C00185,East,Marketplace,Home,Lamp,1,54.8,0.1,21.12
ORD001262,2024-12-07,C02093,East,Online,Home,Coffee Maker,2,110.45,0.0,52.25
ORD001262,2024-12-07,C02093,East,Online,Beauty,Skin Care Set,1,50.89,0.0,16.65
ORD002112,2024-12-07,C00150,West,Store,Electronics,Headphones,1,101.9,0.0,49.3
ORD002653,2024-12-07,C01799,North,Online,Home,Storage Box,2,27.12,0.0,9.36
ORD002653,2024-12-07,C01799,North,Online,Fitness,Dumbbells,1,79.39,0.15,39.9
ORD005157,2024-12-07,C00607,West,Online,Fitness,Resistance Bands,1,26.24,0.0,7.48
ORD005157,2024-12-07,C00607,West,Online,Beauty,Makeup Kit,2,46.64,0.15,14.0
ORD005481,2024-12-07,C00690,South,Online,Beauty,Hair Dryer,1,94.33,0.0,39.0
ORD005617,2024-12-07,C00921,North,Store,Beauty,Makeup Kit,2,46.58,0.0,14.0
ORD005617,2024-12-07,C00921,North,Store,Fitness,Resistance Bands,1,25.55,0.0,7.48
ORD000312,2024-12-08,C01098,West,Store,Fitness,Dumbbells,2,80.74,0.15,39.9
ORD000312,2024-12-08,C01098,West,Store,Electronics,Keyboard,4,70.79,0.05,33.8
ORD000732,2024-12-08,C01666,West,Online,Fitness,Yoga Mat,1,34.32,0.1,12.6
ORD000732,2024-12-08,C01666,West,Online,Electronics,Headphones,1,92.4,0.05,49.3
ORD001019,2024-12-08,C00310,South,Online,Beauty,Makeup Kit,1,48.33,0.0,14.0
ORD001019,2024-12-08,C00310,South,Online,Beauty,Makeup Kit,1,46.39,0.15,14.0
ORD001198,2024-12-08,C00852,South,Online,Electronics,Smartwatch,2,232.22,0.0,132.3
ORD002591,2024-12-08,C01139,North,Marketplace,Beauty,Skin Care Set,1,51.82,0.1,16.65
ORD002591,2024-12-08,C01139,North,Marketplace,Fitness,Dumbbells,1,83.53,0.0,39.9
ORD002736,2024-12-08,C00434,North,Online,Electronics,Smartwatch,1,232.88,0.0,132.3
ORD002819,2024-12-08,C00316,West,Marketplace,Electronics,Headphones,1,94.14,0.2,49.3
ORD002819,2024-12-08,C00316,West,Marketplace,Fitness,Yoga Mat,2,32.51,0.0,12.6
ORD003564,2024-12-08,C00362,West,Online,Fitness,Dumbbells,2,84.82,0.1,39.9
ORD005872,2024-12-08,C00419,South,Store,Fitness,Yoga Mat,2,31.88,0.15,12.6
ORD000178,2024-12-09,C00078,North,Store,Beauty,Skin Care Set,1,51.8,0.15,16.65
ORD000315,2024-12-09,C00603,East,Store,Beauty,Skin Care Set,1,50.08,0.1,16.65
ORD000890,2024-12-09,C00574,East,Online,Home,Lamp,4,51.32,0.0,21.12
ORD001469,2024-12-09,C00490,North,Online,Home,Lamp,2,51.22,0.05,21.12
ORD001469,2024-12-09,C00490,North,Online,Home,Coffee Maker,2,111.95,0.05,52.25
ORD001562,2024-12-09,C00283,East,Marketplace,Electronics,Keyboard,1,78.38,0.1,33.8
ORD002966,2024-12-09,C00614,East,Online,Beauty,Hair Dryer,1,85.6,0.1,39.0
ORD004185,2024-12-09,C00767,North,Marketplace,Electronics,Headphones,1,97.0,0.0,49.3
ORD004185,2024-12-09,C00767,North,Marketplace,Beauty,Skin Care Set,1,51.54,0.05,16.65
ORD004539,2024-12-09,C02065,East,Marketplace,Beauty,Hair Dryer,2,91.42,0.1,39.0
ORD004539,2024-12-09,C02065,East,Marketplace,Beauty,Skin Care Set,1,52.36,0.05,16.65
ORD005733,2024-12-09,C00137,West,Store,Electronics,Keyboard,1,77.89,0.05,33.8
ORD005733,2024-12-09,C00137,West,Store,Beauty,Hair Dryer,1,90.08,0.1,39.0
ORD000860,2024-12-10,C00619,North,Store,Beauty,Makeup Kit,1,42.53,0.0,14.0
ORD000860,2024-12-10,C00619,North,Store,Beauty,Skin Care Set,2,53.15,0.0,16.65
ORD001490,2024-12-10,C00575,North,Online,Beauty,Hair Dryer,2,83.56,0.15,39.0
ORD001922,2024-12-10,C00017,East,Online,Fitness,Dumbbells,1,81.36,0.15,39.9
ORD002141,2024-12-10,C01988,West,Online,Electronics,Smartwatch,1,252.12,0.15,132.3
ORD002845,2024-12-10,C00502,East,Online,Electronics,Keyboard,1,78.54,0.1,33.8
ORD002845,2024-12-10,C00502,East,Online,Fitness,Dumbbells,2,83.22,0.2,39.9
ORD003306,2024-12-10,C00730,West,Online,Electronics,Smartwatch,1,223.39,0.2,132.3
ORD003306,2024-12-10,C00730,West,Online,Home,Lamp,1,57.27,0.1,21.12
ORD003361,2024-12-10,C01671,North,Online,Beauty,Makeup Kit,2,43.74,0.05,14.0
ORD004230,2024-12-10,C00684,West,Store,Beauty,Hair Dryer,1,94.1,0.15,39.0
ORD004230,2024-12-10,C00684,West,Store,Beauty,Hair Dryer,1,85.66,0.05,39.0
ORD004409,2024-12-10,C00115,North,Online,Fitness,Dumbbells,1,77.45,0.3,39.9
ORD004409,2024-12-10,C00115,North,Online,Electronics,Keyboard,4,69.24,0.1,33.8
ORD005805,2024-12-10,C00387,West,Online,Beauty,Hair Dryer,4,87.67,0.1,39.0
ORD000223,2024-12-11,C00587,West,Online,Electronics,Smartwatch,1,252.33,0.0,132.3
ORD000223,2024-12-11,C00587,West,Online,Home,Storage Box,1,26.26,0.1,9.36
ORD001138,2024-12-11,C00899,East,Online,Electronics,Headphones,2,93.65,0.3,49.3
ORD001138,2024-12-11,C00899,East,Online,Electronics,Smartwatch,2,248.63,0.05,132.3
ORD001211,2024-12-11,C00010,South,Online,Fitness,Yoga Mat,1,35.21,0.05,12.6
ORD001211,2024-12-11,C00010,South,Online,Fitness,Yoga Mat,1,33.77,0.05,12.6
ORD001229,2024-12-11,C00373,South,Online,Home,Storage Box,2,26.51,0.0,9.36
ORD001553,2024-12-11,C00230,West,Marketplace,Home,Lamp,1,52.11,0.05,21.12
ORD001553,2024-12-11,C00230,West,Marketplace,Home,Lamp,1,58.5,0.0,21.12
ORD002267,2024-12-11,C01962,West,Online,Electronics,Keyboard,3,75.02,0.0,33.8
ORD002286,2024-12-11,C01053,West,Online,Beauty,Skin Care Set,2,49.63,0.05,16.65
ORD002286,2024-12-11,C01053,West,Online,Home,Storage Box,2,26.56,0.0,9.36
ORD002520,2024-12-11,C00031,North,Online,Fitness,Dumbbells,1,84.14,0.1,39.9
ORD002520,2024-12-11,C00031,North,Online,Beauty,Skin Care Set,1,53.59,0.15,16.65
ORD002590,2024-12-11,C00549,West,Online,Home,Storage Box,4,25.56,0.05,9.36
ORD002590,2024-12-11,C00549,West,Online,Electronics,Smartwatch,2,236.07,0.05,132.3
ORD003011,2024-12-11,C01970,East,Marketplace,Home,Lamp,2,55.02,0.15,21.12
ORD003011,2024-12-11,C01970,East,Marketplace,Electronics,Headphones,1,98.06,0.05,49.3
ORD003676,2024-12-11,C00989,East,Online,Electronics,Smartwatch,2,227.3,0.0,132.3
ORD003676,2024-12-11,C00989,East,Online,Home,Lamp,2,57.55,0.05,21.12
ORD004221,2024-12-11,C01234,West,Store,Fitness,Resistance Bands,2,26.04,0.15,7.48
ORD004817,2024-12-11,C00093,East,Online,Electronics,Smartwatch,2,224.86,0.0,132.3
ORD004817,2024-12-11,C00093,East,Online,Home,Storage Box,1,28.57,0.05,9.36
ORD005320,2024-12-11,C00650,West,Online,Fitness,Resistance Bands,1,24.7,0.05,7.48
ORD005553,2024-12-11,C01333,East,Store,Beauty,Makeup Kit,1,45.9,0.15,14.0
ORD005553,2024-12-11,C01333,East,Store,Beauty,Skin Care Set,1,50.73,0.15,16.65
ORD001242,2024-12-12,C00503,East,Marketplace,Fitness,Dumbbells,2,81.61,0.05,39.9
ORD001242,2024-12-12,C00503,East,Marketplace,Fitness,Resistance Bands,2,24.16,0.0,7.48
ORD003703,2024-12-12,C00124,North,Store,Home,Lamp,1,57.73,0.1,21.12
ORD003703,2024-12-12,C00124,North,Store,Home,Storage Box,2,27.61,0.2,9.36
ORD004029,2024-12-12,C00617,East,Online,Fitness,Yoga Mat,1,33.07,0.05,12.6
ORD004029,2024-12-12,C00617,East,Online,Fitness,Resistance Bands,3,25.79,0.15,7.48
ORD004213,2024-12-12,C01430,West,Online,Home,Lamp,2,51.42,0.1,21.12
ORD004213,2024-12-12,C01430,West,Online,Home,Storage Box,1,25.72,0.15,9.36
ORD004685,2024-12-12,C00511,North,Online,Fitness,Resistance Bands,3,26.0,0.0,7.48
ORD004685,2024-12-12,C00511,North,Online,Home,Coffee Maker,2,102.31,0.0,52.25
ORD004903,2024-12-12,C00634,East,Online,Beauty,Makeup Kit,1,43.83,0.0,14.0
ORD004903,2024-12-12,C00634,East,Online,Beauty,Skin Care Set,1,48.28,0.05,16.65
ORD005022,2024-12-12,C01730,East,Online,Beauty,Makeup Kit,4,46.79,0.0,14.0
ORD000638,2024-12-13,C00648,South,Store,Home,Coffee Maker,2,109.1,0.0,52.25
ORD000638,2024-12-13,C00648,South,Store,Home,Lamp,3,56.28,0.0,21.12
ORD000820,2024-12-13,C00982,North,Online,Fitness,Dumbbells,4,77.19,0.0,39.9
ORD001868,2024-12-13,C00384,North,Online,Beauty,Skin Care Set,3,49.39,0.0,16.65
ORD002201,2024-12-13,C00097,South,Store,Beauty,Skin Care Set,1,52.07,0.05,16.65
ORD002233,2024-12-13,C01375,West,Online,Home,Storage Box,1,28.33,0.05,9.36
ORD002247,2024-12-13,C00605,North,Online,Beauty,Skin Care Set,2,50.58,0.1,16.65
ORD002247,2024-12-13,C00605,North,Online,Beauty,Makeup Kit,1,42.85,0.0,14.0
ORD004148,2024-12-13,C00104,West,Online,Home,Storage Box,1,26.75,0.05,9.36
ORD004148,2024-12-13,C00104,West,Online,Home,Storage Box,1,25.98,0.05,9.36
ORD004215,2024-12-13,C00211,North,Marketplace,Fitness,Yoga Mat,2,33.11,0.15,12.6
ORD004215,2024-12-13,C00211,North,Marketplace,Home,Coffee Maker,1,114.37,0.05,52.25
ORD004308,2024-12-13,C00325,West,Online,Fitness,Yoga Mat,1,33.47,0.15,12.6
ORD005702,2024-12-13,C00068,North,Store,Beauty,Skin Care Set,1,52.69,0.1,16.65
ORD000909,2024-12-14,C00632,South,Online,Home,Lamp,1,56.15,0.1,21.12
ORD000909,2024-12-14,C00632,South,Online,Fitness,Yoga Mat,1,33.86,0.0,12.6
ORD001156,2024-12-14,C00039,South,Online,Beauty,Skin Care Set,1,50.98,0.15,16.65
ORD001156,2024-12-14,C00039,South,Online,Electronics,Keyboard,3,71.26,0.0,33.8
ORD001366,2024-12-14,C00576,West,Online,Fitness,Dumbbells,1,84.81,0.0,39.9
ORD001919,2024-12-14,C00541,West,Store,Fitness,Resistance Bands,2,26.02,0.0,7.48
ORD002241,2024-12-14,C00107,West,Store,Electronics,Headphones,1,103.33,0.05,49.3
ORD002763,2024-12-14,C01751,North,Store,Fitness,Resistance Bands,2,24.51,0.0,7.48
ORD002763,2024-12-14,C01751,North,Store,Fitness,Dumbbells,2,77.51,0.1,39.9
ORD002923,2024-12-14,C00621,East,Online,Electronics,Smartwatch,1,244.26,0.0,132.3
ORD003125,2024-12-14,C01727,North,Marketplace,Fitness,Resistance Bands,1,25.62,0.0,7.48
ORD003125,2024-12-14,C01727,North,Marketplace,Fitness,Resistance Bands,2,26.19,0.0,7.48
ORD003404,2024-12-14,C00392,East,Marketplace,Home,Lamp,1,53.8,0.05,21.12
ORD003776,2024-12-14,C00035,North,Online,Fitness,Yoga Mat,2,34.54,0.0,12.6
ORD003776,2024-12-14,C00035,North,Online,Home,Coffee Maker,1,110.32,0.0,52.25
ORD004273,2024-12-14,C00058,East,Online,Fitness,Yoga Mat,3,32.27,0.0,12.6
ORD005224,2024-12-14,C00271,West,Online,Electronics,Headphones,1,100.24,0.1,49.3
ORD005224,2024-12-14,C00271,West,Online,Electronics,Keyboard,3,72.02,0.1,33.8
ORD005636,2024-12-14,C00717,West,Online,Electronics,Headphones,1,94.06,0.0,49.3
ORD005636,2024-12-14,C00717,West,Online,Fitness,Dumbbells,1,78.28,0.05,39.9
ORD000555,2024-12-15,C01116,East,Online,Home,Coffee Maker,1,101.92,0.1,52.25
ORD000555,2024-12-15,C01116,East,Online,Beauty,Makeup Kit,1,46.62,0.1,14.0
ORD001177,2024-12-15,C01841,East,Online,Electronics,Headphones,1,96.26,0.1,49.3
ORD001177,2024-12-15,C01841,East,Online,Home,Storage Box,1,26.91,0.1,9.36
ORD002317,2024-12-15,C00237,East,Online,Fitness,Resistance Bands,2,24.64,0.0,7.48
ORD004122,2024-12-15,C00013,East,Online,Electronics,Headphones,1,103.54,0.0,49.3
ORD004122,2024-12-15,C00013,East,Online,Fitness,Dumbbells,1,83.67,0.05,39.9
ORD004912,2024-12-15,C00374,West,Store,Electronics,Smartwatch,1,255.01,0.05,132.3
ORD004912,2024-12-15,C00374,West,Store,Fitness,Resistance Bands,2,24.96,0.1,7.48
ORD005809,2024-12-15,C01114,North,Store,Beauty,Skin Care Set,2,53.69,0.15,16.65
ORD005809,2024-12-15,C01114,North,Store,Beauty,Hair Dryer,2,83.52,0.0,39.0
ORD005815,2024-12-15,C00607,North,Store,Fitness,Yoga Mat,2,36.25,0.05,12.6
ORD005815,2024-12-15,C00607,North,Store,Beauty,Skin Care Set,4,53.7,0.05,16.65
ORD000224,2024-12-16,C00627,West,Store,Electronics,Keyboard,1,73.86,0.0,33.8
ORD000224,2024-12-16,C00627,West,Store,Home,Coffee Maker,1,101.59,0.0,52.25
ORD001459,2024-12-16,C00653,North,Store,Fitness,Yoga Mat,1,32.69,0.1,12.6
ORD001459,2024-12-16,C00653,North,Store,Fitness,Resistance Bands,2,23.92,0.1,7.48
ORD002961,2024-12-16,C00453,North,Store,Beauty,Makeup Kit,1,47.94,0.05,14.0
ORD004981,2024-12-16,C00381,West,Store,Electronics,Smartwatch,2,242.54,0.0,132.3
ORD004981,2024-12-16,C00381,West,Store,Beauty,Hair Dryer,1,83.73,0.1,39.0
ORD005217,2024-12-16,C00175,West,Online,Electronics,Smartwatch,1,236.9,0.05,132.3
ORD005217,2024-12-16,C00175,West,Online,Electronics,Keyboard,4,72.91,0.1,33.8
ORD005293,2024-12-16,C00124,West,Online,Fitness,Dumbbells,1,77.62,0.0,39.9
ORD005724,2024-12-16,C01464,South,Store,Fitness,Yoga Mat,1,32.63,0.05,12.6
ORD005724,2024-12-16,C01464,South,Store,Fitness,Dumbbells,2,76.13,0.2,39.9
ORD000933,2024-12-17,C00641,North,Online,Electronics,Keyboard,3,71.9,0.15,33.8
ORD001674,2024-12-17,C01050,South,Online,Fitness,Resistance Bands,1,25.75,0.0,7.48
ORD001680,2024-12-17,C00632,North,Online,Electronics,Keyboard,2,76.47,0.0,33.8
ORD001697,2024-12-17,C00844,West,Online,Beauty,Skin Care Set,2,48.38,0.3,16.65
ORD004600,2024-12-17,C00153,West,Store,Beauty,Hair Dryer,2,88.3,0.0,39.0
ORD005651,2024-12-17,C00001,West,Online,Home,Lamp,1,55.39,0.0,21.12
ORD005651,2024-12-17,C00001,West,Online,Electronics,Headphones,1,90.3,0.2,49.3
ORD005660,2024-12-17,C00576,East,Store,Electronics,Smartwatch,1,239.99,0.3,132.3
ORD005868,2024-12-17,C00384,East,Online,Home,Storage Box,3,29.23,0.05,9.36
ORD000608,2024-12-18,C00076,South,Online,Fitness,Yoga Mat,2,34.63,0.3,12.6
ORD000782,2024-12-18,C00439,North,Online,Beauty,Makeup Kit,1,42.93,0.05,14.0
ORD001386,2024-12-18,C00280,North,Online,Beauty,Hair Dryer,2,84.65,0.0,39.0
ORD001729,2024-12-18,C01263,West,Online,Beauty,Hair Dryer,3,92.75,0.1,39.0
ORD002768,2024-12-18,C02176,East,Online,Beauty,Hair Dryer,2,87.97,0.0,39.0
ORD003133,2024-12-18,C00630,South,Store,Fitness,Yoga Mat,1,35.41,0.2,12.6
ORD003133,2024-12-18,C00630,South,Store,Home,Lamp,1,53.47,0.05,21.12
ORD003761,2024-12-18,C00647,South,Store,Beauty,Makeup Kit,1,47.46,0.0,14.0
ORD003761,2024-12-18,C00647,South,Store,Electronics,Smartwatch,1,252.75,0.15,132.3
ORD004192,2024-12-18,C00177,North,Store,Beauty,Skin Care Set,1,50.24,0.15,16.65
ORD004192,2024-12-18,C00177,North,Store,Electronics,Keyboard,1,76.69,0.1,33.8
ORD004447,2024-12-18,C01197,West,Store,Fitness,Yoga Mat,1,34.37,0.15,12.6
ORD004752,2024-12-18,C00108,South,Online,Fitness,Resistance Bands,1,24.4,0.1,7.48
ORD004752,2024-12-18,C00108,South,Online,Home,Coffee Maker,1,113.62,0.2,52.25
ORD005010,2024-12-18,C00491,West,Store,Home,Coffee Maker,2,115.35,0.1,52.25
ORD005470,2024-12-18,C02029,North,Online,Home,Lamp,1,54.68,0.05,21.12
ORD005694,2024-12-18,C00224,North,Online,Electronics,Headphones,2,96.33,0.0,49.3
ORD005694,2024-12-18,C00224,North,Online,Electronics,Headphones,1,98.13,0.0,49.3
ORD005924,2024-12-18,C00543,East,Marketplace,Electronics,Smartwatch,4,240.21,0.0,132.3
ORD005924,2024-12-18,C00543,East,Marketplace,Home,Lamp,1,52.08,0.0,21.12
ORD000544,2024-12-19,C00512,North,Marketplace,Fitness,Resistance Bands,4,24.26,0.0,7.48
ORD000544,2024-12-19,C00512,North,Marketplace,Electronics,Smartwatch,4,249.13,0.0,132.3
ORD000919,2024-12-19,C01770,North,Online,Fitness,Dumbbells,3,79.12,0.2,39.9
ORD002394,2024-12-19,C00231,North,Online,Home,Coffee Maker,1,111.05,0.0,52.25
ORD002394,2024-12-19,C00231,North,Online,Electronics,Headphones,2,91.06,0.2,49.3
ORD003003,2024-12-19,C00146,North,Marketplace,Beauty,Hair Dryer,1,86.0,0.05,39.0
ORD003053,2024-12-19,C00955,East,Store,Home,Lamp,2,52.11,0.0,21.12
ORD003222,2024-12-19,C00313,South,Online,Home,Storage Box,1,28.92,0.05,9.36
ORD004493,2024-12-19,C01410,South,Store,Home,Coffee Maker,2,108.95,0.1,52.25
ORD004631,2024-12-19,C01729,East,Marketplace,Fitness,Resistance Bands,1,23.62,0.05,7.48
ORD001770,2024-12-20,C00396,West,Store,Electronics,Keyboard,1,79.12,0.0,33.8
ORD002509,2024-12-20,C01105,West,Online,Beauty,Skin Care Set,1,52.96,0.1,16.65
ORD004884,2024-12-20,C00040,East,Online,Electronics,Keyboard,1,71.26,0.05,33.8
ORD004884,2024-12-20,C00040,East,Online,Beauty,Hair Dryer,2,84.73,0.1,39.0
ORD004899,2024-12-20,C00681,East,Online,Electronics,Headphones,2,94.36,0.15,49.3
ORD004899,2024-12-20,C00681,East,Online,Home,Storage Box,1,25.65,0.1,9.36
ORD005181,2024-12-20,C01157,South,Store,Electronics,Smartwatch,2,232.2,0.1,132.3
ORD005825,2024-12-20,C01809,East,Store,Fitness,Yoga Mat,1,36.33,0.1,12.6
ORD001296,2024-12-21,C01463,West,Store,Beauty,Makeup Kit,1,43.28,0.0,14.0
ORD001296,2024-12-21,C01463,West,Store,Fitness,Dumbbells,2,81.54,0.0,39.9
ORD003016,2024-12-21,C00630,East,Online,Fitness,Yoga Mat,2,32.42,0.3,12.6
ORD003016,2024-12-21,C00630,East,Online,Beauty,Makeup Kit,2,46.92,0.1,14.0
ORD003358,2024-12-21,C00467,North,Online,Home,Storage Box,1,27.81,0.05,9.36
ORD003922,2024-12-21,C00452,East,Store,Electronics,Smartwatch,2,247.87,0.0,132.3
ORD004533,2024-12-21,C01090,North,Store,Fitness,Dumbbells,1,74.7,0.05,39.9
ORD005179,2024-12-21,C00373,West,Online,Electronics,Smartwatch,2,253.74,0.05,132.3
ORD005179,2024-12-21,C00373,West,Online,Beauty,Skin Care Set,1,54.05,0.15,16.65
ORD005503,2024-12-21,C01031,West,Online,Electronics,Keyboard,1,73.39,0.1,33.8
ORD005503,2024-12-21,C01031,West,Online,Home,Coffee Maker,1,103.21,0.1,52.25
ORD000557,2024-12-22,C00536,West,Store,Fitness,Resistance Bands,1,24.48,0.05,7.48
ORD001608,2024-12-22,C00200,West,Store,Fitness,Resistance Bands,1,25.23,0.05,7.48
ORD001608,2024-12-22,C00200,West,Store,Beauty,Hair Dryer,1,88.4,0.1,39.0
ORD002531,2024-12-22,C00233,North,Store,Electronics,Headphones,1,95.12,0.0,49.3
ORD002531,2024-12-22,C00233,North,Store,Fitness,Dumbbells,1,77.65,0.0,39.9
ORD002635,2024-12-22,C00958,South,Marketplace,Electronics,Smartwatch,1,228.76,0.1,132.3
ORD002635,2024-12-22,C00958,South,Marketplace,Electronics,Keyboard,2,75.76,0.05,33.8
ORD003989,2024-12-22,C00264,North,Online,Fitness,Dumbbells,2,82.82,0.15,39.9
ORD001995,2024-12-23,C00026,West,Online,Fitness,Resistance Bands,1,26.2,0.1,7.48
ORD003169,2024-12-23,C00182,South,Online,Beauty,Skin Care Set,4,49.38,0.0,16.65
ORD003169,2024-12-23,C00182,South,Online,Fitness,Dumbbells,2,77.96,0.05,39.9
ORD004338,2024-12-23,C00478,East,Online,Home,Coffee Maker,1,112.96,0.0,52.25
ORD004338,2024-12-23,C00478,East,Online,Electronics,Smartwatch,2,251.2,0.1,132.3
ORD004433,2024-12-23,C00013,South,Online,Beauty,Skin Care Set,3,48.65,0.1,16.65
ORD004433,2024-12-23,C00013,South,Online,Fitness,Resistance Bands,1,23.53,0.05,7.48
ORD004841,2024-12-23,C00126,North,Store,Electronics,Smartwatch,1,241.59,0.2,132.3
ORD000550,2024-12-24,C02134,West,Online,Home,Lamp,1,52.17,0.0,21.12
ORD001261,2024-12-24,C00666,North,Store,Fitness,Dumbbells,3,79.2,0.05,39.9
ORD001261,2024-12-24,C00666,North,Store,Fitness,Yoga Mat,3,35.85,0.0,12.6
ORD001997,2024-12-24,C00035,East,Store,Beauty,Makeup Kit,2,42.58,0.1,14.0
ORD001997,2024-12-24,C00035,East,Store,Electronics,Smartwatch,2,252.95,0.0,132.3
ORD002132,2024-12-24,C00250,East,Online,Electronics,Smartwatch,2,227.59,0.0,132.3
ORD002390,2024-12-24,C00512,East,Online,Home,Coffee Maker,1,109.89,0.1,52.25
ORD002390,2024-12-24,C00512,East,Online,Fitness,Resistance Bands,2,25.72,0.15,7.48
ORD002537,2024-12-24,C01666,West,Store,Beauty,Skin Care Set,2,53.81,0.0,16.65
ORD002953,2024-12-24,C00349,South,Store,Fitness,Dumbbells,2,78.89,0.05,39.9
ORD002953,2024-12-24,C00349,South,Store,Fitness,Resistance Bands,2,25.94,0.2,7.48
ORD003231,2024-12-24,C00484,West,Online,Electronics,Smartwatch,1,254.77,0.1,132.3
ORD003231,2024-12-24,C00484,West,Online,Electronics,Headphones,2,102.24,0.0,49.3
ORD004610,2024-12-24,C00298,West,Marketplace,Beauty,Hair Dryer,1,95.03,0.0,39.0
ORD004610,2024-12-24,C00298,West,Marketplace,Electronics,Headphones,2,95.64,0.1,49.3
ORD000340,2024-12-25,C00209,West,Online,Fitness,Resistance Bands,3,23.71,0.1,7.48
ORD001457,2024-12-25,C00380,East,Store,Fitness,Dumbbells,1,83.14,0.0,39.9
ORD001457,2024-12-25,C00380,East,Store,Fitness,Resistance Bands,1,24.07,0.1,7.48
ORD002192,2024-12-25,C00098,North,Store,Electronics,Keyboard,1,73.08,0.0,33.8
ORD002444,2024-12-25,C00313,West,Store,Electronics,Keyboard,1,76.62,0.05,33.8
ORD003052,2024-12-25,C00618,North,Online,Home,Coffee Maker,2,108.72,0.2,52.25
ORD003052,2024-12-25,C00618,North,Online,Beauty,Hair Dryer,1,87.93,0.1,39.0
ORD003127,2024-12-25,C00499,East,Marketplace,Home,Storage Box,1,26.47,0.1,9.36
ORD003578,2024-12-25,C00322,East,Store,Electronics,Smartwatch,3,242.94,0.1,132.3
ORD005500,2024-12-25,C00807,South,Marketplace,Home,Coffee Maker,3,109.58,0.0,52.25
ORD005500,2024-12-25,C00807,South,Marketplace,Fitness,Dumbbells,1,83.91,0.3,39.9
ORD005606,2024-12-25,C00571,South,Online,Fitness,Resistance Bands,4,24.74,0.0,7.48
ORD005606,2024-12-25,C00571,South,Online,Home,Storage Box,1,28.36,0.2,9.36
ORD005644,2024-12-25,C01398,North,Store,Beauty,Makeup Kit,4,46.4,0.15,14.0
ORD000030,2024-12-26,C00191,North,Online,Home,Storage Box,2,27.13,0.0,9.36
ORD000030,2024-12-26,C00191,North,Online,Home,Coffee Maker,2,109.69,0.1,52.25
ORD001087,2024-12-26,C00306,South,Online,Home,Storage Box,4,28.12,0.05,9.36
ORD001087,2024-12-26,C00306,South,Online,Electronics,Smartwatch,1,233.49,0.05,132.3
ORD001677,2024-12-26,C00691,North,Store,Fitness,Resistance Bands,1,26.24,0.05,7.48
ORD001677,2024-12-26,C00691,North,Store,Home,Coffee Maker,3,106.21,0.15,52.25
ORD002196,2024-12-26,C00360,North,Store,Beauty,Hair Dryer,1,91.19,0.0,39.0
ORD002196,2024-12-26,C00360,North,Store,Electronics,Headphones,2,96.32,0.2,49.3
ORD003808,2024-12-26,C00154,North,Online,Beauty,Hair Dryer,1,84.06,0.05,39.0
ORD003808,2024-12-26,C00154,North,Online,Home,Storage Box,2,27.86,0.2,9.36
ORD003890,2024-12-26,C01433,West,Store,Fitness,Dumbbells,1,80.11,0.2,39.9
ORD000190,2024-12-27,C01204,South,Online,Fitness,Resistance Bands,1,25.84,0.05,7.48
ORD002170,2024-12-27,C00339,South,Online,Beauty,Hair Dryer,3,90.22,0.1,39.0
ORD002170,2024-12-27,C00339,South,Online,Beauty,Hair Dryer,1,83.68,0.05,39.0
ORD002608,2024-12-27,C00653,West,Store,Electronics,Keyboard,1,75.7,0.05,33.8
ORD002608,2024-12-27,C00653,West,Store,Home,Lamp,1,54.83,0.0,21.12
ORD003631,2024-12-27,C00448,North,Online,Electronics,Keyboard,1,78.22,0.05,33.8
ORD003631,2024-12-27,C00448,North,Online,Electronics,Keyboard,4,75.64,0.0,33.8
ORD000169,2024-12-28,C02080,West,Store,Electronics,Keyboard,1,74.15,0.0,33.8
ORD000169,2024-12-28,C02080,West,Store,Home,Coffee Maker,1,106.4,0.05,52.25
ORD001311,2024-12-28,C00646,North,Store,Electronics,Headphones,1,97.83,0.0,49.3
ORD003021,2024-12-28,C00214,East,Store,Fitness,Dumbbells,1,84.06,0.05,39.9
ORD003021,2024-12-28,C00214,East,Store,Home,Lamp,3,56.14,0.0,21.12
ORD003270,2024-12-28,C00052,East,Online,Home,Lamp,2,51.18,0.15,21.12
ORD004552,2024-12-28,C00670,South,Online,Fitness,Dumbbells,1,75.47,0.2,39.9
ORD005576,2024-12-28,C00185,East,Online,Beauty,Hair Dryer,1,88.17,0.1,39.0
ORD005576,2024-12-28,C00185,East,Online,Home,Lamp,1,53.45,0.1,21.12
ORD005669,2024-12-28,C00629,North,Marketplace,Beauty,Makeup Kit,1,48.09,0.1,14.0
ORD005669,2024-12-28,C00629,North,Marketplace,Fitness,Dumbbells,3,79.7,0.05,39.9
ORD000846,2024-12-29,C00107,South,Marketplace,Electronics,Smartwatch,2,252.23,0.05,132.3
ORD000846,2024-12-29,C00107,South,Marketplace,Electronics,Smartwatch,1,240.2,0.0,132.3
ORD002883,2024-12-29,C00024,South,Online,Home,Storage Box,1,27.13,0.0,9.36
ORD002883,2024-12-29,C00024,South,Online,Home,Lamp,1,55.31,0.2,21.12
ORD003056,2024-12-29,C00194,South,Online,Electronics,Keyboard,2,79.18,0.05,33.8
ORD003789,2024-12-29,C00253,North,Store,Electronics,Keyboard,1,70.95,0.0,33.8
ORD003789,2024-12-29,C00253,North,Store,Fitness,Yoga Mat,2,33.86,0.0,12.6
ORD004523,2024-12-29,C01744,South,Online,Fitness,Yoga Mat,2,35.63,0.2,12.6
ORD004523,2024-12-29,C01744,South,Online,Home,Lamp,3,56.69,0.05,21.12
ORD005943,2024-12-29,C01899,South,Online,Electronics,Smartwatch,3,236.22,0.05,132.3
ORD000850,2024-12-30,C00409,North,Store,Home,Storage Box,1,27.99,0.15,9.36
ORD001054,2024-12-30,C00528,East,Store,Home,Coffee Maker,3,104.19,0.1,52.25
ORD003070,2024-12-30,C00034,North,Online,Home,Coffee Maker,1,105.09,0.1,52.25
ORD003257,2024-12-30,C00246,East,Marketplace,Beauty,Hair Dryer,2,88.1,0.0,39.0
ORD003257,2024-12-30,C00246,East,Marketplace,Electronics,Keyboard,1,73.15,0.0,33.8
ORD003336,2024-12-30,C00383,East,Online,Beauty,Makeup Kit,2,42.57,0.0,14.0
ORD003336,2024-12-30,C00383,East,Online,Beauty,Hair Dryer,1,85.01,0.2,39.0
ORD003581,2024-12-30,C00377,South,Online,Electronics,Headphones,2,99.12,0.0,49.3
ORD003581,2024-12-30,C00377,South,Online,Beauty,Skin Care Set,3,49.78,0.05,16.65
ORD004425,2024-12-30,C00381,West,Online,Fitness,Resistance Bands,1,26.45,0.1,7.48
ORD004877,2024-12-30,C01374,East,Online,Beauty,Makeup Kit,1,46.28,0.1,14.0
ORD005302,2024-12-30,C00663,South,Online,Beauty,Skin Care Set,1,50.18,0.15,16.65
ORD005302,2024-12-30,C00663,South,Online,Beauty,Hair Dryer,3,90.75,0.0,39.0
ORD000003,2024-12-31,C00007,East,Online,Beauty,Hair Dryer,2,94.29,0.0,39.0
ORD000811,2024-12-31,C01272,South,Online,Beauty,Hair Dryer,4,92.27,0.1,39.0
ORD001577,2024-12-31,C00414,North,Online,Beauty,Makeup Kit,3,48.36,0.1,14.0
ORD001577,2024-12-31,C00414,North,Online,Electronics,Keyboard,1,79.23,0.0,33.8
ORD002679,2024-12-31,C00633,East,Store,Home,Lamp,3,55.58,0.0,21.12
ORD003953,2024-12-31,C00589,South,Store,Fitness,Resistance Bands,1,25.86,0.0,7.48
ORD004134,2024-12-31,C00286,West,Store,Home,Coffee Maker,3,106.05,0.0,52.25
ORD000907,2025-01-01,C00024,South,Online,Electronics,Keyboard,3,64.9,0.0,33.8
ORD001133,2025-01-01,C00313,West,Store,Home,Coffee Maker,2,90.5,0.0,52.25
ORD001133,2025-01-01,C00313,West,Store,Home,Storage Box,1,25.47,0.05,9.36
ORD001143,2025-01-01,C00251,North,Online,Beauty,Skin Care Set,1,47.82,0.1,16.65
ORD001297,2025-01-01,C02158,West,Online,Electronics,Headphones,1,88.78,0.0,49.3
ORD002430,2025-01-01,C00343,West,Store,Home,Coffee Maker,2,100.73,0.05,52.25
ORD002776,2025-01-01,C00394,South,Online,Beauty,Hair Dryer,2,82.79,0.05,39.0
ORD002776,2025-01-01,C00394,South,Online,Fitness,Dumbbells,1,71.22,0.05,39.9
ORD004390,2025-01-01,C00328,South,Online,Fitness,Yoga Mat,1,31.14,0.1,12.6
ORD004737,2025-01-01,C00357,East,Store,Electronics,Keyboard,1,65.73,0.0,33.8
ORD004737,2025-01-01,C00357,East,Store,Beauty,Skin Care Set,1,43.55,0.05,16.65
ORD005684,2025-01-01,C00586,West,Online,Fitness,Yoga Mat,2,31.05,0.1,12.6
ORD005684,2025-01-01,C00586,West,Online,Fitness,Yoga Mat,2,32.18,0.05,12.6
ORD005863,2025-01-01,C01336,West,Online,Fitness,Resistance Bands,1,23.41,0.0,7.48
ORD000172,2025-01-02,C00695,West,Marketplace,Beauty,Hair Dryer,3,76.43,0.15,39.0
ORD000172,2025-01-02,C00695,West,Marketplace,Beauty,Skin Care Set,1,43.78,0.15,16.65
ORD000862,2025-01-02,C01618,West,Online,Home,Lamp,1,48.83,0.0,21.12
ORD001203,2025-01-02,C00142,North,Store,Home,Storage Box,1,23.17,0.0,9.36
ORD002724,2025-01-02,C00360,East,Online,Electronics,Keyboard,2,70.16,0.05,33.8
ORD002916,2025-01-02,C00654,East,Online,Beauty,Hair Dryer,2,77.74,0.0,39.0
ORD003662,2025-01-02,C01839,East,Store,Beauty,Skin Care Set,1,46.15,0.2,16.65
ORD003846,2025-01-02,C01635,South,Store,Fitness,Dumbbells,1,72.36,0.05,39.9
ORD004452,2025-01-02,C00270,East,Online,Fitness,Dumbbells,3,74.74,0.15,39.9
ORD004452,2025-01-02,C00270,East,Online,Beauty,Hair Dryer,2,77.02,0.15,39.0
ORD004996,2025-01-02,C00379,West,Online,Fitness,Yoga Mat,1,30.09,0.0,12.6
ORD004996,2025-01-02,C00379,West,Online,Electronics,Headphones,4,82.59,0.15,49.3
ORD005649,2025-01-02,C00036,West,Online,Electronics,Headphones,1,91.04,0.15,49.3
ORD000220,2025-01-03,C02181,South,Online,Beauty,Skin Care Set,1,43.54,0.05,16.65
ORD001566,2025-01-03,C00735,West,Online,Beauty,Makeup Kit,4,42.85,0.0,14.0
ORD002115,2025-01-03,C02005,North,Online,Beauty,Makeup Kit,4,38.04,0.0,14.0
ORD002209,2025-01-03,C01475,East,Store,Electronics,Keyboard,1,69.75,0.0,33.8
ORD003995,2025-01-03,C00198,West,Store,Home,Lamp,2,49.79,0.0,21.12
ORD004431,2025-01-03,C00111,East,Online,Beauty,Skin Care Set,1,47.92,0.05,16.65
ORD005977,2025-01-03,C00578,West,Store,Electronics,Keyboard,2,65.13,0.0,33.8
ORD000014,2025-01-04,C00162,South,Marketplace,Fitness,Dumbbells,1,67.17,0.1,39.9
ORD000014,2025-01-04,C00162,South,Marketplace,Electronics,Keyboard,1,67.18,0.0,33.8
ORD000020,2025-01-04,C00603,East,Store,Electronics,Headphones,1,87.81,0.1,49.3
ORD000020,2025-01-04,C00603,East,Store,Electronics,Headphones,1,89.59,0.0,49.3
ORD000333,2025-01-04,C01573,South,Online,Home,Lamp,4,48.91,0.0,21.12
ORD000685,2025-01-04,C00632,West,Store,Beauty,Hair Dryer,3,80.69,0.0,39.0
ORD003058,2025-01-04,C01735,North,Store,Beauty,Hair Dryer,1,73.46,0.0,39.0
ORD003135,2025-01-04,C00635,East,Online,Electronics,Smartwatch,2,204.45,0.0,132.3
ORD003135,2025-01-04,C00635,East,Online,Home,Coffee Maker,2,91.33,0.15,52.25
ORD003946,2025-01-04,C01233,East,Online,Electronics,Keyboard,1,67.24,0.0,33.8
ORD004634,2025-01-04,C00488,West,Store,Home,Lamp,2,50.41,0.15,21.12
ORD005740,2025-01-04,C00498,West,Marketplace,Beauty,Makeup Kit,1,39.55,0.15,14.0
ORD000153,2025-01-05,C01283,East,Online,Beauty,Hair Dryer,2,78.13,0.0,39.0
ORD000153,2025-01-05,C01283,East,Online,Electronics,Smartwatch,4,216.63,0.0,132.3
ORD000521,2025-01-05,C00663,North,Online,Fitness,Dumbbells,2,69.22,0.1,39.9
ORD000897,2025-01-05,C01243,South,Online,Home,Lamp,1,46.98,0.15,21.12
ORD000897,2025-01-05,C01243,South,Online,Beauty,Skin Care Set,2,47.56,0.2,16.65
ORD001067,2025-01-05,C00368,North,Store,Beauty,Skin Care Set,2,45.31,0.05,16.65
ORD001067,2025-01-05,C00368,North,Store,Fitness,Resistance Bands,1,23.34,0.1,7.48
ORD001743,2025-01-05,C01570,North,Store,Home,Lamp,1,49.13,0.1,21.12
ORD001743,2025-01-05,C01570,North,Store,Fitness,Resistance Bands,2,23.06,0.0,7.48
ORD001991,2025-01-05,C00339,East,Marketplace,Beauty,Hair Dryer,3,76.06,0.0,39.0
ORD001991,2025-01-05,C00339,East,Marketplace,Fitness,Dumbbells,1,69.86,0.05,39.9
ORD002481,2025-01-05,C00369,North,Online,Electronics,Headphones,1,90.12,0.1,49.3
ORD002834,2025-01-05,C00834,East,Store,Fitness,Yoga Mat,1,28.83,0.1,12.6
ORD002834,2025-01-05,C00834,East,Store,Home,Coffee Maker,1,98.5,0.15,52.25
ORD002920,2025-01-05,C01687,South,Store,Fitness,Yoga Mat,4,28.81,0.05,12.6
ORD002920,2025-01-05,C01687,South,Store,Home,Lamp,1,50.31,0.05,21.12
ORD003266,2025-01-05,C00284,North,Store,Fitness,Dumbbells,2,66.86,0.05,39.9
ORD004890,2025-01-05,C00289,West,Online,Home,Storage Box,1,24.14,0.05,9.36
ORD004890,2025-01-05,C00289,West,Online,Home,Storage Box,2,25.13,0.05,9.36
ORD000057,2025-01-06,C02068,South,Marketplace,Beauty,Skin Care Set,1,48.32,0.1,16.65
ORD000057,2025-01-06,C02068,South,Marketplace,Beauty,Hair Dryer,1,83.42,0.0,39.0
ORD000548,2025-01-06,C00647,West,Store,Fitness,Resistance Bands,2,21.48,0.1,7.48
ORD000548,2025-01-06,C00647,West,Store,Beauty,Skin Care Set,3,43.05,0.0,16.65
ORD000669,2025-01-06,C01472,North,Online,Electronics,Headphones,1,82.64,0.05,49.3
ORD000669,2025-01-06,C01472,North,Online,Beauty,Makeup Kit,4,41.2,0.0,14.0
ORD001270,2025-01-06,C01135,North,Online,Home,Storage Box,1,23.13,0.2,9.36
ORD001535,2025-01-06,C00262,North,Online,Home,Coffee Maker,1,89.37,0.1,52.25
ORD002500,2025-01-06,C00546,East,Online,Beauty,Hair Dryer,1,77.03,0.1,39.0
ORD002500,2025-01-06,C00546,East,Online,Home,Coffee Maker,1,93.18,0.2,52.25
ORD003418,2025-01-06,C01370,South,Online,Electronics,Headphones,2,81.45,0.0,49.3
ORD004139,2025-01-06,C00434,East,Online,Electronics,Smartwatch,4,212.36,0.15,132.3
ORD004209,2025-01-06,C00823,South,Online,Beauty,Hair Dryer,2,82.23,0.05,39.0
ORD004413,2025-01-06,C02156,South,Online,Fitness,Resistance Bands,3,21.37,0.05,7.48
ORD004413,2025-01-06,C02156,South,Online,Electronics,Headphones,4,88.48,0.05,49.3
ORD000285,2025-01-07,C00249,East,Online,Beauty,Skin Care Set,1,42.3,0.0,16.65
ORD001616,2025-01-07,C00104,West,Online,Home,Lamp,2,49.71,0.05,21.12
ORD002330,2025-01-07,C00571,South,Online,Fitness,Resistance Bands,1,23.11,0.0,7.48
ORD003217,2025-01-07,C00222,West,Online,Beauty,Skin Care Set,1,47.32,0.0,16.65
ORD004299,2025-01-07,C00089,North,Online,Electronics,Keyboard,1,61.19,0.3,33.8
ORD004402,2025-01-07,C00555,North,Online,Electronics,Headphones,2,81.52,0.05,49.3
ORD005336,2025-01-07,C00940,East,Store,Fitness,Yoga Mat,3,29.71,0.0,12.6
ORD005336,2025-01-07,C00940,East,Store,Fitness,Yoga Mat,1,28.7,0.3,12.6
ORD001094,2025-01-08,C00014,East,Online,Fitness,Resistance Bands,1,21.61,0.3,7.48
ORD001094,2025-01-08,C00014,East,Online,Electronics,Smartwatch,2,218.57,0.05,132.3
ORD001763,2025-01-08,C00405,East,Store,Beauty,Makeup Kit,1,43.09,0.2,14.0
ORD001763,2025-01-08,C00405,East,Store,Fitness,Dumbbells,1,70.53,0.1,39.9
ORD001998,2025-01-08,C02150,East,Online,Beauty,Skin Care Set,1,47.99,0.05,16.65
ORD001998,2025-01-08,C02150,East,Online,Home,Storage Box,3,23.9,0.05,9.36
ORD002977,2025-01-08,C00221,North,Store,Home,Lamp,1,47.96,0.0,21.12
ORD004946,2025-01-08,C00215,South,Marketplace,Electronics,Headphones,1,82.08,0.15,49.3
ORD004946,2025-01-08,C00215,South,Marketplace,Fitness,Dumbbells,2,72.83,0.0,39.9
ORD004972,2025-01-08,C00023,West,Marketplace,Fitness,Yoga Mat,1,31.01,0.05,12.6
ORD004972,2025-01-08,C00023,West,Marketplace,Fitness,Resistance Bands,1,22.8,0.05,7.48
ORD005034,2025-01-08,C01674,South,Online,Fitness,Yoga Mat,3,29.82,0.2,12.6
ORD005034,2025-01-08,C01674,South,Online,Beauty,Makeup Kit,2,42.52,0.0,14.0
ORD002007,2025-01-09,C00187,East,Marketplace,Beauty,Skin Care Set,1,46.77,0.0,16.65
ORD002007,2025-01-09,C00187,East,Marketplace,Home,Lamp,1,49.32,0.05,21.12
ORD003019,2025-01-09,C00117,South,Store,Electronics,Headphones,2,80.41,0.2,49.3
ORD003516,2025-01-09,C01782,South,Store,Electronics,Headphones,3,88.51,0.0,49.3
ORD003516,2025-01-09,C01782,South,Store,Home,Lamp,1,50.6,0.0,21.12
ORD003681,2025-01-09,C00665,North,Store,Home,Coffee Maker,1,89.52,0.1,52.25
ORD003681,2025-01-09,C00665,North,Store,Electronics,Smartwatch,1,198.18,0.0,132.3
ORD004976,2025-01-09,C00475,West,Online,Electronics,Keyboard,1,66.94,0.1,33.8
ORD004976,2025-01-09,C00475,West,Online,Electronics,Headphones,2,89.16,0.1,49.3
ORD005658,2025-01-09,C00137,West,Online,Fitness,Yoga Mat,4,31.63,0.15,12.6
ORD005658,2025-01-09,C00137,West,Online,Electronics,Smartwatch,2,210.84,0.0,132.3
ORD000412,2025-01-10,C00623,West,Online,Fitness,Resistance Bands,3,21.37,0.15,7.48
ORD000455,2025-01-10,C00469,West,Online,Fitness,Yoga Mat,1,28.96,0.1,12.6
ORD001509,2025-01-10,C00425,West,Online,Home,Coffee Maker,4,101.92,0.2,52.25
ORD001509,2025-01-10,C00425,West,Online,Home,Storage Box,1,25.56,0.15,9.36
ORD001905,2025-01-10,C00110,South,Online,Home,Coffee Maker,4,97.28,0.05,52.25
ORD002526,2025-01-10,C00664,South,Marketplace,Beauty,Makeup Kit,2,41.5,0.0,14.0
ORD002526,2025-01-10,C00664,South,Marketplace,Fitness,Yoga Mat,1,28.88,0.1,12.6
ORD003172,2025-01-10,C00724,South,Store,Home,Coffee Maker,2,91.18,0.0,52.25
ORD003172,2025-01-10,C00724,South,Store,Electronics,Smartwatch,1,206.45,0.0,132.3
ORD003438,2025-01-10,C00549,East,Online,Fitness,Resistance Bands,1,22.68,0.2,7.48
ORD004721,2025-01-10,C00047,South,Online,Home,Lamp,2,46.18,0.15,21.12
ORD000102,2025-01-11,C00999,South,Online,Home,Coffee Maker,1,99.69,0.05,52.25
ORD000102,2025-01-11,C00999,South,Online,Home,Lamp,3,51.82,0.0,21.12
ORD000152,2025-01-11,C00133,South,Store,Fitness,Yoga Mat,2,32.25,0.05,12.6
ORD000152,2025-01-11,C00133,South,Store,Electronics,Smartwatch,1,222.88,0.0,132.3
ORD000198,2025-01-11,C00360,West,Marketplace,Fitness,Dumbbells,1,68.91,0.0,39.9
ORD001435,2025-01-11,C00333,North,Store,Beauty,Makeup Kit,1,43.18,0.05,14.0
ORD001435,2025-01-11,C00333,North,Store,Fitness,Dumbbells,2,66.78,0.05,39.9
ORD002268,2025-01-11,C00504,North,Store,Electronics,Smartwatch,3,221.98,0.1,132.3
ORD002268,2025-01-11,C00504,North,Store,Home,Coffee Maker,4,97.77,0.2,52.25
ORD003212,2025-01-11,C00473,East,Online,Beauty,Makeup Kit,1,39.69,0.15,14.0
ORD003897,2025-01-11,C01691,West,Online,Home,Lamp,1,48.65,0.0,21.12
ORD003897,2025-01-11,C01691,West,Online,Electronics,Headphones,1,79.93,0.0,49.3
ORD005158,2025-01-11,C00156,East,Online,Home,Coffee Maker,1,99.59,0.05,52.25
ORD000425,2025-01-12,C01653,South,Online,Electronics,Headphones,4,84.46,0.05,49.3
ORD000425,2025-01-12,C01653,South,Online,Fitness,Yoga Mat,1,31.91,0.15,12.6
ORD001357,2025-01-12,C01548,East,Online,Fitness,Yoga Mat,1,29.05,0.0,12.6
ORD001357,2025-01-12,C01548,East,Online,Beauty,Skin Care Set,2,43.22,0.0,16.65
ORD001740,2025-01-12,C00111,East,Online,Electronics,Keyboard,4,63.91,0.1,33.8
ORD001740,2025-01-12,C00111,East,Online,Home,Lamp,2,46.74,0.15,21.12
ORD004162,2025-01-12,C01366,West,Online,Electronics,Smartwatch,1,215.82,0.0,132.3
ORD004581,2025-01-12,C00584,East,Marketplace,Fitness,Yoga Mat,1,31.69,0.05,12.6
ORD004581,2025-01-12,C00584,East,Marketplace,Electronics,Smartwatch,1,204.24,0.2,132.3
ORD005465,2025-01-12,C00422,North,Online,Electronics,Headphones,1,89.33,0.0,49.3
ORD005465,2025-01-12,C00422,North,Online,Beauty,Hair Dryer,1,75.06,0.1,39.0
ORD000485,2025-01-13,C00401,West,Store,Fitness,Dumbbells,2,65.92,0.0,39.9
ORD000485,2025-01-13,C00401,West,Store,Fitness,Yoga Mat,3,32.27,0.05,12.6
ORD000841,2025-01-13,C00155,East,Marketplace,Beauty,Skin Care Set,1,46.62,0.0,16.65
ORD000895,2025-01-13,C00542,North,Online,Beauty,Skin Care Set,2,47.91,0.1,16.65
ORD000895,2025-01-13,C00542,North,Online,Fitness,Yoga Mat,1,31.12,0.1,12.6
ORD001073,2025-01-13,C00127,North,Store,Fitness,Dumbbells,1,69.75,0.15,39.9
ORD001073,2025-01-13,C00127,North,Store,Beauty,Skin Care Set,1,46.01,0.05,16.65
ORD001277,2025-01-13,C00384,East,Store,Home,Storage Box,3,23.96,0.0,9.36
ORD001277,2025-01-13,C00384,East,Store,Beauty,Hair Dryer,1,76.49,0.0,39.0
ORD001758,2025-01-13,C00104,North,Store,Electronics,Smartwatch,3,219.25,0.05,132.3
ORD001758,2025-01-13,C00104,North,Store,Fitness,Dumbbells,1,71.67,0.0,39.9
ORD002719,2025-01-13,C00076,West,Online,Home,Coffee Maker,2,92.93,0.0,52.25
ORD002719,2025-01-13,C00076,West,Online,Beauty,Hair Dryer,2,80.81,0.3,39.0
ORD002885,2025-01-13,C00282,East,Online,Electronics,Smartwatch,1,220.68,0.05,132.3
ORD002885,2025-01-13,C00282,East,Online,Home,Coffee Maker,2,98.92,0.1,52.25
ORD003513,2025-01-13,C00184,West,Online,Home,Coffee Maker,1,99.32,0.15,52.25
ORD003513,2025-01-13,C00184,West,Online,Beauty,Skin Care Set,1,46.65,0.0,16.65
ORD003644,2025-01-13,C00746,East,Online,Electronics,Keyboard,1,61.89,0.1,33.8
ORD005369,2025-01-13,C00440,West,Online,Home,Storage Box,1,25.53,0.05,9.36
ORD005369,2025-01-13,C00440,West,Online,Fitness,Resistance Bands,3,21.91,0.1,7.48
ORD005713,2025-01-13,C01067,West,Store,Home,Storage Box,1,23.88,0.0,9.36
ORD005958,2025-01-13,C00013,North,Online,Fitness,Yoga Mat,2,28.66,0.1,12.6
ORD000473,2025-01-14,C00075,West,Online,Home,Lamp,1,48.11,0.05,21.12
ORD000473,2025-01-14,C00075,West,Online,Home,Storage Box,2,22.8,0.05,9.36
ORD000871,2025-01-14,C01476,West,Store,Home,Coffee Maker,4,98.71,0.0,52.25
ORD000871,2025-01-14,C01476,West,Store,Electronics,Keyboard,3,69.94,0.05,33.8
ORD001219,2025-01-14,C00230,North,Online,Electronics,Smartwatch,1,215.93,0.15,132.3
ORD001322,2025-01-14,C00473,East,Online,Beauty,Hair Dryer,2,80.43,0.0,39.0
ORD002067,2025-01-14,C00456,West,Store,Fitness,Dumbbells,2,67.16,0.05,39.9
ORD002262,2025-01-14,C01781,West,Store,Fitness,Resistance Bands,3,21.91,0.05,7.48
ORD002262,2025-01-14,C01781,West,Store,Fitness,Resistance Bands,1,22.1,0.1,7.48
ORD004982,2025-01-14,C00424,North,Online,Fitness,Dumbbells,1,69.36,0.15,39.9
ORD004982,2025-01-14,C00424,North,Online,Home,Storage Box,1,22.63,0.15,9.36
ORD005799,2025-01-14,C00335,South,Online,Electronics,Smartwatch,1,220.15,0.0,132.3
ORD005833,2025-01-14,C00140,West,Online,Home,Lamp,2,48.75,0.15,21.12
ORD005833,2025-01-14,C00140,West,Online,Fitness,Dumbbells,1,67.08,0.15,39.9
ORD000089,2025-01-15,C00290,East,Online,Home,Storage Box,2,23.14,0.15,9.36
ORD000089,2025-01-15,C00290,East,Online,Home,Storage Box,1,24.48,0.0,9.36
ORD001525,2025-01-15,C02093,North,Store,Home,Lamp,1,46.74,0.0,21.12
ORD001557,2025-01-15,C00241,South,Online,Home,Storage Box,1,25.08,0.15,9.36
ORD001613,2025-01-15,C01296,East,Store,Electronics,Keyboard,1,64.64,0.0,33.8
ORD001613,2025-01-15,C01296,East,Store,Electronics,Headphones,3,83.64,0.0,49.3
ORD001959,2025-01-15,C00461,West,Online,Beauty,Hair Dryer,3,77.03,0.1,39.0
ORD001959,2025-01-15,C00461,West,Online,Electronics,Smartwatch,1,198.3,0.05,132.3
ORD004073,2025-01-15,C00622,South,Online,Electronics,Keyboard,1,63.69,0.1,33.8
ORD004733,2025-01-15,C00015,East,Online,Electronics,Headphones,1,86.87,0.0,49.3
ORD004733,2025-01-15,C00015,East,Online,Fitness,Dumbbells,1,72.47,0.05,39.9
ORD005845,2025-01-15,C00402,North,Store,Home,Lamp,1,50.75,0.05,21.12
ORD000113,2025-01-16,C01567,East,Online,Home,Lamp,1,49.23,0.05,21.12
ORD000113,2025-01-16,C01567,East,Online,Fitness,Resistance Bands,1,22.58,0.0,7.48
ORD000305,2025-01-16,C00469,East,Store,Fitness,Dumbbells,3,67.12,0.1,39.9
ORD000345,2025-01-16,C00066,North,Marketplace,Electronics,Smartwatch,3,198.73,0.05,132.3
ORD000345,2025-01-16,C00066,North,Marketplace,Fitness,Yoga Mat,1,31.72,0.05,12.6
ORD000697,2025-01-16,C00729,South,Online,Home,Coffee Maker,1,97.24,0.05,52.25
ORD000700,2025-01-16,C01600,North,Store,Beauty,Makeup Kit,1,38.84,0.0,14.0
ORD000700,2025-01-16,C01600,North,Store,Beauty,Hair Dryer,2,78.37,0.05,39.0
ORD000883,2025-01-16,C00038,East,Store,Electronics,Keyboard,3,65.69,0.3,33.8
ORD000883,2025-01-16,C00038,East,Store,Fitness,Resistance Bands,4,21.25,0.05,7.48
ORD002534,2025-01-16,C00600,North,Marketplace,Beauty,Makeup Kit,1,38.11,0.05,14.0
ORD002586,2025-01-16,C00137,North,Online,Fitness,Dumbbells,1,68.11,0.15,39.9
ORD002799,2025-01-16,C00355,South,Marketplace,Electronics,Smartwatch,3,209.09,0.05,132.3
ORD002822,2025-01-16,C00299,North,Marketplace,Fitness,Yoga Mat,1,29.91,0.2,12.6
ORD003835,2025-01-16,C00890,West,Online,Electronics,Smartwatch,1,219.05,0.15,132.3
ORD004270,2025-01-16,C00165,East,Online,Beauty,Makeup Kit,1,39.95,0.0,14.0
ORD004270,2025-01-16,C00165,East,Online,Home,Lamp,2,51.6,0.1,21.12
ORD004596,2025-01-16,C00664,North,Store,Electronics,Smartwatch,3,216.07,0.0,132.3
ORD004596,2025-01-16,C00664,North,Store,Beauty,Makeup Kit,3,42.67,0.2,14.0
ORD005123,2025-01-16,C00229,North,Store,Electronics,Smartwatch,1,202.05,0.0,132.3
ORD005123,2025-01-16,C00229,North,Store,Electronics,Keyboard,1,66.49,0.0,33.8
ORD005429,2025-01-16,C00046,East,Online,Home,Coffee Maker,2,100.7,0.2,52.25
ORD005429,2025-01-16,C00046,East,Online,Beauty,Hair Dryer,2,84.01,0.1,39.0
ORD005474,2025-01-16,C00173,North,Marketplace,Fitness,Yoga Mat,1,29.11,0.0,12.6
ORD000489,2025-01-17,C00069,North,Online,Beauty,Hair Dryer,1,78.89,0.05,39.0
ORD000966,2025-01-17,C00049,South,Online,Home,Storage Box,1,24.96,0.0,9.36
ORD000966,2025-01-17,C00049,South,Online,Home,Storage Box,1,25.83,0.0,9.36
ORD001008,2025-01-17,C00639,West,Store,Electronics,Smartwatch,1,204.5,0.05,132.3
ORD002367,2025-01-17,C02141,North,Store,Fitness,Yoga Mat,2,29.45,0.15,12.6
ORD002367,2025-01-17,C02141,North,Store,Home,Storage Box,1,23.51,0.1,9.36
ORD003174,2025-01-17,C01965,West,Store,Home,Coffee Maker,1,102.33,0.05,52.25
ORD003174,2025-01-17,C01965,West,Store,Beauty,Hair Dryer,1,73.7,0.0,39.0
ORD005281,2025-01-17,C01640,South,Online,Electronics,Keyboard,1,65.83,0.05,33.8
ORD005802,2025-01-17,C00465,West,Store,Fitness,Yoga Mat,2,29.52,0.1,12.6
ORD005852,2025-01-17,C00354,East,Store,Electronics,Headphones,1,79.97,0.0,49.3
ORD005852,2025-01-17,C00354,East,Store,Electronics,Keyboard,2,69.7,0.1,33.8
ORD000307,2025-01-18,C00429,East,Online,Beauty,Skin Care Set,2,43.97,0.05,16.65
ORD000431,2025-01-18,C00548,East,Store,Electronics,Keyboard,3,67.89,0.0,33.8
ORD000431,2025-01-18,C00548,East,Store,Electronics,Headphones,1,82.47,0.1,49.3
ORD001289,2025-01-18,C00666,South,Online,Home,Lamp,1,45.39,0.2,21.12
ORD003211,2025-01-18,C00314,South,Online,Electronics,Keyboard,3,68.73,0.1,33.8
ORD003211,2025-01-18,C00314,South,Online,Beauty,Makeup Kit,2,38.5,0.05,14.0
ORD003597,2025-01-18,C01548,West,Store,Electronics,Headphones,1,91.37,0.15,49.3
ORD003807,2025-01-18,C01454,North,Store,Fitness,Dumbbells,3,73.17,0.0,39.9
ORD003807,2025-01-18,C01454,North,Store,Electronics,Smartwatch,1,200.17,0.0,132.3
ORD004197,2025-01-18,C00193,South,Store,Beauty,Hair Dryer,3,77.27,0.1,39.0
ORD004197,2025-01-18,C00193,South,Store,Beauty,Hair Dryer,3,83.54,0.0,39.0
ORD004509,2025-01-18,C00875,South,Online,Home,Lamp,2,51.46,0.0,21.12
ORD004509,2025-01-18,C00875,South,Online,Fitness,Resistance Bands,1,21.76,0.0,7.48
ORD005785,2025-01-18,C00480,South,Online,Fitness,Yoga Mat,1,30.8,0.0,12.6
ORD005969,2025-01-18,C00394,East,Store,Fitness,Resistance Bands,2,23.2,0.05,7.48
ORD005969,2025-01-18,C00394,East,Store,Beauty,Makeup Kit,1,41.48,0.05,14.0
ORD000002,2025-01-19,C00224,North,Store,Home,Coffee Maker,2,99.42,0.1,52.25
ORD000002,2025-01-19,C00224,North,Store,Beauty,Skin Care Set,1,43.11,0.05,16.65
ORD000628,2025-01-19,C00665,West,Online,Electronics,Smartwatch,2,225.57,0.0,132.3
ORD000832,2025-01-19,C00221,West,Online,Home,Storage Box,1,22.69,0.0,9.36
ORD001377,2025-01-19,C00222,North,Online,Electronics,Headphones,1,91.79,0.15,49.3
ORD001377,2025-01-19,C00222,North,Online,Beauty,Hair Dryer,1,73.32,0.1,39.0
ORD001762,2025-01-19,C00275,West,Online,Fitness,Resistance Bands,2,20.76,0.05,7.48
ORD001952,2025-01-19,C01216,South,Store,Home,Coffee Maker,1,99.45,0.0,52.25
ORD001952,2025-01-19,C01216,South,Store,Home,Storage Box,1,24.26,0.0,9.36
ORD002384,2025-01-19,C01465,South,Online,Fitness,Dumbbells,1,74.47,0.0,39.9
ORD002384,2025-01-19,C01465,South,Online,Beauty,Makeup Kit,1,39.31,0.1,14.0
ORD002886,2025-01-19,C01811,South,Online,Fitness,Yoga Mat,1,30.63,0.1,12.6
ORD002886,2025-01-19,C01811,South,Online,Home,Storage Box,2,22.76,0.15,9.36
ORD003973,2025-01-19,C00137,South,Store,Home,Coffee Maker,3,97.47,0.0,52.25
ORD003973,2025-01-19,C00137,South,Store,Electronics,Smartwatch,4,200.01,0.15,132.3
ORD005719,2025-01-19,C00292,North,Online,Fitness,Resistance Bands,3,22.91,0.1,7.48
ORD005761,2025-01-19,C00660,South,Online,Electronics,Smartwatch,1,208.85,0.1,132.3
ORD005902,2025-01-19,C00281,North,Marketplace,Home,Coffee Maker,1,93.54,0.0,52.25
ORD000688,2025-01-20,C00446,North,Marketplace,Beauty,Hair Dryer,1,74.6,0.1,39.0
ORD000838,2025-01-20,C00174,South,Marketplace,Beauty,Skin Care Set,1,47.69,0.0,16.65
ORD000873,2025-01-20,C00268,South,Online,Electronics,Headphones,1,90.23,0.0,49.3
ORD000873,2025-01-20,C00268,South,Online,Electronics,Keyboard,1,64.57,0.0,33.8
ORD001240,2025-01-20,C00002,South,Online,Electronics,Headphones,1,90.11,0.15,49.3
ORD001493,2025-01-20,C00310,East,Marketplace,Electronics,Keyboard,1,66.93,0.0,33.8
ORD001589,2025-01-20,C02000,North,Online,Beauty,Skin Care Set,3,48.01,0.1,16.65
ORD001589,2025-01-20,C02000,North,Online,Beauty,Skin Care Set,1,45.15,0.1,16.65
ORD002107,2025-01-20,C00610,West,Online,Electronics,Smartwatch,1,225.82,0.05,132.3
ORD002107,2025-01-20,C00610,West,Online,Beauty,Hair Dryer,2,79.34,0.15,39.0
ORD002138,2025-01-20,C00332,North,Store,Fitness,Dumbbells,2,73.11,0.05,39.9
ORD002138,2025-01-20,C00332,North,Store,Electronics,Smartwatch,2,219.26,0.15,132.3
ORD003117,2025-01-20,C00191,South,Online,Home,Storage Box,1,24.07,0.05,9.36
ORD003117,2025-01-20,C00191,South,Online,Electronics,Keyboard,2,68.71,0.1,33.8
ORD004406,2025-01-20,C00161,North,Marketplace,Beauty,Hair Dryer,2,82.6,0.05,39.0
ORD005295,2025-01-20,C00586,North,Online,Beauty,Hair Dryer,2,74.71,0.05,39.0
ORD005295,2025-01-20,C00586,North,Online,Beauty,Makeup Kit,1,40.64,0.1,14.0
ORD005883,2025-01-20,C01596,East,Online,Beauty,Makeup Kit,1,42.57,0.2,14.0
ORD000957,2025-01-21,C00495,East,Online,Fitness,Dumbbells,1,68.52,0.05,39.9
ORD000986,2025-01-21,C00476,South,Online,Home,Coffee Maker,1,98.54,0.2,52.25
ORD001646,2025-01-21,C00098,North,Online,Fitness,Resistance Bands,2,22.03,0.0,7.48
ORD001646,2025-01-21,C00098,North,Online,Beauty,Hair Dryer,1,79.6,0.0,39.0
ORD001864,2025-01-21,C00169,North,Online,Electronics,Keyboard,1,63.67,0.0,33.8
ORD001879,2025-01-21,C00123,North,Online,Electronics,Keyboard,2,69.44,0.1,33.8
ORD001879,2025-01-21,C00123,North,Online,Electronics,Headphones,1,89.05,0.0,49.3
ORD003307,2025-01-21,C00243,East,Store,Beauty,Hair Dryer,1,76.15,0.05,39.0
ORD003307,2025-01-21,C00243,East,Store,Home,Storage Box,1,23.97,0.3,9.36
ORD004375,2025-01-21,C00320,East,Online,Fitness,Dumbbells,1,67.37,0.0,39.9
ORD004375,2025-01-21,C00320,East,Online,Fitness,Dumbbells,1,67.12,0.1,39.9
ORD005541,2025-01-21,C00241,South,Online,Electronics,Keyboard,1,66.87,0.1,33.8
ORD005541,2025-01-21,C00241,South,Online,Home,Lamp,2,48.02,0.15,21.12
ORD001224,2025-01-22,C01693,East,Store,Home,Coffee Maker,2,98.56,0.05,52.25
ORD001345,2025-01-22,C00598,North,Online,Home,Storage Box,3,24.75,0.15,9.36
ORD001345,2025-01-22,C00598,North,Online,Fitness,Dumbbells,2,74.9,0.05,39.9
ORD001940,2025-01-22,C00105,North,Online,Electronics,Keyboard,1,67.82,0.1,33.8
ORD001946,2025-01-22,C00617,North,Store,Electronics,Smartwatch,2,207.63,0.2,132.3
ORD002793,2025-01-22,C00042,North,Online,Beauty,Makeup Kit,1,39.09,0.05,14.0
ORD002934,2025-01-22,C00285,North,Marketplace,Electronics,Smartwatch,1,200.18,0.1,132.3
ORD002934,2025-01-22,C00285,North,Marketplace,Beauty,Makeup Kit,1,40.92,0.1,14.0
ORD003918,2025-01-22,C00529,North,Online,Beauty,Skin Care Set,2,48.4,0.0,16.65
ORD003918,2025-01-22,C00529,North,Online,Fitness,Resistance Bands,2,23.47,0.05,7.48
ORD004495,2025-01-22,C01382,East,Store,Home,Storage Box,1,23.18,0.0,9.36
ORD000246,2025-01-23,C00090,South,Store,Home,Coffee Maker,1,97.8,0.0,52.25
ORD000321,2025-01-23,C00003,West,Store,Electronics,Keyboard,2,62.61,0.3,33.8
ORD000823,2025-01-23,C00504,South,Online,Fitness,Dumbbells,1,71.84,0.05,39.9
ORD000823,2025-01-23,C00504,South,Online,Electronics,Headphones,2,80.66,0.1,49.3
ORD001491,2025-01-23,C00247,West,Online,Electronics,Keyboard,1,67.03,0.05,33.8
ORD001923,2025-01-23,C00613,East,Store,Beauty,Makeup Kit,3,38.57,0.1,14.0
ORD001923,2025-01-23,C00613,East,Store,Beauty,Makeup Kit,1,39.85,0.0,14.0
ORD002589,2025-01-23,C01104,East,Online,Electronics,Smartwatch,1,224.73,0.15,132.3
ORD002589,2025-01-23,C01104,East,Online,Beauty,Hair Dryer,2,81.14,0.2,39.0
ORD002619,2025-01-23,C00475,North,Online,Electronics,Smartwatch,2,223.72,0.15,132.3
ORD003281,2025-01-23,C01464,West,Store,Home,Coffee Maker,1,94.37,0.0,52.25
ORD003281,2025-01-23,C01464,West,Store,Electronics,Keyboard,1,62.63,0.05,33.8
ORD004603,2025-01-23,C00675,North,Online,Fitness,Dumbbells,2,72.49,0.1,39.9
ORD005053,2025-01-23,C00545,East,Online,Electronics,Headphones,4,90.94,0.15,49.3
ORD005255,2025-01-23,C00155,East,Marketplace,Fitness,Resistance Bands,2,22.55,0.05,7.48
ORD005565,2025-01-23,C00684,West,Online,Beauty,Hair Dryer,1,73.78,0.1,39.0
ORD005565,2025-01-23,C00684,West,Online,Home,Coffee Maker,1,97.76,0.15,52.25
ORD000195,2025-01-24,C00380,South,Store,Home,Coffee Maker,2,91.46,0.05,52.25
ORD000195,2025-01-24,C00380,South,Store,Fitness,Dumbbells,1,74.18,0.0,39.9
ORD000469,2025-01-24,C01507,East,Online,Home,Coffee Maker,1,95.24,0.2,52.25
ORD000469,2025-01-24,C01507,East,Online,Fitness,Resistance Bands,2,23.02,0.0,7.48
ORD001409,2025-01-24,C00525,North,Online,Home,Coffee Maker,1,96.7,0.1,52.25
ORD001409,2025-01-24,C00525,North,Online,Home,Coffee Maker,1,97.25,0.0,52.25
ORD001533,2025-01-24,C00319,East,Store,Beauty,Skin Care Set,1,42.3,0.1,16.65
ORD001533,2025-01-24,C00319,East,Store,Fitness,Yoga Mat,2,29.73,0.05,12.6
ORD001771,2025-01-24,C01955,North,Marketplace,Beauty,Skin Care Set,1,45.01,0.05,16.65
ORD001976,2025-01-24,C01611,South,Online,Home,Storage Box,1,23.48,0.15,9.36
ORD001976,2025-01-24,C01611,South,Online,Fitness,Yoga Mat,2,29.58,0.1,12.6
ORD002224,2025-01-24,C01408,West,Online,Fitness,Resistance Bands,2,23.09,0.1,7.48
ORD003447,2025-01-24,C01798,North,Marketplace,Electronics,Keyboard,3,68.98,0.0,33.8
ORD004262,2025-01-24,C00053,West,Marketplace,Fitness,Yoga Mat,1,30.25,0.2,12.6
ORD004429,2025-01-24,C00053,North,Online,Home,Lamp,2,46.66,0.1,21.12
ORD004429,2025-01-24,C00053,North,Online,Electronics,Smartwatch,2,205.33,0.0,132.3
ORD004880,2025-01-24,C00046,West,Online,Beauty,Makeup Kit,3,40.71,0.15,14.0
ORD005483,2025-01-24,C00627,East,Store,Beauty,Hair Dryer,1,74.19,0.05,39.0
ORD005483,2025-01-24,C00627,East,Store,Beauty,Makeup Kit,2,39.0,0.05,14.0
ORD000215,2025-01-25,C00375,East,Online,Beauty,Skin Care Set,1,45.89,0.1,16.65
ORD000215,2025-01-25,C00375,East,Online,Home,Storage Box,3,25.6,0.05,9.36
ORD001160,2025-01-25,C00016,North,Store,Electronics,Smartwatch,1,216.47,0.0,132.3
ORD002177,2025-01-25,C00208,North,Online,Home,Coffee Maker,1,90.8,0.2,52.25
ORD002513,2025-01-25,C00089,South,Store,Fitness,Dumbbells,2,73.16,0.1,39.9
ORD002513,2025-01-25,C00089,South,Store,Fitness,Yoga Mat,4,28.66,0.05,12.6
ORD002634,2025-01-25,C00385,North,Store,Fitness,Resistance Bands,2,22.37,0.0,7.48
ORD002634,2025-01-25,C00385,North,Store,Beauty,Hair Dryer,1,75.1,0.0,39.0
ORD003008,2025-01-25,C00558,South,Online,Electronics,Keyboard,1,69.33,0.2,33.8
ORD003008,2025-01-25,C00558,South,Online,Beauty,Skin Care Set,1,44.47,0.15,16.65
ORD003207,2025-01-25,C00534,West,Online,Electronics,Keyboard,2,63.77,0.1,33.8
ORD003207,2025-01-25,C00534,West,Online,Electronics,Headphones,1,87.79,0.0,49.3
ORD003251,2025-01-25,C00521,West,Online,Beauty,Hair Dryer,2,74.17,0.05,39.0
ORD003917,2025-01-25,C00264,West,Online,Electronics,Keyboard,2,68.21,0.15,33.8
ORD004331,2025-01-25,C01491,North,Online,Beauty,Hair Dryer,3,73.82,0.0,39.0
ORD004331,2025-01-25,C01491,North,Online,Beauty,Makeup Kit,2,37.72,0.1,14.0
ORD005473,2025-01-25,C00649,West,Online,Home,Storage Box,2,24.16,0.0,9.36
ORD005962,2025-01-25,C00961,West,Online,Fitness,Yoga Mat,1,31.34,0.2,12.6
ORD000908,2025-01-26,C00118,West,Online,Fitness,Yoga Mat,3,29.09,0.0,12.6
ORD001478,2025-01-26,C00644,South,Online,Beauty,Makeup Kit,2,37.75,0.1,14.0
ORD001478,2025-01-26,C00644,South,Online,Beauty,Makeup Kit,3,38.25,0.0,14.0
ORD001552,2025-01-26,C00231,South,Online,Home,Coffee Maker,1,89.89,0.3,52.25
ORD001781,2025-01-26,C01355,East,Online,Home,Coffee Maker,2,99.53,0.1,52.25
ORD001781,2025-01-26,C01355,East,Online,Fitness,Dumbbells,1,68.38,0.15,39.9
ORD002514,2025-01-26,C00705,North,Online,Fitness,Resistance Bands,2,23.44,0.1,7.48
ORD002514,2025-01-26,C00705,North,Online,Electronics,Headphones,1,86.12,0.0,49.3
ORD002689,2025-01-26,C00497,West,Online,Electronics,Keyboard,1,65.32,0.2,33.8
ORD003077,2025-01-26,C00692,South,Online,Fitness,Yoga Mat,3,30.11,0.1,12.6
ORD003560,2025-01-26,C02115,East,Store,Electronics,Keyboard,4,68.85,0.3,33.8
ORD004507,2025-01-26,C00641,North,Online,Electronics,Keyboard,1,64.56,0.1,33.8
ORD005732,2025-01-26,C00360,North,Online,Fitness,Yoga Mat,4,29.79,0.0,12.6
ORD000793,2025-01-27,C00399,South,Online,Beauty,Makeup Kit,3,42.77,0.05,14.0
ORD000793,2025-01-27,C00399,South,Online,Beauty,Hair Dryer,3,80.41,0.05,39.0
ORD001085,2025-01-27,C01189,South,Online,Home,Lamp,2,51.5,0.1,21.12
ORD001085,2025-01-27,C01189,South,Online,Beauty,Skin Care Set,1,47.83,0.2,16.65
ORD001871,2025-01-27,C01824,North,Online,Home,Coffee Maker,1,93.48,0.15,52.25
ORD001912,2025-01-27,C00044,West,Store,Fitness,Yoga Mat,2,28.41,0.05,12.6
ORD001912,2025-01-27,C00044,West,Store,Beauty,Hair Dryer,2,78.88,0.05,39.0
ORD003407,2025-01-27,C00319,West,Online,Fitness,Resistance Bands,2,21.06,0.1,7.48
ORD003407,2025-01-27,C00319,West,Online,Electronics,Headphones,1,85.46,0.1,49.3
ORD005566,2025-01-27,C00457,South,Marketplace,Home,Lamp,3,46.97,0.1,21.12
ORD005566,2025-01-27,C00457,South,Marketplace,Electronics,Keyboard,1,66.13,0.05,33.8
ORD005997,2025-01-27,C00128,West,Marketplace,Home,Lamp,1,51.18,0.0,21.12
ORD005997,2025-01-27,C00128,West,Marketplace,Beauty,Skin Care Set,1,42.72,0.1,16.65
ORD000290,2025-01-28,C02012,West,Store,Fitness,Resistance Bands,1,22.11,0.0,7.48
ORD000290,2025-01-28,C02012,West,Store,Beauty,Hair Dryer,1,75.71,0.0,39.0
ORD000848,2025-01-28,C01331,West,Marketplace,Home,Lamp,1,47.13,0.15,21.12
ORD000921,2025-01-28,C01346,North,Store,Electronics,Keyboard,1,62.49,0.05,33.8
ORD001095,2025-01-28,C00085,East,Online,Home,Coffee Maker,1,99.41,0.05,52.25
ORD002955,2025-01-28,C00240,North,Online,Beauty,Hair Dryer,3,78.41,0.2,39.0
ORD002955,2025-01-28,C00240,North,Online,Electronics,Smartwatch,1,226.74,0.0,132.3
ORD003261,2025-01-28,C00215,North,Marketplace,Fitness,Resistance Bands,1,20.89,0.05,7.48
ORD003582,2025-01-28,C00429,West,Online,Fitness,Dumbbells,4,68.42,0.0,39.9
ORD004224,2025-01-28,C02061,South,Online,Home,Coffee Maker,2,100.18,0.0,52.25
ORD004224,2025-01-28,C02061,South,Online,Home,Lamp,4,49.98,0.1,21.12
ORD004494,2025-01-28,C00639,West,Online,Fitness,Resistance Bands,1,23.54,0.05,7.48
ORD004494,2025-01-28,C00639,West,Online,Fitness,Yoga Mat,1,32.36,0.0,12.6
ORD004651,2025-01-28,C00597,East,Store,Beauty,Hair Dryer,3,80.32,0.0,39.0
ORD004651,2025-01-28,C00597,East,Store,Electronics,Keyboard,1,67.19,0.05,33.8
ORD005423,2025-01-28,C00529,West,Online,Beauty,Skin Care Set,1,46.37,0.1,16.65
ORD005423,2025-01-28,C00529,West,Online,Electronics,Smartwatch,1,223.05,0.0,132.3
ORD000068,2025-01-29,C01905,East,Store,Home,Coffee Maker,1,90.04,0.1,52.25
ORD000111,2025-01-29,C00412,South,Store,Electronics,Headphones,3,87.4,0.0,49.3
ORD000111,2025-01-29,C00412,South,Store,Electronics,Smartwatch,2,201.96,0.05,132.3
ORD000386,2025-01-29,C00096,South,Marketplace,Beauty,Makeup Kit,1,42.81,0.0,14.0
ORD000386,2025-01-29,C00096,South,Marketplace,Home,Coffee Maker,3,97.85,0.15,52.25
ORD000762,2025-01-29,C01936,North,Store,Fitness,Resistance Bands,3,23.36,0.0,7.48
ORD000762,2025-01-29,C01936,North,Store,Home,Lamp,2,47.39,0.0,21.12
ORD000906,2025-01-29,C01820,North,Online,Fitness,Resistance Bands,1,21.66,0.1,7.48
ORD001269,2025-01-29,C00399,North,Online,Beauty,Skin Care Set,1,44.03,0.2,16.65
ORD001269,2025-01-29,C00399,North,Online,Fitness,Yoga Mat,2,30.51,0.05,12.6
ORD002859,2025-01-29,C00201,North,Online,Home,Lamp,1,45.93,0.0,21.12
ORD002859,2025-01-29,C00201,North,Online,Beauty,Hair Dryer,2,80.89,0.3,39.0
ORD003157,2025-01-29,C00632,East,Store,Home,Lamp,1,46.43,0.05,21.12
ORD003157,2025-01-29,C00632,East,Store,Home,Lamp,1,49.84,0.1,21.12
ORD005168,2025-01-29,C02066,North,Online,Fitness,Dumbbells,3,73.32,0.0,39.9
ORD005168,2025-01-29,C02066,North,Online,Beauty,Makeup Kit,2,40.74,0.2,14.0
ORD005239,2025-01-29,C00412,West,Online,Home,Storage Box,1,24.07,0.0,9.36
ORD005239,2025-01-29,C00412,West,Online,Home,Storage Box,1,24.47,0.1,9.36
ORD000158,2025-01-30,C01901,East,Store,Beauty,Makeup Kit,2,42.78,0.2,14.0
ORD000158,2025-01-30,C01901,East,Store,Fitness,Dumbbells,1,66.16,0.0,39.9
ORD000351,2025-01-30,C00009,South,Online,Fitness,Dumbbells,3,75.36,0.1,39.9
ORD000351,2025-01-30,C00009,South,Online,Beauty,Hair Dryer,1,83.62,0.1,39.0
ORD000785,2025-01-30,C01656,North,Store,Beauty,Hair Dryer,4,79.92,0.1,39.0
ORD000879,2025-01-30,C00504,West,Online,Beauty,Skin Care Set,1,43.72,0.0,16.65
ORD000879,2025-01-30,C00504,West,Online,Beauty,Hair Dryer,1,78.46,0.0,39.0
ORD002062,2025-01-30,C00331,South,Online,Fitness,Dumbbells,2,74.85,0.05,39.9
ORD003225,2025-01-30,C00336,South,Store,Electronics,Keyboard,1,63.95,0.05,33.8
ORD003225,2025-01-30,C00336,South,Store,Electronics,Headphones,1,88.08,0.3,49.3
ORD003536,2025-01-30,C00178,North,Online,Home,Storage Box,1,24.86,0.0,9.36
ORD004101,2025-01-30,C00481,West,Marketplace,Electronics,Smartwatch,1,211.42,0.05,132.3
ORD004101,2025-01-30,C00481,West,Marketplace,Electronics,Keyboard,2,68.01,0.05,33.8
ORD004229,2025-01-30,C00087,West,Online,Fitness,Resistance Bands,3,23.69,0.05,7.48
ORD000037,2025-01-31,C01082,South,Online,Electronics,Headphones,1,83.08,0.1,49.3
ORD000039,2025-01-31,C00153,East,Store,Home,Storage Box,1,24.42,0.0,9.36
ORD001331,2025-01-31,C00752,East,Store,Electronics,Headphones,2,87.85,0.15,49.3
ORD001331,2025-01-31,C00752,East,Store,Fitness,Dumbbells,4,71.52,0.1,39.9
ORD001430,2025-01-31,C01384,West,Store,Beauty,Hair Dryer,1,81.5,0.0,39.0
ORD001430,2025-01-31,C01384,West,Store,Fitness,Dumbbells,3,67.01,0.1,39.9
ORD001811,2025-01-31,C00560,West,Online,Fitness,Dumbbells,2,66.47,0.1,39.9
ORD001811,2025-01-31,C00560,West,Online,Beauty,Makeup Kit,1,41.61,0.0,14.0
ORD002096,2025-01-31,C00008,North,Store,Fitness,Yoga Mat,2,31.24,0.0,12.6
ORD002096,2025-01-31,C00008,North,Store,Fitness,Yoga Mat,1,29.92,0.0,12.6
ORD003421,2025-01-31,C00470,North,Online,Fitness,Yoga Mat,1,29.32,0.0,12.6
ORD003421,2025-01-31,C00470,North,Online,Electronics,Smartwatch,1,208.62,0.0,132.3
ORD004217,2025-01-31,C00114,East,Store,Beauty,Skin Care Set,2,47.14,0.0,16.65
ORD004456,2025-01-31,C01167,North,Store,Electronics,Smartwatch,1,222.38,0.05,132.3
ORD004456,2025-01-31,C01167,North,Store,Fitness,Dumbbells,1,67.18,0.0,39.9
ORD004868,2025-01-31,C00898,South,Marketplace,Beauty,Hair Dryer,1,79.52,0.0,39.0
ORD004868,2025-01-31,C00898,South,Marketplace,Home,Lamp,1,50.1,0.1,21.12
ORD005752,2025-01-31,C00040,South,Store,Fitness,Yoga Mat,1,29.55,0.0,12.6
ORD000584,2025-02-01,C00109,East,Online,Beauty,Makeup Kit,1,38.91,0.1,14.0
ORD000584,2025-02-01,C00109,East,Online,Electronics,Headphones,2,84.97,0.15,49.3
ORD000703,2025-02-01,C00471,East,Online,Home,Lamp,1,46.77,0.05,21.12
ORD000927,2025-02-01,C00506,North,Online,Home,Lamp,2,51.21,0.1,21.12
ORD000927,2025-02-01,C00506,North,Online,Electronics,Headphones,1,86.79,0.0,49.3
ORD001105,2025-02-01,C00109,North,Store,Electronics,Headphones,1,81.54,0.1,49.3
ORD002811,2025-02-01,C00151,West,Online,Home,Lamp,1,49.1,0.05,21.12
ORD002811,2025-02-01,C00151,West,Online,Home,Coffee Maker,2,99.37,0.05,52.25
ORD003100,2025-02-01,C01783,West,Online,Electronics,Smartwatch,1,220.43,0.0,132.3
ORD003484,2025-02-01,C00013,West,Online,Electronics,Headphones,3,80.54,0.3,49.3
ORD003484,2025-02-01,C00013,West,Online,Beauty,Hair Dryer,1,77.82,0.0,39.0
ORD003540,2025-02-01,C01747,East,Store,Beauty,Makeup Kit,1,41.64,0.1,14.0
ORD003540,2025-02-01,C01747,East,Store,Electronics,Headphones,4,87.01,0.0,49.3
ORD005359,2025-02-01,C00022,West,Store,Home,Storage Box,1,25.33,0.1,9.36
ORD000038,2025-02-02,C00181,North,Store,Fitness,Yoga Mat,1,30.04,0.1,12.6
ORD000038,2025-02-02,C00181,North,Store,Beauty,Makeup Kit,3,42.23,0.0,14.0
ORD000818,2025-02-02,C00463,South,Online,Home,Storage Box,4,24.2,0.15,9.36
ORD000970,2025-02-02,C00024,East,Online,Home,Lamp,2,46.08,0.3,21.12
ORD001413,2025-02-02,C00218,West,Store,Beauty,Makeup Kit,1,41.04,0.0,14.0
ORD001413,2025-02-02,C00218,West,Store,Electronics,Smartwatch,2,215.27,0.0,132.3
ORD001657,2025-02-02,C01341,South,Store,Home,Storage Box,2,22.59,0.2,9.36
ORD002306,2025-02-02,C00687,East,Online,Home,Lamp,1,48.12,0.0,21.12
ORD002306,2025-02-02,C00687,East,Online,Fitness,Yoga Mat,3,28.32,0.0,12.6
ORD003104,2025-02-02,C00410,South,Online,Home,Coffee Maker,2,90.55,0.15,52.25
ORD003243,2025-02-02,C00207,North,Online,Beauty,Hair Dryer,3,79.16,0.05,39.0
ORD004323,2025-02-02,C00203,North,Online,Electronics,Headphones,1,89.9,0.1,49.3
ORD004471,2025-02-02,C00110,East,Online,Beauty,Hair Dryer,1,81.54,0.0,39.0
ORD004471,2025-02-02,C00110,East,Online,Home,Lamp,4,48.06,0.0,21.12
ORD000007,2025-02-03,C00274,East,Store,Electronics,Keyboard,2,67.32,0.1,33.8
ORD000029,2025-02-03,C00489,South,Store,Home,Lamp,2,50.88,0.2,21.12
ORD004223,2025-02-03,C00519,South,Online,Electronics,Smartwatch,1,200.73,0.0,132.3
ORD004460,2025-02-03,C00663,South,Online,Fitness,Dumbbells,1,73.38,0.0,39.9
ORD004915,2025-02-03,C00686,East,Online,Beauty,Skin Care Set,1,43.68,0.0,16.65
ORD004915,2025-02-03,C00686,East,Online,Fitness,Dumbbells,2,75.18,0.0,39.9
ORD005290,2025-02-03,C00467,South,Online,Beauty,Makeup Kit,1,42.07,0.05,14.0
ORD005406,2025-02-03,C00034,East,Online,Beauty,Skin Care Set,3,45.34,0.0,16.65
ORD005406,2025-02-03,C00034,East,Online,Beauty,Hair Dryer,2,79.01,0.1,39.0
ORD005408,2025-02-03,C00584,West,Online,Electronics,Keyboard,3,67.08,0.0,33.8
ORD000515,2025-02-04,C00401,South,Online,Home,Lamp,1,51.37,0.0,21.12
ORD000865,2025-02-04,C00249,North,Online,Beauty,Skin Care Set,2,47.02,0.0,16.65
ORD000865,2025-02-04,C00249,North,Online,Electronics,Keyboard,1,67.89,0.15,33.8
ORD000951,2025-02-04,C00269,West,Online,Home,Storage Box,1,24.39,0.1,9.36
ORD000951,2025-02-04,C00269,West,Online,Electronics,Smartwatch,3,207.04,0.2,132.3
ORD001529,2025-02-04,C00308,North,Online,Fitness,Yoga Mat,1,31.71,0.2,12.6
ORD001529,2025-02-04,C00308,North,Online,Electronics,Headphones,4,91.4,0.1,49.3
ORD001543,2025-02-04,C01769,East,Online,Home,Lamp,1,45.41,0.1,21.12
ORD002363,2025-02-04,C00445,East,Marketplace,Electronics,Headphones,2,85.14,0.3,49.3
ORD002506,2025-02-04,C00751,South,Marketplace,Beauty,Hair Dryer,1,81.24,0.1,39.0
ORD003874,2025-02-04,C00365,West,Store,Electronics,Keyboard,3,67.06,0.05,33.8
ORD005070,2025-02-04,C00738,South,Store,Electronics,Smartwatch,2,205.67,0.1,132.3
ORD005070,2025-02-04,C00738,South,Store,Beauty,Makeup Kit,1,37.71,0.1,14.0
ORD005345,2025-02-04,C00104,East,Online,Electronics,Headphones,1,81.15,0.0,49.3
ORD000166,2025-02-05,C01433,South,Store,Beauty,Skin Care Set,1,43.48,0.1,16.65
ORD000166,2025-02-05,C01433,South,Store,Electronics,Smartwatch,2,207.45,0.05,132.3
ORD002376,2025-02-05,C00470,South,Store,Home,Storage Box,2,25.92,0.1,9.36
ORD004283,2025-02-05,C00942,South,Online,Fitness,Yoga Mat,1,31.22,0.0,12.6
ORD004283,2025-02-05,C00942,South,Online,Beauty,Hair Dryer,1,76.14,0.0,39.0
ORD005097,2025-02-05,C00277,South,Store,Beauty,Skin Care Set,1,48.4,0.1,16.65
ORD005097,2025-02-05,C00277,South,Store,Home,Coffee Maker,2,101.44,0.0,52.25
ORD005343,2025-02-05,C00409,West,Marketplace,Fitness,Resistance Bands,2,21.72,0.3,7.48
ORD005343,2025-02-05,C00409,West,Marketplace,Home,Coffee Maker,1,96.25,0.0,52.25
ORD005720,2025-02-05,C01442,South,Online,Beauty,Makeup Kit,1,39.07,0.15,14.0
ORD005942,2025-02-05,C00316,South,Store,Home,Lamp,4,49.94,0.0,21.12
ORD001099,2025-02-06,C00649,West,Online,Beauty,Hair Dryer,3,77.42,0.0,39.0
ORD001099,2025-02-06,C00649,West,Online,Beauty,Makeup Kit,1,38.52,0.0,14.0
ORD001199,2025-02-06,C00313,North,Online,Fitness,Dumbbells,3,75.58,0.2,39.9
ORD001739,2025-02-06,C00321,North,Online,Fitness,Yoga Mat,1,28.91,0.0,12.6
ORD003984,2025-02-06,C00630,North,Marketplace,Beauty,Makeup Kit,4,38.04,0.1,14.0
ORD004012,2025-02-06,C00008,North,Marketplace,Beauty,Makeup Kit,1,38.91,0.05,14.0
ORD004012,2025-02-06,C00008,North,Marketplace,Beauty,Makeup Kit,1,40.51,0.0,14.0
ORD005270,2025-02-06,C00424,West,Online,Beauty,Skin Care Set,2,48.07,0.15,16.65
ORD005270,2025-02-06,C00424,West,Online,Home,Coffee Maker,1,93.58,0.15,52.25
ORD005341,2025-02-06,C02080,South,Online,Fitness,Yoga Mat,1,30.64,0.15,12.6
ORD005341,2025-02-06,C02080,South,Online,Electronics,Keyboard,1,69.51,0.0,33.8
ORD005664,2025-02-06,C00002,North,Store,Electronics,Keyboard,2,67.68,0.05,33.8
ORD000247,2025-02-07,C00066,East,Online,Electronics,Smartwatch,1,205.66,0.0,132.3
ORD000247,2025-02-07,C00066,East,Online,Beauty,Skin Care Set,1,45.19,0.1,16.65
ORD001189,2025-02-07,C01373,North,Online,Beauty,Skin Care Set,1,42.53,0.05,16.65
ORD001220,2025-02-07,C00928,North,Online,Fitness,Dumbbells,3,70.75,0.3,39.9
ORD002143,2025-02-07,C00519,North,Online,Beauty,Makeup Kit,3,39.66,0.1,14.0
ORD002694,2025-02-07,C00199,South,Store,Beauty,Skin Care Set,1,46.36,0.0,16.65
ORD002695,2025-02-07,C00508,North,Online,Beauty,Hair Dryer,3,78.62,0.0,39.0
ORD002695,2025-02-07,C00508,North,Online,Beauty,Skin Care Set,1,47.97,0.1,16.65
ORD003001,2025-02-07,C00553,North,Online,Fitness,Resistance Bands,2,21.93,0.1,7.48
ORD003075,2025-02-07,C01355,North,Store,Electronics,Headphones,2,87.39,0.0,49.3
ORD003165,2025-02-07,C00328,East,Online,Home,Lamp,1,47.01,0.1,21.12
ORD003279,2025-02-07,C01225,East,Online,Home,Coffee Maker,1,98.48,0.05,52.25
ORD003904,2025-02-07,C00344,South,Store,Beauty,Makeup Kit,1,39.16,0.05,14.0
ORD003904,2025-02-07,C00344,South,Store,Home,Coffee Maker,1,98.39,0.15,52.25
ORD004856,2025-02-07,C00517,North,Store,Electronics,Keyboard,1,69.44,0.05,33.8
ORD004856,2025-02-07,C00517,North,Store,Home,Coffee Maker,4,97.05,0.1,52.25
ORD005621,2025-02-07,C00550,North,Marketplace,Electronics,Smartwatch,2,215.04,0.0,132.3
ORD000288,2025-02-08,C00406,South,Store,Fitness,Resistance Bands,1,23.2,0.0,7.48
ORD000288,2025-02-08,C00406,South,Store,Home,Storage Box,2,23.89,0.0,9.36
ORD002117,2025-02-08,C00651,North,Online,Home,Storage Box,2,25.39,0.1,9.36
ORD002117,2025-02-08,C00651,North,Online,Home,Storage Box,1,24.25,0.1,9.36
ORD002263,2025-02-08,C00215,West,Marketplace,Home,Lamp,1,48.89,0.2,21.12
ORD002263,2025-02-08,C00215,West,Marketplace,Electronics,Keyboard,1,61.5,0.0,33.8
ORD002270,2025-02-08,C00677,North,Store,Beauty,Skin Care Set,2,45.31,0.1,16.65
ORD002270,2025-02-08,C00677,North,Store,Beauty,Makeup Kit,2,38.69,0.05,14.0
ORD002366,2025-02-08,C00395,North,Online,Fitness,Dumbbells,3,71.32,0.0,39.9
ORD002671,2025-02-08,C00316,North,Online,Beauty,Hair Dryer,1,81.81,0.05,39.0
ORD002671,2025-02-08,C00316,North,Online,Electronics,Keyboard,1,66.77,0.05,33.8
ORD002759,2025-02-08,C00415,North,Online,Fitness,Dumbbells,1,72.82,0.15,39.9
ORD002981,2025-02-08,C02170,North,Online,Home,Lamp,4,49.61,0.0,21.12
ORD002981,2025-02-08,C02170,North,Online,Home,Coffee Maker,2,95.17,0.0,52.25
ORD002998,2025-02-08,C00399,South,Store,Beauty,Skin Care Set,1,42.98,0.0,16.65
ORD003966,2025-02-08,C00203,North,Online,Fitness,Resistance Bands,3,23.66,0.05,7.48
ORD000096,2025-02-09,C00165,South,Store,Fitness,Dumbbells,2,69.56,0.2,39.9
ORD000724,2025-02-09,C00205,South,Online,Beauty,Makeup Kit,2,38.5,0.05,14.0
ORD002420,2025-02-09,C00684,West,Online,Electronics,Smartwatch,1,209.22,0.0,132.3
ORD002420,2025-02-09,C00684,West,Online,Beauty,Hair Dryer,2,79.77,0.1,39.0
ORD002829,2025-02-09,C00399,North,Online,Home,Storage Box,2,25.41,0.0,9.36
ORD002829,2025-02-09,C00399,North,Online,Beauty,Hair Dryer,1,79.63,0.1,39.0
ORD003062,2025-02-09,C00339,East,Online,Beauty,Makeup Kit,2,40.47,0.3,14.0
ORD004686,2025-02-09,C00504,West,Marketplace,Electronics,Keyboard,1,67.64,0.05,33.8
ORD004686,2025-02-09,C00504,West,Marketplace,Beauty,Hair Dryer,2,80.02,0.05,39.0
ORD005339,2025-02-09,C00617,East,Store,Fitness,Resistance Bands,4,21.07,0.1,7.48
ORD005339,2025-02-09,C00617,East,Store,Electronics,Smartwatch,2,200.11,0.1,132.3
ORD001042,2025-02-10,C00064,East,Online,Beauty,Hair Dryer,3,80.46,0.0,39.0
ORD001042,2025-02-10,C00064,East,Online,Fitness,Dumbbells,1,72.91,0.2,39.9
ORD001266,2025-02-10,C00652,North,Online,Home,Lamp,4,46.77,0.05,21.12
ORD004545,2025-02-10,C01764,South,Online,Electronics,Headphones,1,86.2,0.1,49.3
ORD000649,2025-02-11,C00537,South,Online,Electronics,Keyboard,3,69.31,0.1,33.8
ORD000649,2025-02-11,C00537,South,Online,Home,Lamp,1,51.57,0.1,21.12
ORD001472,2025-02-11,C01347,South,Online,Fitness,Resistance Bands,1,21.05,0.15,7.48
ORD002006,2025-02-11,C00134,South,Store,Beauty,Hair Dryer,1,80.71,0.15,39.0
ORD002006,2025-02-11,C00134,South,Store,Home,Coffee Maker,1,89.33,0.0,52.25
ORD002325,2025-02-11,C01849,East,Marketplace,Home,Lamp,1,51.79,0.0,21.12
ORD002325,2025-02-11,C01849,East,Marketplace,Electronics,Headphones,1,82.01,0.0,49.3
ORD005012,2025-02-11,C00149,South,Store,Home,Storage Box,2,23.79,0.0,9.36
ORD005071,2025-02-11,C00542,East,Online,Fitness,Resistance Bands,1,21.25,0.05,7.48
ORD005071,2025-02-11,C00542,East,Online,Electronics,Keyboard,1,68.62,0.0,33.8
ORD005267,2025-02-11,C00294,West,Store,Electronics,Headphones,2,89.6,0.05,49.3
ORD005414,2025-02-11,C00551,North,Marketplace,Beauty,Makeup Kit,1,41.78,0.0,14.0
ORD002764,2025-02-12,C00586,West,Store,Beauty,Hair Dryer,1,83.0,0.0,39.0
ORD002764,2025-02-12,C00586,West,Store,Home,Coffee Maker,1,94.22,0.0,52.25
ORD003196,2025-02-12,C00155,North,Online,Beauty,Skin Care Set,1,42.98,0.05,16.65
ORD003559,2025-02-12,C01540,North,Marketplace,Home,Storage Box,2,24.78,0.05,9.36
ORD003559,2025-02-12,C01540,North,Marketplace,Electronics,Headphones,1,80.06,0.1,49.3
ORD004140,2025-02-12,C00038,West,Online,Fitness,Resistance Bands,1,21.17,0.1,7.48
ORD004140,2025-02-12,C00038,West,Online,Electronics,Headphones,1,90.63,0.15,49.3
ORD004781,2025-02-12,C00630,West,Online,Beauty,Makeup Kit,1,41.13,0.05,14.0
ORD005415,2025-02-12,C00634,North,Store,Home,Lamp,1,48.11,0.05,21.12
ORD005415,2025-02-12,C00634,North,Store,Electronics,Keyboard,2,68.16,0.0,33.8
ORD005898,2025-02-12,C00554,East,Marketplace,Beauty,Skin Care Set,1,45.71,0.0,16.65
ORD002108,2025-02-13,C01741,North,Store,Home,Lamp,2,51.6,0.0,21.12
ORD002333,2025-02-13,C00297,South,Online,Electronics,Smartwatch,1,216.29,0.05,132.3
ORD003308,2025-02-13,C01994,West,Online,Fitness,Dumbbells,3,71.06,0.05,39.9
ORD003308,2025-02-13,C01994,West,Online,Beauty,Skin Care Set,1,46.88,0.05,16.65
ORD004019,2025-02-13,C00780,South,Store,Home,Lamp,1,48.0,0.3,21.12
ORD005085,2025-02-13,C00324,East,Online,Home,Storage Box,2,24.27,0.2,9.36
ORD005085,2025-02-13,C00324,East,Online,Beauty,Makeup Kit,2,38.94,0.15,14.0
ORD005807,2025-02-13,C00590,East,Online,Electronics,Smartwatch,2,224.38,0.3,132.3
ORD005878,2025-02-13,C00648,West,Online,Fitness,Dumbbells,1,71.65,0.1,39.9
ORD001265,2025-02-14,C00415,South,Online,Home,Coffee Maker,1,99.45,0.0,52.25
ORD001265,2025-02-14,C00415,South,Online,Beauty,Makeup Kit,1,38.44,0.1,14.0
ORD001588,2025-02-14,C01117,South,Online,Beauty,Hair Dryer,2,74.97,0.0,39.0
ORD002226,2025-02-14,C00655,North,Online,Electronics,Keyboard,1,64.01,0.1,33.8
ORD003886,2025-02-14,C00271,North,Online,Fitness,Dumbbells,1,69.97,0.15,39.9
ORD003886,2025-02-14,C00271,North,Online,Electronics,Headphones,2,87.45,0.2,49.3
ORD004441,2025-02-14,C00667,East,Store,Beauty,Skin Care Set,1,47.65,0.05,16.65
ORD005151,2025-02-14,C00598,East,Marketplace,Home,Coffee Maker,1,94.95,0.0,52.25
ORD005151,2025-02-14,C00598,East,Marketplace,Home,Coffee Maker,2,98.46,0.15,52.25
ORD005344,2025-02-14,C00645,West,Store,Fitness,Yoga Mat,2,31.1,0.1,12.6
ORD000660,2025-02-15,C00360,South,Store,Fitness,Resistance Bands,1,23.44,0.1,7.48
ORD000660,2025-02-15,C00360,South,Store,Home,Coffee Maker,1,96.95,0.0,52.25
ORD001786,2025-02-15,C00272,West,Marketplace,Electronics,Smartwatch,1,217.37,0.05,132.3
ORD001786,2025-02-15,C00272,West,Marketplace,Beauty,Skin Care Set,3,47.38,0.05,16.65
ORD001806,2025-02-15,C02053,North,Online,Fitness,Dumbbells,1,70.96,0.05,39.9
ORD001806,2025-02-15,C02053,North,Online,Home,Storage Box,1,24.42,0.1,9.36
ORD002846,2025-02-15,C00628,East,Online,Home,Coffee Maker,1,91.57,0.0,52.25
ORD002846,2025-02-15,C00628,East,Online,Beauty,Hair Dryer,4,74.73,0.15,39.0
ORD003759,2025-02-15,C00685,East,Marketplace,Electronics,Headphones,1,81.94,0.0,49.3
ORD004534,2025-02-15,C00027,East,Store,Electronics,Smartwatch,1,203.42,0.05,132.3
ORD004534,2025-02-15,C00027,East,Store,Home,Lamp,3,51.09,0.1,21.12
ORD005526,2025-02-15,C00621,East,Marketplace,Electronics,Headphones,1,80.43,0.1,49.3
ORD005526,2025-02-15,C00621,East,Marketplace,Beauty,Hair Dryer,1,76.46,0.1,39.0
ORD000010,2025-02-16,C00659,South,Online,Home,Coffee Maker,2,95.11,0.05,52.25
ORD000010,2025-02-16,C00659,South,Online,Fitness,Dumbbells,1,72.66,0.1,39.9
ORD000524,2025-02-16,C02135,South,Marketplace,Electronics,Headphones,1,81.37,0.1,49.3
ORD001651,2025-02-16,C00019,South,Online,Home,Storage Box,3,25.81,0.1,9.36
ORD002600,2025-02-16,C00130,South,Store,Home,Lamp,2,49.7,0.3,21.12
ORD003491,2025-02-16,C01275,East,Store,Home,Storage Box,3,23.95,0.1,9.36
ORD003491,2025-02-16,C01275,East,Store,Fitness,Yoga Mat,2,29.57,0.1,12.6
ORD003498,2025-02-16,C00602,East,Online,Fitness,Resistance Bands,2,21.98,0.05,7.48
ORD003498,2025-02-16,C00602,East,Online,Beauty,Skin Care Set,2,43.73,0.15,16.65
ORD003521,2025-02-16,C00549,West,Online,Fitness,Resistance Bands,4,22.52,0.1,7.48
ORD004420,2025-02-16,C02007,East,Online,Electronics,Smartwatch,1,211.1,0.1,132.3
ORD004420,2025-02-16,C02007,East,Online,Beauty,Hair Dryer,2,75.28,0.05,39.0
ORD005081,2025-02-16,C00990,South,Marketplace,Beauty,Hair Dryer,2,83.32,0.1,39.0
ORD005826,2025-02-16,C00029,South,Store,Electronics,Keyboard,1,67.71,0.15,33.8
ORD001256,2025-02-17,C00088,South,Marketplace,Beauty,Makeup Kit,2,38.82,0.0,14.0
ORD001256,2025-02-17,C00088,South,Marketplace,Beauty,Skin Care Set,1,47.13,0.0,16.65
ORD001561,2025-02-17,C00574,South,Store,Fitness,Resistance Bands,1,21.03,0.15,7.48
ORD001561,2025-02-17,C00574,South,Store,Home,Lamp,1,47.21,0.1,21.12
ORD002348,2025-02-17,C00597,North,Online,Electronics,Smartwatch,1,219.83,0.0,132.3
ORD002348,2025-02-17,C00597,North,Online,Fitness,Yoga Mat,2,31.15,0.15,12.6
ORD002476,2025-02-17,C01142,East,Online,Fitness,Resistance Bands,3,20.8,0.2,7.48
ORD002476,2025-02-17,C01142,East,Online,Electronics,Keyboard,1,66.33,0.0,33.8
ORD003051,2025-02-17,C00546,South,Store,Fitness,Dumbbells,3,73.23,0.05,39.9
ORD003051,2025-02-17,C00546,South,Store,Electronics,Keyboard,2,67.94,0.05,33.8
ORD004385,2025-02-17,C00339,West,Store,Fitness,Resistance Bands,1,22.17,0.05,7.48
ORD004385,2025-02-17,C00339,West,Store,Electronics,Headphones,3,86.53,0.1,49.3
ORD000484,2025-02-18,C00309,East,Online,Beauty,Hair Dryer,3,75.52,0.05,39.0
ORD000484,2025-02-18,C00309,East,Online,Electronics,Smartwatch,3,197.93,0.0,132.3
ORD000891,2025-02-18,C01480,South,Online,Beauty,Hair Dryer,4,82.96,0.0,39.0
ORD000891,2025-02-18,C01480,South,Online,Electronics,Smartwatch,1,210.29,0.15,132.3
ORD001205,2025-02-18,C00525,West,Marketplace,Fitness,Yoga Mat,1,29.08,0.0,12.6
ORD001482,2025-02-18,C00383,North,Online,Beauty,Hair Dryer,1,79.1,0.05,39.0
ORD001793,2025-02-18,C00788,West,Marketplace,Beauty,Skin Care Set,2,43.77,0.0,16.65
ORD001936,2025-02-18,C00493,North,Online,Fitness,Resistance Bands,1,20.85,0.05,7.48
ORD001936,2025-02-18,C00493,North,Online,Home,Coffee Maker,1,100.69,0.15,52.25
ORD002211,2025-02-18,C00450,South,Store,Home,Coffee Maker,1,99.02,0.15,52.25
ORD002211,2025-02-18,C00450,South,Store,Home,Storage Box,1,24.89,0.1,9.36
ORD002243,2025-02-18,C00378,East,Online,Fitness,Resistance Bands,1,22.58,0.0,7.48
ORD003481,2025-02-18,C00333,North,Online,Beauty,Makeup Kit,3,42.6,0.0,14.0
ORD003481,2025-02-18,C00333,North,Online,Beauty,Skin Care Set,1,45.32,0.0,16.65
ORD005504,2025-02-18,C01428,North,Online,Home,Coffee Maker,1,102.28,0.2,52.25
ORD000328,2025-02-19,C00608,North,Store,Electronics,Headphones,3,83.84,0.1,49.3
ORD000328,2025-02-19,C00608,North,Store,Electronics,Smartwatch,2,208.37,0.1,132.3
ORD000355,2025-02-19,C00238,West,Online,Fitness,Resistance Bands,3,22.05,0.3,7.48
ORD000355,2025-02-19,C00238,West,Online,Electronics,Keyboard,1,66.67,0.0,33.8
ORD000901,2025-02-19,C00334,North,Store,Beauty,Hair Dryer,2,75.69,0.0,39.0
ORD000901,2025-02-19,C00334,North,Store,Beauty,Hair Dryer,1,79.16,0.05,39.0
ORD001511,2025-02-19,C01359,North,Online,Home,Storage Box,1,23.14,0.0,9.36
ORD001511,2025-02-19,C01359,North,Online,Beauty,Makeup Kit,1,40.15,0.1,14.0
ORD002013,2025-02-19,C00254,West,Online,Fitness,Resistance Bands,3,21.94,0.1,7.48
ORD002697,2025-02-19,C00216,South,Online,Home,Storage Box,2,24.0,0.15,9.36
ORD004907,2025-02-19,C00235,East,Online,Electronics,Keyboard,1,66.78,0.0,33.8
ORD000284,2025-02-20,C00096,East,Store,Beauty,Skin Care Set,1,42.91,0.0,16.65
ORD000284,2025-02-20,C00096,East,Store,Beauty,Skin Care Set,1,45.66,0.1,16.65
ORD000717,2025-02-20,C00179,East,Online,Home,Coffee Maker,4,97.42,0.05,52.25
ORD000717,2025-02-20,C00179,East,Online,Electronics,Keyboard,4,61.9,0.15,33.8
ORD001944,2025-02-20,C01840,West,Store,Beauty,Makeup Kit,1,42.4,0.0,14.0
ORD001944,2025-02-20,C01840,West,Store,Home,Storage Box,3,25.59,0.0,9.36
ORD002347,2025-02-20,C01526,East,Store,Beauty,Makeup Kit,1,37.99,0.05,14.0
ORD002347,2025-02-20,C01526,East,Store,Beauty,Hair Dryer,2,78.2,0.15,39.0
ORD003711,2025-02-20,C02030,West,Online,Electronics,Keyboard,1,69.37,0.05,33.8
ORD004607,2025-02-20,C00116,East,Marketplace,Fitness,Resistance Bands,1,22.39,0.3,7.48
ORD004607,2025-02-20,C00116,East,Marketplace,Home,Storage Box,2,25.23,0.2,9.36
ORD005058,2025-02-20,C00161,South,Store,Fitness,Yoga Mat,1,32.13,0.1,12.6
ORD005594,2025-02-20,C00926,West,Online,Fitness,Resistance Bands,2,22.18,0.0,7.48
ORD005594,2025-02-20,C00926,West,Online,Home,Coffee Maker,2,99.14,0.3,52.25
ORD005610,2025-02-20,C00258,South,Store,Electronics,Headphones,2,89.17,0.15,49.3
ORD000270,2025-02-21,C02195,West,Online,Beauty,Skin Care Set,1,42.35,0.0,16.65
ORD000777,2025-02-21,C02167,North,Online,Fitness,Yoga Mat,2,28.44,0.2,12.6
ORD000777,2025-02-21,C02167,North,Online,Electronics,Keyboard,1,64.53,0.0,33.8
ORD001164,2025-02-21,C00529,South,Online,Fitness,Resistance Bands,1,23.51,0.0,7.48
ORD001164,2025-02-21,C00529,South,Online,Beauty,Makeup Kit,1,39.34,0.05,14.0
ORD003677,2025-02-21,C00055,South,Marketplace,Electronics,Headphones,1,88.47,0.05,49.3
ORD003677,2025-02-21,C00055,South,Marketplace,Electronics,Headphones,1,90.85,0.05,49.3
ORD003920,2025-02-21,C00140,West,Online,Beauty,Hair Dryer,1,75.98,0.0,39.0
ORD003920,2025-02-21,C00140,West,Online,Home,Lamp,1,50.64,0.1,21.12
ORD003931,2025-02-21,C00518,West,Online,Electronics,Headphones,4,79.91,0.1,49.3
ORD004556,2025-02-21,C02036,West,Online,Fitness,Yoga Mat,1,31.61,0.0,12.6
ORD004738,2025-02-21,C00499,North,Online,Fitness,Resistance Bands,2,22.72,0.15,7.48
ORD004738,2025-02-21,C00499,North,Online,Electronics,Smartwatch,2,218.42,0.0,132.3
ORD005460,2025-02-21,C00453,South,Online,Electronics,Keyboard,1,63.17,0.0,33.8
ORD005460,2025-02-21,C00453,South,Online,Electronics,Headphones,1,86.66,0.0,49.3
ORD001236,2025-02-22,C00275,South,Online,Home,Storage Box,1,24.15,0.1,9.36
ORD001236,2025-02-22,C00275,South,Online,Fitness,Dumbbells,1,67.92,0.0,39.9
ORD001760,2025-02-22,C00139,North,Online,Home,Lamp,4,45.61,0.15,21.12
ORD001760,2025-02-22,C00139,North,Online,Fitness,Dumbbells,2,65.85,0.15,39.9
ORD001889,2025-02-22,C01036,West,Online,Electronics,Smartwatch,1,220.08,0.1,132.3
ORD001889,2025-02-22,C01036,West,Online,Fitness,Dumbbells,1,67.49,0.0,39.9
ORD003049,2025-02-22,C00298,North,Online,Beauty,Hair Dryer,1,77.5,0.05,39.0
ORD003432,2025-02-22,C00004,South,Marketplace,Fitness,Yoga Mat,1,28.66,0.0,12.6
ORD003432,2025-02-22,C00004,South,Marketplace,Electronics,Smartwatch,1,203.0,0.1,132.3
ORD004096,2025-02-22,C00959,East,Online,Home,Lamp,1,46.47,0.05,21.12
ORD004188,2025-02-22,C00570,South,Online,Fitness,Yoga Mat,3,32.39,0.05,12.6
ORD004235,2025-02-22,C00698,East,Online,Home,Coffee Maker,2,96.45,0.05,52.25
ORD004839,2025-02-22,C00389,North,Online,Fitness,Yoga Mat,1,30.78,0.15,12.6
ORD004839,2025-02-22,C00389,North,Online,Beauty,Skin Care Set,1,43.65,0.1,16.65
ORD005426,2025-02-22,C00643,East,Store,Home,Storage Box,1,22.76,0.1,9.36
ORD001249,2025-02-23,C00356,South,Marketplace,Beauty,Makeup Kit,1,38.0,0.0,14.0
ORD001249,2025-02-23,C00356,South,Marketplace,Home,Coffee Maker,2,100.91,0.2,52.25
ORD002281,2025-02-23,C00193,North,Online,Fitness,Yoga Mat,1,31.26,0.0,12.6
ORD002281,2025-02-23,C00193,North,Online,Home,Lamp,2,48.14,0.0,21.12
ORD003723,2025-02-23,C01104,North,Online,Beauty,Skin Care Set,1,42.32,0.05,16.65
ORD003899,2025-02-23,C00367,South,Marketplace,Home,Coffee Maker,2,89.92,0.1,52.25
ORD003899,2025-02-23,C00367,South,Marketplace,Electronics,Smartwatch,1,210.97,0.05,132.3
ORD005184,2025-02-23,C00037,West,Online,Electronics,Keyboard,1,68.34,0.2,33.8
ORD005184,2025-02-23,C00037,West,Online,Electronics,Headphones,4,90.53,0.0,49.3
ORD005314,2025-02-23,C01340,South,Online,Home,Storage Box,1,24.42,0.05,9.36
ORD005314,2025-02-23,C01340,South,Online,Beauty,Skin Care Set,1,47.4,0.1,16.65
ORD005652,2025-02-23,C00589,South,Store,Home,Coffee Maker,1,96.31,0.0,52.25
ORD001021,2025-02-24,C01631,East,Online,Home,Storage Box,1,23.19,0.0,9.36
ORD001021,2025-02-24,C01631,East,Online,Electronics,Keyboard,2,64.04,0.05,33.8
ORD001406,2025-02-24,C00632,South,Online,Beauty,Makeup Kit,2,40.79,0.05,14.0
ORD001623,2025-02-24,C00526,South,Online,Electronics,Smartwatch,2,198.74,0.0,132.3
ORD002471,2025-02-24,C00415,West,Store,Beauty,Hair Dryer,1,81.9,0.05,39.0
ORD002815,2025-02-24,C00700,West,Store,Home,Lamp,1,50.36,0.0,21.12
ORD004587,2025-02-24,C00689,North,Store,Beauty,Hair Dryer,1,78.78,0.05,39.0
ORD004735,2025-02-24,C01278,South,Online,Home,Lamp,1,47.14,0.1,21.12
ORD004735,2025-02-24,C01278,South,Online,Electronics,Smartwatch,3,203.95,0.15,132.3
ORD004791,2025-02-24,C00712,East,Online,Beauty,Skin Care Set,2,45.64,0.05,16.65
ORD005721,2025-02-24,C00250,South,Online,Electronics,Smartwatch,2,225.2,0.1,132.3
ORD001996,2025-02-25,C00951,North,Online,Electronics,Smartwatch,1,199.97,0.15,132.3
ORD001996,2025-02-25,C00951,North,Online,Electronics,Headphones,1,87.48,0.0,49.3
ORD002612,2025-02-25,C00671,South,Online,Beauty,Skin Care Set,1,46.18,0.0,16.65
ORD004598,2025-02-25,C00258,West,Online,Electronics,Keyboard,1,63.84,0.0,33.8
ORD004680,2025-02-25,C00683,West,Online,Home,Lamp,4,49.34,0.0,21.12
ORD004680,2025-02-25,C00683,West,Online,Fitness,Resistance Bands,4,21.54,0.15,7.48
ORD000204,2025-02-26,C00227,West,Online,Fitness,Yoga Mat,3,28.73,0.0,12.6
ORD000204,2025-02-26,C00227,West,Online,Home,Storage Box,1,25.52,0.2,9.36
ORD000317,2025-02-26,C00300,South,Online,Electronics,Headphones,1,84.76,0.2,49.3
ORD000545,2025-02-26,C00221,West,Online,Electronics,Smartwatch,1,201.58,0.1,132.3
ORD000545,2025-02-26,C00221,West,Online,Fitness,Resistance Bands,2,21.2,0.05,7.48
ORD000967,2025-02-26,C01920,East,Online,Electronics,Smartwatch,3,222.37,0.15,132.3
ORD000967,2025-02-26,C01920,East,Online,Beauty,Makeup Kit,1,39.03,0.05,14.0
ORD001705,2025-02-26,C00604,West,Store,Electronics,Keyboard,1,65.7,0.05,33.8
ORD001705,2025-02-26,C00604,West,Store,Electronics,Smartwatch,2,218.55,0.0,132.3
ORD003391,2025-02-26,C01980,East,Online,Home,Storage Box,1,25.37,0.0,9.36
ORD003391,2025-02-26,C01980,East,Online,Home,Lamp,1,46.62,0.0,21.12
ORD003627,2025-02-26,C00469,South,Store,Fitness,Dumbbells,1,74.02,0.0,39.9
ORD004829,2025-02-26,C00992,East,Store,Electronics,Smartwatch,3,200.02,0.05,132.3
ORD005638,2025-02-26,C00492,North,Online,Home,Storage Box,3,24.31,0.05,9.36
ORD000332,2025-02-27,C01813,West,Online,Electronics,Headphones,2,81.1,0.1,49.3
ORD000792,2025-02-27,C00571,East,Store,Home,Storage Box,3,23.08,0.05,9.36
ORD001470,2025-02-27,C00596,South,Marketplace,Beauty,Makeup Kit,2,42.23,0.0,14.0
ORD002008,2025-02-27,C00890,West,Store,Home,Lamp,1,51.49,0.0,21.12
ORD002644,2025-02-27,C01322,West,Store,Fitness,Dumbbells,1,69.66,0.0,39.9
ORD002644,2025-02-27,C01322,West,Store,Electronics,Keyboard,3,68.42,0.05,33.8
ORD003091,2025-02-27,C00149,South,Store,Beauty,Hair Dryer,1,77.9,0.05,39.0
ORD003091,2025-02-27,C00149,South,Store,Home,Coffee Maker,3,91.37,0.0,52.25
ORD003193,2025-02-27,C02006,South,Online,Beauty,Skin Care Set,3,43.23,0.15,16.65
ORD003193,2025-02-27,C02006,South,Online,Beauty,Hair Dryer,1,82.03,0.05,39.0
ORD003435,2025-02-27,C00608,North,Online,Fitness,Resistance Bands,1,22.29,0.1,7.48
ORD004054,2025-02-27,C00034,West,Online,Fitness,Dumbbells,1,71.37,0.1,39.9
ORD004054,2025-02-27,C00034,West,Online,Beauty,Hair Dryer,1,83.71,0.15,39.0
ORD005049,2025-02-27,C00532,West,Store,Home,Coffee Maker,1,100.43,0.1,52.25
ORD005562,2025-02-27,C02068,North,Marketplace,Fitness,Dumbbells,2,68.51,0.15,39.9
ORD000389,2025-02-28,C00090,South,Store,Beauty,Skin Care Set,1,45.41,0.0,16.65
ORD001481,2025-02-28,C01124,North,Store,Home,Coffee Maker,4,91.08,0.1,52.25
ORD001628,2025-02-28,C00289,North,Marketplace,Electronics,Keyboard,1,68.82,0.2,33.8
ORD002813,2025-02-28,C00190,North,Online,Beauty,Hair Dryer,2,80.36,0.0,39.0
ORD002813,2025-02-28,C00190,North,Online,Beauty,Makeup Kit,1,40.19,0.15,14.0
ORD003188,2025-02-28,C01354,North,Store,Home,Coffee Maker,3,92.54,0.0,52.25
ORD004436,2025-02-28,C00537,North,Online,Beauty,Skin Care Set,2,44.98,0.1,16.65
ORD004436,2025-02-28,C00537,North,Online,Fitness,Yoga Mat,4,28.92,0.1,12.6
ORD004764,2025-02-28,C00193,North,Online,Home,Coffee Maker,3,94.77,0.1,52.25
ORD004764,2025-02-28,C00193,North,Online,Beauty,Makeup Kit,1,41.79,0.2,14.0
ORD005939,2025-02-28,C00172,South,Store,Beauty,Makeup Kit,1,39.19,0.3,14.0
ORD001084,2025-03-01,C01732,South,Online,Electronics,Smartwatch,1,201.15,0.2,132.3
ORD001084,2025-03-01,C01732,South,Online,Home,Coffee Maker,1,96.86,0.15,52.25
ORD001190,2025-03-01,C00632,East,Store,Beauty,Skin Care Set,1,47.77,0.2,16.65
ORD001190,2025-03-01,C00632,East,Store,Beauty,Makeup Kit,1,38.7,0.0,14.0
ORD002179,2025-03-01,C00505,North,Online,Home,Lamp,1,45.38,0.05,21.12
ORD002482,2025-03-01,C00379,South,Store,Home,Lamp,1,51.1,0.0,21.12
ORD002482,2025-03-01,C00379,South,Store,Beauty,Skin Care Set,1,44.36,0.2,16.65
ORD003911,2025-03-01,C01310,East,Store,Home,Storage Box,1,24.32,0.0,9.36
ORD003911,2025-03-01,C01310,East,Store,Fitness,Yoga Mat,2,31.9,0.05,12.6
ORD004787,2025-03-01,C00546,North,Online,Home,Lamp,2,45.82,0.1,21.12
ORD004787,2025-03-01,C00546,North,Online,Home,Lamp,2,50.25,0.0,21.12
ORD005105,2025-03-01,C00571,East,Online,Fitness,Yoga Mat,1,31.33,0.1,12.6
ORD005105,2025-03-01,C00571,East,Online,Fitness,Yoga Mat,3,30.25,0.05,12.6
ORD005731,2025-03-01,C00171,South,Online,Electronics,Keyboard,1,69.35,0.1,33.8
ORD005731,2025-03-01,C00171,South,Online,Fitness,Dumbbells,2,69.58,0.05,39.9
ORD001286,2025-03-02,C00244,North,Online,Fitness,Dumbbells,1,70.11,0.2,39.9
ORD001838,2025-03-02,C00217,East,Online,Fitness,Resistance Bands,4,23.36,0.0,7.48
ORD002150,2025-03-02,C00301,South,Store,Electronics,Smartwatch,1,223.02,0.05,132.3
ORD002176,2025-03-02,C00747,South,Online,Fitness,Yoga Mat,1,28.83,0.0,12.6
ORD002182,2025-03-02,C00486,North,Online,Electronics,Headphones,1,86.22,0.05,49.3
ORD002470,2025-03-02,C00038,North,Online,Electronics,Smartwatch,3,199.16,0.2,132.3
ORD002470,2025-03-02,C00038,North,Online,Electronics,Headphones,1,80.59,0.15,49.3
ORD004268,2025-03-02,C00182,North,Marketplace,Beauty,Makeup Kit,2,40.05,0.1,14.0
ORD004930,2025-03-02,C00638,East,Marketplace,Electronics,Smartwatch,2,201.36,0.05,132.3
ORD005007,2025-03-02,C01291,East,Store,Fitness,Resistance Bands,2,21.93,0.2,7.48
ORD005108,2025-03-02,C00101,West,Marketplace,Fitness,Yoga Mat,2,32.25,0.15,12.6
ORD005108,2025-03-02,C00101,West,Marketplace,Beauty,Skin Care Set,1,48.15,0.15,16.65
ORD000650,2025-03-03,C00535,North,Online,Electronics,Keyboard,1,66.3,0.15,33.8
ORD000650,2025-03-03,C00535,North,Online,Electronics,Smartwatch,1,213.87,0.05,132.3
ORD002148,2025-03-03,C00145,East,Online,Electronics,Smartwatch,1,201.52,0.0,132.3
ORD002678,2025-03-03,C00427,South,Marketplace,Beauty,Skin Care Set,1,42.74,0.0,16.65
ORD002678,2025-03-03,C00427,South,Marketplace,Fitness,Resistance Bands,1,23.07,0.1,7.48
ORD005109,2025-03-03,C01319,North,Store,Fitness,Yoga Mat,1,29.06,0.05,12.6
ORD001235,2025-03-04,C01091,North,Online,Fitness,Yoga Mat,1,29.91,0.15,12.6
ORD001235,2025-03-04,C01091,North,Online,Beauty,Hair Dryer,1,75.08,0.05,39.0
ORD001787,2025-03-04,C01368,West,Online,Home,Storage Box,1,24.88,0.15,9.36
ORD002572,2025-03-04,C00041,West,Store,Electronics,Smartwatch,3,217.88,0.1,132.3
ORD003905,2025-03-04,C00601,South,Online,Beauty,Skin Care Set,1,44.97,0.0,16.65
ORD003905,2025-03-04,C00601,South,Online,Fitness,Dumbbells,1,70.9,0.1,39.9
ORD005957,2025-03-04,C00420,West,Online,Electronics,Smartwatch,1,210.29,0.0,132.3
ORD000289,2025-03-05,C00823,South,Online,Beauty,Hair Dryer,1,81.54,0.0,39.0
ORD003030,2025-03-05,C00672,West,Online,Home,Lamp,2,47.75,0.0,21.12
ORD003650,2025-03-05,C02016,North,Online,Home,Storage Box,1,23.37,0.0,9.36
ORD004171,2025-03-05,C00407,West,Online,Electronics,Keyboard,2,62.88,0.05,33.8
ORD004225,2025-03-05,C00225,East,Store,Home,Lamp,1,46.93,0.0,21.12
ORD004225,2025-03-05,C00225,East,Store,Electronics,Headphones,3,81.72,0.05,49.3
ORD004434,2025-03-05,C00297,North,Store,Fitness,Yoga Mat,1,31.08,0.0,12.6
ORD005126,2025-03-05,C00574,East,Online,Electronics,Keyboard,1,68.21,0.3,33.8
ORD005857,2025-03-05,C00499,North,Store,Electronics,Headphones,3,85.19,0.2,49.3
ORD005857,2025-03-05,C00499,North,Store,Beauty,Skin Care Set,2,44.7,0.1,16.65
ORD000556,2025-03-06,C00356,South,Online,Electronics,Smartwatch,3,200.16,0.0,132.3
ORD000556,2025-03-06,C00356,South,Online,Beauty,Hair Dryer,3,81.49,0.0,39.0
ORD000652,2025-03-06,C00860,South,Online,Fitness,Dumbbells,2,74.5,0.0,39.9
ORD000888,2025-03-06,C00453,East,Store,Fitness,Dumbbells,2,74.77,0.05,39.9
ORD000888,2025-03-06,C00453,East,Store,Electronics,Headphones,1,84.55,0.1,49.3
ORD001079,2025-03-06,C00313,South,Online,Electronics,Keyboard,2,66.11,0.0,33.8
ORD001079,2025-03-06,C00313,South,Online,Home,Lamp,1,45.52,0.0,21.12
ORD002511,2025-03-06,C00309,West,Online,Fitness,Resistance Bands,3,21.08,0.15,7.48
ORD002666,2025-03-06,C00610,South,Store,Fitness,Resistance Bands,1,22.64,0.3,7.48
ORD002666,2025-03-06,C00610,South,Store,Beauty,Skin Care Set,2,45.44,0.0,16.65
ORD003369,2025-03-06,C00233,East,Online,Fitness,Dumbbells,1,70.69,0.0,39.9
ORD003369,2025-03-06,C00233,East,Online,Fitness,Resistance Bands,1,21.61,0.05,7.48
ORD005756,2025-03-06,C00582,West,Online,Fitness,Yoga Mat,1,30.09,0.05,12.6
ORD005756,2025-03-06,C00582,West,Online,Fitness,Resistance Bands,1,23.23,0.2,7.48
ORD000123,2025-03-07,C00391,West,Marketplace,Electronics,Keyboard,2,67.0,0.0,33.8
ORD000123,2025-03-07,C00391,West,Marketplace,Electronics,Keyboard,2,63.98,0.15,33.8
ORD000566,2025-03-07,C01815,North,Marketplace,Home,Storage Box,1,25.48,0.1,9.36
ORD000566,2025-03-07,C01815,North,Marketplace,Electronics,Keyboard,1,66.16,0.1,33.8
ORD003285,2025-03-07,C00157,East,Store,Fitness,Yoga Mat,1,32.18,0.15,12.6
ORD003285,2025-03-07,C00157,East,Store,Home,Storage Box,1,24.67,0.0,9.36
ORD003390,2025-03-07,C01886,North,Online,Electronics,Keyboard,2,64.89,0.05,33.8
ORD003593,2025-03-07,C00098,West,Online,Fitness,Dumbbells,1,69.59,0.0,39.9
ORD003863,2025-03-07,C00526,East,Online,Electronics,Headphones,1,80.08,0.15,49.3
ORD003863,2025-03-07,C00526,East,Online,Home,Coffee Maker,3,94.53,0.0,52.25
ORD005771,2025-03-07,C00496,South,Online,Beauty,Hair Dryer,1,80.67,0.0,39.0
ORD005772,2025-03-07,C00496,North,Marketplace,Electronics,Smartwatch,2,222.31,0.3,132.3
ORD005772,2025-03-07,C00496,North,Marketplace,Home,Lamp,2,48.36,0.0,21.12
ORD005821,2025-03-07,C00487,North,Marketplace,Fitness,Resistance Bands,1,21.67,0.0,7.48
ORD005821,2025-03-07,C00487,North,Marketplace,Electronics,Keyboard,1,68.73,0.05,33.8
ORD001350,2025-03-08,C00453,South,Online,Electronics,Smartwatch,2,216.52,0.05,132.3
ORD001350,2025-03-08,C00453,South,Online,Home,Storage Box,2,23.42,0.1,9.36
ORD001548,2025-03-08,C00272,West,Online,Fitness,Resistance Bands,1,21.82,0.15,7.48
ORD002149,2025-03-08,C01083,East,Online,Home,Lamp,1,49.4,0.15,21.12
ORD002549,2025-03-08,C00453,North,Online,Electronics,Keyboard,1,66.65,0.05,33.8
ORD002549,2025-03-08,C00453,North,Online,Fitness,Resistance Bands,1,20.83,0.15,7.48
ORD003014,2025-03-08,C01945,North,Online,Beauty,Hair Dryer,1,74.3,0.15,39.0
ORD003924,2025-03-08,C00221,West,Online,Fitness,Resistance Bands,1,23.6,0.1,7.48
ORD003961,2025-03-08,C00070,South,Store,Fitness,Resistance Bands,3,21.72,0.1,7.48
ORD003961,2025-03-08,C00070,South,Store,Fitness,Dumbbells,1,71.71,0.15,39.9
ORD004834,2025-03-08,C00369,North,Marketplace,Home,Lamp,1,48.32,0.1,21.12
ORD004834,2025-03-08,C00369,North,Marketplace,Beauty,Hair Dryer,3,77.0,0.0,39.0
ORD005646,2025-03-08,C00883,South,Store,Home,Coffee Maker,1,97.97,0.1,52.25
ORD005646,2025-03-08,C00883,South,Store,Electronics,Headphones,1,83.08,0.05,49.3
ORD001360,2025-03-09,C00440,North,Marketplace,Fitness,Resistance Bands,1,22.92,0.0,7.48
ORD001612,2025-03-09,C00811,North,Online,Home,Coffee Maker,3,90.75,0.0,52.25
ORD002910,2025-03-09,C00680,South,Store,Beauty,Skin Care Set,1,47.26,0.05,16.65
ORD003009,2025-03-09,C01871,East,Online,Home,Storage Box,2,24.66,0.15,9.36
ORD004266,2025-03-09,C00615,North,Marketplace,Fitness,Dumbbells,2,68.55,0.0,39.9
ORD004266,2025-03-09,C00615,North,Marketplace,Fitness,Resistance Bands,4,23.33,0.05,7.48
ORD004937,2025-03-09,C00338,South,Online,Beauty,Makeup Kit,2,39.72,0.1,14.0
ORD005169,2025-03-09,C00385,South,Store,Home,Lamp,2,50.4,0.05,21.12
ORD005172,2025-03-09,C00008,North,Online,Home,Lamp,2,49.69,0.0,21.12
ORD005180,2025-03-09,C00413,North,Online,Home,Storage Box,2,24.94,0.0,9.36
ORD005932,2025-03-09,C00574,North,Online,Electronics,Smartwatch,1,207.28,0.0,132.3
ORD001316,2025-03-10,C00587,North,Store,Fitness,Resistance Bands,1,21.25,0.3,7.48
ORD001316,2025-03-10,C00587,North,Store,Fitness,Resistance Bands,2,22.03,0.2,7.48
ORD001403,2025-03-10,C01947,North,Store,Fitness,Dumbbells,2,72.83,0.05,39.9
ORD001699,2025-03-10,C01530,East,Online,Beauty,Skin Care Set,1,46.57,0.1,16.65
ORD001699,2025-03-10,C01530,East,Online,Beauty,Makeup Kit,2,41.2,0.1,14.0
ORD003509,2025-03-10,C00086,South,Store,Beauty,Hair Dryer,2,83.75,0.0,39.0
ORD003509,2025-03-10,C00086,South,Store,Beauty,Skin Care Set,1,44.92,0.1,16.65
ORD003666,2025-03-10,C00519,North,Online,Beauty,Skin Care Set,3,44.3,0.0,16.65
ORD003666,2025-03-10,C00519,North,Online,Home,Storage Box,2,24.72,0.0,9.36
ORD004894,2025-03-10,C00073,West,Online,Beauty,Makeup Kit,1,40.0,0.0,14.0
ORD004948,2025-03-10,C00681,East,Online,Home,Lamp,1,50.88,0.2,21.12
ORD004948,2025-03-10,C00681,East,Online,Beauty,Hair Dryer,1,82.75,0.05,39.0
ORD005025,2025-03-10,C01113,West,Online,Home,Storage Box,1,25.58,0.05,9.36
ORD005025,2025-03-10,C01113,West,Online,Fitness,Dumbbells,1,73.93,0.05,39.9
ORD000778,2025-03-11,C00517,West,Online,Home,Storage Box,1,25.91,0.1,9.36
ORD000992,2025-03-11,C00259,North,Marketplace,Home,Coffee Maker,1,97.03,0.0,52.25
ORD001027,2025-03-11,C00440,South,Store,Fitness,Resistance Bands,4,21.87,0.15,7.48
ORD001027,2025-03-11,C00440,South,Store,Fitness,Dumbbells,1,67.3,0.05,39.9
ORD001349,2025-03-11,C00419,North,Store,Fitness,Dumbbells,1,75.57,0.0,39.9
ORD001505,2025-03-11,C00008,South,Online,Electronics,Smartwatch,1,202.0,0.05,132.3
ORD001505,2025-03-11,C00008,South,Online,Fitness,Yoga Mat,2,30.29,0.05,12.6
ORD003532,2025-03-11,C00482,North,Store,Beauty,Makeup Kit,1,42.43,0.1,14.0
ORD003532,2025-03-11,C00482,North,Store,Beauty,Makeup Kit,1,41.91,0.1,14.0
ORD003858,2025-03-11,C00234,North,Online,Electronics,Keyboard,3,66.17,0.0,33.8
ORD003858,2025-03-11,C00234,North,Online,Electronics,Headphones,1,82.77,0.15,49.3
ORD000058,2025-03-12,C00653,North,Store,Beauty,Makeup Kit,1,41.15,0.0,14.0
ORD000058,2025-03-12,C00653,North,Store,Beauty,Skin Care Set,1,43.18,0.1,16.65
ORD000085,2025-03-12,C00645,East,Online,Fitness,Yoga Mat,1,31.82,0.3,12.6
ORD000085,2025-03-12,C00645,East,Online,Electronics,Keyboard,1,66.69,0.1,33.8
ORD000424,2025-03-12,C00649,South,Store,Electronics,Headphones,1,90.32,0.1,49.3
ORD001402,2025-03-12,C01102,North,Store,Fitness,Yoga Mat,2,31.77,0.05,12.6
ORD001402,2025-03-12,C01102,North,Store,Electronics,Headphones,1,88.21,0.05,49.3
ORD003422,2025-03-12,C00136,South,Store,Beauty,Makeup Kit,1,42.94,0.0,14.0
ORD003873,2025-03-12,C00844,West,Online,Fitness,Resistance Bands,1,20.81,0.1,7.48
ORD003873,2025-03-12,C00844,West,Online,Beauty,Hair Dryer,1,75.29,0.1,39.0
ORD000301,2025-03-13,C00474,North,Online,Home,Lamp,1,49.46,0.1,21.12
ORD000301,2025-03-13,C00474,North,Online,Beauty,Hair Dryer,1,83.04,0.0,39.0
ORD000369,2025-03-13,C00020,West,Store,Fitness,Resistance Bands,3,22.12,0.05,7.48
ORD000369,2025-03-13,C00020,West,Store,Beauty,Hair Dryer,1,78.51,0.2,39.0
ORD000886,2025-03-13,C00130,East,Online,Home,Lamp,1,50.63,0.05,21.12
ORD001267,2025-03-13,C00821,South,Online,Electronics,Keyboard,1,68.66,0.05,33.8
ORD001424,2025-03-13,C01057,North,Store,Beauty,Hair Dryer,2,80.5,0.0,39.0
ORD001424,2025-03-13,C01057,North,Store,Fitness,Yoga Mat,3,30.78,0.0,12.6
ORD001723,2025-03-13,C00596,West,Online,Electronics,Keyboard,1,62.12,0.0,33.8
ORD002450,2025-03-13,C01115,North,Online,Fitness,Resistance Bands,3,21.35,0.3,7.48
ORD004087,2025-03-13,C00013,East,Online,Fitness,Resistance Bands,1,21.82,0.0,7.48
ORD004087,2025-03-13,C00013,East,Online,Beauty,Hair Dryer,1,78.7,0.15,39.0
ORD005218,2025-03-13,C00055,North,Marketplace,Fitness,Yoga Mat,2,28.6,0.0,12.6
ORD005218,2025-03-13,C00055,North,Marketplace,Beauty,Makeup Kit,2,40.31,0.05,14.0
ORD005418,2025-03-13,C00683,West,Store,Fitness,Yoga Mat,2,31.7,0.1,12.6
ORD000533,2025-03-14,C00010,East,Online,Fitness,Yoga Mat,1,32.1,0.05,12.6
ORD000533,2025-03-14,C00010,East,Online,Fitness,Yoga Mat,1,30.43,0.05,12.6
ORD002632,2025-03-14,C00066,West,Online,Home,Storage Box,1,23.79,0.05,9.36
ORD002632,2025-03-14,C00066,West,Online,Fitness,Dumbbells,2,67.48,0.05,39.9
ORD003078,2025-03-14,C00508,North,Online,Fitness,Resistance Bands,1,22.74,0.0,7.48
ORD003365,2025-03-14,C00449,East,Marketplace,Electronics,Headphones,4,89.3,0.05,49.3
ORD003642,2025-03-14,C00526,North,Online,Fitness,Yoga Mat,2,32.2,0.0,12.6
ORD003642,2025-03-14,C00526,North,Online,Electronics,Headphones,4,89.32,0.2,49.3
ORD004147,2025-03-14,C00246,East,Store,Electronics,Smartwatch,3,202.63,0.15,132.3
ORD004176,2025-03-14,C01452,East,Online,Beauty,Makeup Kit,1,38.22,0.05,14.0
ORD004176,2025-03-14,C01452,East,Online,Electronics,Headphones,1,86.21,0.05,49.3
ORD001993,2025-03-15,C01146,East,Online,Beauty,Hair Dryer,1,80.72,0.15,39.0
ORD001993,2025-03-15,C01146,East,Online,Fitness,Dumbbells,1,68.31,0.15,39.9
ORD002285,2025-03-15,C01844,West,Marketplace,Electronics,Smartwatch,3,225.62,0.15,132.3
ORD002285,2025-03-15,C01844,West,Marketplace,Beauty,Hair Dryer,3,77.13,0.05,39.0
ORD002861,2025-03-15,C00393,South,Online,Beauty,Hair Dryer,2,73.7,0.05,39.0
ORD002928,2025-03-15,C01350,North,Online,Fitness,Yoga Mat,3,29.49,0.15,12.6
ORD003007,2025-03-15,C00129,West,Online,Fitness,Resistance Bands,2,20.75,0.0,7.48
ORD003335,2025-03-15,C00345,West,Marketplace,Beauty,Makeup Kit,2,39.38,0.0,14.0
ORD003574,2025-03-15,C00792,South,Online,Electronics,Smartwatch,1,216.11,0.05,132.3
ORD005983,2025-03-15,C01813,South,Online,Beauty,Skin Care Set,1,44.5,0.0,16.65
ORD005983,2025-03-15,C01813,South,Online,Home,Lamp,1,47.86,0.05,21.12
ORD006000,2025-03-15,C00180,West,Marketplace,Beauty,Skin Care Set,3,44.19,0.0,16.65
ORD006000,2025-03-15,C00180,West,Marketplace,Beauty,Hair Dryer,1,83.03,0.05,39.0
ORD001015,2025-03-16,C00036,West,Online,Electronics,Keyboard,1,62.69,0.1,33.8
ORD001253,2025-03-16,C00202,South,Marketplace,Fitness,Yoga Mat,3,29.0,0.0,12.6
ORD001253,2025-03-16,C00202,South,Marketplace,Fitness,Yoga Mat,1,28.63,0.15,12.6
ORD002166,2025-03-16,C00304,North,Marketplace,Fitness,Resistance Bands,1,23.7,0.0,7.48
ORD002166,2025-03-16,C00304,North,Marketplace,Home,Storage Box,1,23.72,0.15,9.36
ORD002221,2025-03-16,C01604,West,Store,Home,Coffee Maker,2,95.83,0.0,52.25
ORD002377,2025-03-16,C00547,North,Online,Electronics,Smartwatch,2,204.81,0.0,132.3
ORD002377,2025-03-16,C00547,North,Online,Electronics,Keyboard,4,65.75,0.0,33.8
ORD002423,2025-03-16,C00125,North,Online,Electronics,Headphones,3,79.97,0.0,49.3
ORD003548,2025-03-16,C00059,West,Store,Fitness,Resistance Bands,2,22.35,0.3,7.48
ORD003548,2025-03-16,C00059,West,Store,Home,Storage Box,1,25.37,0.1,9.36
ORD004837,2025-03-16,C01452,North,Online,Home,Coffee Maker,1,102.27,0.0,52.25
ORD005143,2025-03-16,C00020,North,Store,Fitness,Resistance Bands,1,20.71,0.1,7.48
ORD005143,2025-03-16,C00020,North,Store,Electronics,Smartwatch,3,217.06,0.15,132.3
ORD000079,2025-03-17,C00361,East,Online,Fitness,Yoga Mat,1,29.74,0.0,12.6
ORD000191,2025-03-17,C00683,East,Online,Electronics,Keyboard,3,62.36,0.15,33.8
ORD000532,2025-03-17,C00226,East,Online,Fitness,Resistance Bands,2,21.3,0.2,7.48
ORD000725,2025-03-17,C00594,North,Store,Home,Storage Box,2,24.54,0.05,9.36
ORD001300,2025-03-17,C00088,South,Online,Fitness,Dumbbells,1,70.74,0.05,39.9
ORD001580,2025-03-17,C00107,South,Online,Beauty,Hair Dryer,1,81.21,0.05,39.0
ORD001859,2025-03-17,C01808,East,Online,Home,Lamp,1,50.29,0.05,21.12
ORD001859,2025-03-17,C01808,East,Online,Electronics,Smartwatch,1,204.89,0.0,132.3
ORD004993,2025-03-17,C00336,West,Online,Beauty,Skin Care Set,2,48.45,0.2,16.65
ORD004993,2025-03-17,C00336,West,Online,Electronics,Keyboard,2,70.06,0.0,33.8
ORD005065,2025-03-17,C01612,East,Marketplace,Beauty,Skin Care Set,3,47.29,0.15,16.65
ORD005569,2025-03-17,C01018,North,Store,Beauty,Hair Dryer,1,80.24,0.0,39.0
ORD005569,2025-03-17,C01018,North,Store,Home,Storage Box,2,25.11,0.0,9.36
ORD005890,2025-03-17,C00122,West,Store,Electronics,Keyboard,1,62.69,0.05,33.8
ORD005890,2025-03-17,C00122,West,Store,Fitness,Yoga Mat,2,28.23,0.0,12.6
ORD000917,2025-03-18,C00494,North,Online,Beauty,Hair Dryer,1,77.48,0.15,39.0
ORD000917,2025-03-18,C00494,North,Online,Home,Coffee Maker,1,97.28,0.15,52.25
ORD002320,2025-03-18,C00424,West,Online,Beauty,Makeup Kit,1,43.12,0.15,14.0
ORD002675,2025-03-18,C00131,North,Online,Beauty,Hair Dryer,1,78.0,0.1,39.0
ORD004443,2025-03-18,C00178,East,Store,Electronics,Headphones,1,81.67,0.05,49.3
ORD004443,2025-03-18,C00178,East,Store,Home,Storage Box,2,23.03,0.1,9.36
ORD005046,2025-03-18,C00149,East,Online,Fitness,Dumbbells,2,73.16,0.15,39.9
ORD005115,2025-03-18,C02095,North,Online,Beauty,Makeup Kit,1,43.18,0.05,14.0
ORD005115,2025-03-18,C02095,North,Online,Beauty,Hair Dryer,1,78.95,0.15,39.0
ORD005368,2025-03-18,C00120,East,Marketplace,Fitness,Dumbbells,1,70.46,0.2,39.9
ORD005368,2025-03-18,C00120,East,Marketplace,Electronics,Keyboard,1,67.09,0.15,33.8
ORD000025,2025-03-19,C00144,South,Online,Home,Lamp,1,45.71,0.05,21.12
ORD000268,2025-03-19,C00948,North,Online,Home,Coffee Maker,1,93.15,0.05,52.25
ORD000268,2025-03-19,C00948,North,Online,Electronics,Keyboard,1,66.43,0.1,33.8
ORD001046,2025-03-19,C01960,East,Online,Fitness,Dumbbells,1,68.54,0.2,39.9
ORD001046,2025-03-19,C01960,East,Online,Electronics,Smartwatch,3,200.85,0.0,132.3
ORD002171,2025-03-19,C00082,South,Online,Home,Coffee Maker,1,91.72,0.0,52.25
ORD002171,2025-03-19,C00082,South,Online,Electronics,Keyboard,2,67.73,0.0,33.8
ORD002369,2025-03-19,C01225,South,Online,Electronics,Keyboard,1,67.17,0.15,33.8
ORD002369,2025-03-19,C01225,South,Online,Home,Coffee Maker,1,91.13,0.05,52.25
ORD002610,2025-03-19,C01832,North,Online,Fitness,Yoga Mat,1,30.18,0.1,12.6
ORD002610,2025-03-19,C01832,North,Online,Electronics,Headphones,2,80.11,0.15,49.3
ORD002901,2025-03-19,C00688,North,Store,Electronics,Headphones,1,82.48,0.2,49.3
ORD002901,2025-03-19,C00688,North,Store,Beauty,Skin Care Set,1,43.62,0.0,16.65
ORD003073,2025-03-19,C00020,South,Online,Home,Coffee Maker,1,91.99,0.0,52.25
ORD003073,2025-03-19,C00020,South,Online,Home,Storage Box,3,25.15,0.0,9.36
ORD003349,2025-03-19,C00856,North,Online,Fitness,Yoga Mat,1,28.3,0.1,12.6
ORD003355,2025-03-19,C00609,West,Store,Fitness,Dumbbells,1,74.1,0.1,39.9
ORD003505,2025-03-19,C02098,North,Store,Fitness,Dumbbells,1,70.26,0.3,39.9
ORD003558,2025-03-19,C00357,East,Marketplace,Home,Lamp,1,45.7,0.15,21.12
ORD003558,2025-03-19,C00357,East,Marketplace,Home,Storage Box,1,23.65,0.1,9.36
ORD003831,2025-03-19,C02029,East,Marketplace,Electronics,Smartwatch,1,226.22,0.15,132.3
ORD004439,2025-03-19,C00205,West,Marketplace,Electronics,Keyboard,2,66.37,0.0,33.8
ORD004439,2025-03-19,C00205,West,Marketplace,Home,Coffee Maker,1,92.44,0.1,52.25
ORD005448,2025-03-19,C01580,North,Online,Electronics,Smartwatch,1,201.36,0.1,132.3
ORD005448,2025-03-19,C01580,North,Online,Fitness,Dumbbells,1,70.66,0.0,39.9
ORD000877,2025-03-20,C00646,North,Online,Fitness,Yoga Mat,1,30.69,0.1,12.6
ORD000926,2025-03-20,C00857,North,Marketplace,Beauty,Skin Care Set,2,46.77,0.15,16.65
ORD001330,2025-03-20,C00186,North,Marketplace,Beauty,Hair Dryer,2,76.67,0.1,39.0
ORD001330,2025-03-20,C00186,North,Marketplace,Beauty,Hair Dryer,1,76.95,0.1,39.0
ORD001585,2025-03-20,C00064,North,Online,Electronics,Smartwatch,3,202.82,0.0,132.3
ORD001585,2025-03-20,C00064,North,Online,Home,Coffee Maker,1,97.0,0.15,52.25
ORD002068,2025-03-20,C00290,West,Marketplace,Fitness,Resistance Bands,1,22.8,0.05,7.48
ORD002068,2025-03-20,C00290,West,Marketplace,Home,Lamp,1,50.27,0.05,21.12
ORD003159,2025-03-20,C01109,North,Marketplace,Electronics,Headphones,2,89.16,0.1,49.3
ORD003159,2025-03-20,C01109,North,Marketplace,Home,Storage Box,3,24.52,0.0,9.36
ORD003720,2025-03-20,C00281,South,Store,Fitness,Yoga Mat,1,30.78,0.05,12.6
ORD003720,2025-03-20,C00281,South,Store,Beauty,Skin Care Set,1,43.83,0.0,16.65
ORD004483,2025-03-20,C01819,South,Online,Electronics,Smartwatch,3,208.0,0.05,132.3
ORD004483,2025-03-20,C01819,South,Online,Home,Lamp,3,50.24,0.1,21.12
ORD004722,2025-03-20,C00326,South,Online,Beauty,Skin Care Set,4,45.35,0.15,16.65
ORD004749,2025-03-20,C00518,East,Online,Beauty,Skin Care Set,1,46.92,0.1,16.65
ORD005808,2025-03-20,C00002,North,Store,Beauty,Skin Care Set,1,44.05,0.0,16.65
ORD005808,2025-03-20,C00002,North,Store,Home,Coffee Maker,1,100.29,0.15,52.25
ORD001310,2025-03-21,C00066,South,Online,Fitness,Resistance Bands,1,21.58,0.15,7.48
ORD002669,2025-03-21,C00255,North,Online,Fitness,Dumbbells,2,68.43,0.05,39.9
ORD003327,2025-03-21,C00213,West,Online,Electronics,Keyboard,1,69.99,0.05,33.8
ORD003327,2025-03-21,C00213,West,Online,Beauty,Hair Dryer,1,79.48,0.05,39.0
ORD003657,2025-03-21,C02182,West,Online,Electronics,Smartwatch,2,219.21,0.0,132.3
ORD003657,2025-03-21,C02182,West,Online,Home,Lamp,2,50.96,0.1,21.12
ORD003733,2025-03-21,C00544,North,Online,Electronics,Keyboard,1,64.76,0.0,33.8
ORD003733,2025-03-21,C00544,North,Online,Beauty,Skin Care Set,1,44.65,0.3,16.65
ORD004212,2025-03-21,C00496,West,Marketplace,Home,Lamp,2,51.47,0.0,21.12
ORD004212,2025-03-21,C00496,West,Marketplace,Fitness,Resistance Bands,4,22.11,0.1,7.48
ORD005356,2025-03-21,C00062,South,Store,Electronics,Keyboard,1,64.69,0.1,33.8
ORD005356,2025-03-21,C00062,South,Store,Beauty,Makeup Kit,2,38.23,0.15,14.0
ORD000702,2025-03-22,C00648,West,Store,Fitness,Dumbbells,1,73.51,0.15,39.9
ORD001822,2025-03-22,C00233,West,Marketplace,Beauty,Makeup Kit,3,40.11,0.15,14.0
ORD002360,2025-03-22,C00443,North,Online,Beauty,Skin Care Set,2,47.72,0.15,16.65
ORD002360,2025-03-22,C00443,North,Online,Home,Coffee Maker,2,94.64,0.3,52.25
ORD002380,2025-03-22,C00548,West,Online,Electronics,Headphones,1,91.53,0.0,49.3
ORD004590,2025-03-22,C01498,East,Online,Electronics,Smartwatch,1,212.67,0.05,132.3
ORD004590,2025-03-22,C01498,East,Online,Home,Lamp,2,49.39,0.0,21.12
ORD004891,2025-03-22,C00198,East,Store,Fitness,Dumbbells,1,74.26,0.0,39.9
ORD004891,2025-03-22,C00198,East,Store,Electronics,Headphones,1,88.11,0.1,49.3
ORD005555,2025-03-22,C00278,North,Online,Electronics,Keyboard,1,69.3,0.05,33.8
ORD000597,2025-03-23,C00586,East,Online,Fitness,Yoga Mat,2,31.53,0.05,12.6
ORD000597,2025-03-23,C00586,East,Online,Beauty,Makeup Kit,2,42.6,0.0,14.0
ORD003414,2025-03-23,C00333,South,Store,Electronics,Keyboard,4,68.25,0.2,33.8
ORD003414,2025-03-23,C00333,South,Store,Home,Coffee Maker,2,89.92,0.0,52.25
ORD003786,2025-03-23,C00596,West,Online,Fitness,Resistance Bands,1,20.78,0.15,7.48
ORD003786,2025-03-23,C00596,West,Online,Electronics,Headphones,3,80.68,0.0,49.3
ORD004180,2025-03-23,C01378,East,Online,Home,Coffee Maker,1,97.99,0.05,52.25
ORD004180,2025-03-23,C01378,East,Online,Electronics,Headphones,3,84.54,0.2,49.3
ORD004394,2025-03-23,C00667,South,Online,Home,Coffee Maker,2,102.21,0.0,52.25
ORD004394,2025-03-23,C00667,South,Online,Electronics,Smartwatch,3,209.53,0.0,132.3
ORD002301,2025-03-24,C00056,West,Online,Fitness,Yoga Mat,2,32.33,0.0,12.6
ORD002303,2025-03-24,C00694,West,Marketplace,Beauty,Skin Care Set,1,44.14,0.2,16.65
ORD003338,2025-03-24,C01631,East,Store,Fitness,Yoga Mat,1,29.03,0.05,12.6
ORD003934,2025-03-24,C00934,North,Store,Fitness,Resistance Bands,1,23.33,0.0,7.48
ORD003934,2025-03-24,C00934,North,Store,Fitness,Dumbbells,2,74.22,0.0,39.9
ORD005530,2025-03-24,C00042,East,Online,Home,Lamp,2,48.11,0.0,21.12
ORD005680,2025-03-24,C00248,North,Online,Home,Lamp,1,48.08,0.3,21.12
ORD005979,2025-03-24,C00080,West,Marketplace,Home,Coffee Maker,1,100.4,0.05,52.25
ORD005990,2025-03-24,C00156,South,Online,Fitness,Yoga Mat,1,32.33,0.2,12.6
ORD005040,2025-03-25,C00224,West,Store,Home,Coffee Maker,3,95.71,0.1,52.25
ORD005060,2025-03-25,C00353,West,Online,Home,Lamp,1,50.36,0.0,21.12
ORD005060,2025-03-25,C00353,West,Online,Electronics,Smartwatch,2,224.13,0.2,132.3
ORD005101,2025-03-25,C00020,South,Online,Fitness,Resistance Bands,2,21.32,0.15,7.48
ORD005101,2025-03-25,C00020,South,Online,Fitness,Resistance Bands,1,22.45,0.05,7.48
ORD005686,2025-03-25,C00294,West,Online,Electronics,Smartwatch,1,226.58,0.1,132.3
ORD000947,2025-03-26,C00229,East,Online,Home,Lamp,2,50.48,0.05,21.12
ORD000947,2025-03-26,C00229,East,Online,Fitness,Dumbbells,2,67.15,0.05,39.9
ORD001531,2025-03-26,C01602,East,Online,Fitness,Yoga Mat,1,29.81,0.0,12.6
ORD001573,2025-03-26,C00700,West,Store,Home,Storage Box,1,22.65,0.1,9.36
ORD001573,2025-03-26,C00700,West,Store,Home,Coffee Maker,1,98.97,0.0,52.25
ORD001821,2025-03-26,C00399,West,Online,Beauty,Skin Care Set,3,45.54,0.0,16.65
ORD001821,2025-03-26,C00399,West,Online,Beauty,Makeup Kit,1,41.02,0.1,14.0
ORD003791,2025-03-26,C00694,South,Online,Beauty,Skin Care Set,1,45.86,0.1,16.65
ORD003791,2025-03-26,C00694,South,Online,Fitness,Dumbbells,2,68.25,0.0,39.9
ORD005119,2025-03-26,C00360,North,Online,Beauty,Makeup Kit,1,42.87,0.05,14.0
ORD005119,2025-03-26,C00360,North,Online,Electronics,Smartwatch,1,199.68,0.0,132.3
ORD005953,2025-03-26,C00625,East,Online,Beauty,Hair Dryer,1,75.48,0.2,39.0
ORD000866,2025-03-27,C00426,West,Store,Fitness,Yoga Mat,1,30.67,0.05,12.6
ORD001129,2025-03-27,C00461,South,Marketplace,Home,Lamp,1,46.77,0.2,21.12
ORD001129,2025-03-27,C00461,South,Marketplace,Fitness,Resistance Bands,2,21.95,0.0,7.48
ORD001414,2025-03-27,C00547,South,Online,Fitness,Dumbbells,1,66.38,0.1,39.9
ORD001414,2025-03-27,C00547,South,Online,Beauty,Makeup Kit,1,39.96,0.05,14.0
ORD001550,2025-03-27,C00574,East,Online,Electronics,Headphones,2,82.26,0.0,49.3
ORD001550,2025-03-27,C00574,East,Online,Beauty,Hair Dryer,1,81.18,0.0,39.0
ORD002173,2025-03-27,C00103,South,Online,Beauty,Skin Care Set,1,47.75,0.1,16.65
ORD002173,2025-03-27,C00103,South,Online,Electronics,Headphones,2,81.42,0.0,49.3
ORD004871,2025-03-27,C00105,East,Online,Electronics,Headphones,1,85.48,0.0,49.3
ORD000767,2025-03-28,C00309,North,Store,Fitness,Yoga Mat,4,28.91,0.05,12.6
ORD001243,2025-03-28,C00342,West,Store,Beauty,Skin Care Set,1,48.48,0.0,16.65
ORD002440,2025-03-28,C00015,East,Online,Fitness,Dumbbells,3,75.18,0.05,39.9
ORD002451,2025-03-28,C00565,East,Online,Beauty,Makeup Kit,1,38.28,0.1,14.0
ORD002773,2025-03-28,C00479,East,Online,Fitness,Resistance Bands,1,21.65,0.0,7.48
ORD002773,2025-03-28,C00479,East,Online,Fitness,Dumbbells,1,70.9,0.05,39.9
ORD005918,2025-03-28,C00601,North,Online,Beauty,Hair Dryer,1,77.69,0.0,39.0
ORD005918,2025-03-28,C00601,North,Online,Fitness,Resistance Bands,3,21.94,0.0,7.48
ORD001962,2025-03-29,C00344,East,Online,Electronics,Keyboard,1,63.99,0.0,33.8
ORD001962,2025-03-29,C00344,East,Online,Home,Coffee Maker,1,102.44,0.0,52.25
ORD002495,2025-03-29,C00466,North,Online,Home,Coffee Maker,1,89.43,0.0,52.25
ORD002663,2025-03-29,C00553,North,Marketplace,Electronics,Keyboard,4,63.81,0.1,33.8
ORD003510,2025-03-29,C00915,West,Online,Beauty,Hair Dryer,2,77.33,0.1,39.0
ORD003709,2025-03-29,C00354,East,Online,Beauty,Hair Dryer,1,73.45,0.1,39.0
ORD003709,2025-03-29,C00354,East,Online,Home,Coffee Maker,2,95.3,0.0,52.25
ORD003721,2025-03-29,C00109,South,Online,Home,Coffee Maker,1,98.45,0.05,52.25
ORD004629,2025-03-29,C00075,North,Online,Home,Coffee Maker,1,89.37,0.1,52.25
ORD005521,2025-03-29,C02186,North,Marketplace,Fitness,Yoga Mat,1,32.09,0.1,12.6
ORD005521,2025-03-29,C02186,North,Marketplace,Electronics,Keyboard,1,65.85,0.3,33.8
ORD005542,2025-03-29,C00403,West,Store,Fitness,Yoga Mat,3,28.35,0.0,12.6
ORD005547,2025-03-29,C00546,West,Online,Beauty,Hair Dryer,1,76.99,0.15,39.0
ORD005547,2025-03-29,C00546,West,Online,Electronics,Headphones,3,91.42,0.0,49.3
ORD005849,2025-03-29,C00928,North,Marketplace,Home,Storage Box,1,25.86,0.05,9.36
ORD005950,2025-03-29,C00138,South,Online,Home,Coffee Maker,1,96.22,0.1,52.25
ORD000044,2025-03-30,C00933,North,Store,Beauty,Hair Dryer,3,76.12,0.0,39.0
ORD000044,2025-03-30,C00933,North,Store,Electronics,Smartwatch,1,202.24,0.05,132.3
ORD000086,2025-03-30,C00925,West,Online,Beauty,Hair Dryer,3,74.24,0.15,39.0
ORD000086,2025-03-30,C00925,West,Online,Beauty,Hair Dryer,4,74.82,0.05,39.0
ORD001647,2025-03-30,C01138,North,Online,Beauty,Hair Dryer,2,83.13,0.05,39.0
ORD001647,2025-03-30,C01138,North,Online,Home,Storage Box,2,24.35,0.2,9.36
ORD002563,2025-03-30,C00989,West,Online,Home,Lamp,1,46.31,0.05,21.12
ORD002563,2025-03-30,C00989,West,Online,Beauty,Makeup Kit,1,39.85,0.15,14.0
ORD004454,2025-03-30,C00035,East,Store,Electronics,Keyboard,1,62.49,0.05,33.8
ORD004454,2025-03-30,C00035,East,Store,Fitness,Dumbbells,1,70.04,0.05,39.9
ORD005895,2025-03-30,C00112,West,Store,Fitness,Resistance Bands,2,20.96,0.3,7.48
ORD000387,2025-03-31,C00104,South,Marketplace,Beauty,Makeup Kit,3,41.04,0.05,14.0
ORD000387,2025-03-31,C00104,South,Marketplace,Fitness,Dumbbells,2,74.7,0.0,39.9
ORD000705,2025-03-31,C00195,North,Online,Home,Storage Box,2,24.01,0.05,9.36
ORD001231,2025-03-31,C00113,North,Marketplace,Home,Storage Box,1,25.22,0.0,9.36
ORD001231,2025-03-31,C00113,North,Marketplace,Beauty,Hair Dryer,1,76.47,0.0,39.0
ORD001426,2025-03-31,C00097,East,Online,Fitness,Resistance Bands,2,21.19,0.0,7.48
ORD001426,2025-03-31,C00097,East,Online,Fitness,Resistance Bands,1,23.0,0.1,7.48
ORD001468,2025-03-31,C00234,North,Store,Beauty,Hair Dryer,1,79.67,0.0,39.0
ORD001468,2025-03-31,C00234,North,Store,Electronics,Smartwatch,1,213.7,0.15,132.3
ORD004498,2025-03-31,C01028,South,Store,Home,Lamp,1,46.31,0.1,21.12
ORD004498,2025-03-31,C01028,South,Store,Electronics,Headphones,1,90.92,0.1,49.3
ORD005234,2025-03-31,C00332,West,Store,Beauty,Hair Dryer,1,82.89,0.05,39.0
ORD005404,2025-03-31,C00474,West,Online,Electronics,Keyboard,3,61.51,0.0,33.8
ORD005486,2025-03-31,C00081,East,Store,Electronics,Smartwatch,1,207.38,0.3,132.3
ORD005486,2025-03-31,C00081,East,Store,Home,Lamp,1,47.68,0.3,21.12
ORD005831,2025-03-31,C00356,West,Online,Home,Storage Box,1,23.39,0.05,9.36
ORD005831,2025-03-31,C00356,West,Online,Electronics,Smartwatch,1,198.08,0.1,132.3
ORD000775,2025-04-01,C00205,North,Online,Electronics,Headphones,1,91.13,0.15,49.3
ORD000775,2025-04-01,C00205,North,Online,Fitness,Dumbbells,1,74.63,0.0,39.9
ORD001501,2025-04-01,C01456,North,Store,Beauty,Skin Care Set,1,44.61,0.15,16.65
ORD001501,2025-04-01,C01456,North,Store,Beauty,Skin Care Set,4,44.68,0.05,16.65
ORD003586,2025-04-01,C00571,East,Online,Electronics,Smartwatch,2,214.4,0.05,132.3
ORD003586,2025-04-01,C00571,East,Online,Fitness,Resistance Bands,1,23.34,0.1,7.48
ORD005013,2025-04-01,C00318,North,Store,Beauty,Hair Dryer,2,76.12,0.05,39.0
ORD005013,2025-04-01,C00318,North,Store,Fitness,Resistance Bands,1,21.37,0.0,7.48
ORD005056,2025-04-01,C01256,East,Online,Home,Storage Box,1,23.26,0.1,9.36
ORD005056,2025-04-01,C01256,East,Online,Fitness,Yoga Mat,1,32.03,0.15,12.6
ORD005190,2025-04-01,C01098,South,Online,Electronics,Headphones,2,83.7,0.1,49.3
ORD005695,2025-04-01,C00310,West,Online,Fitness,Yoga Mat,1,29.81,0.05,12.6
ORD005729,2025-04-01,C00238,South,Online,Electronics,Keyboard,1,66.91,0.0,33.8
ORD005729,2025-04-01,C00238,South,Online,Home,Lamp,1,48.1,0.1,21.12
ORD005859,2025-04-01,C00660,North,Store,Beauty,Makeup Kit,3,41.84,0.1,14.0
ORD000990,2025-04-02,C00613,North,Store,Home,Lamp,1,45.49,0.05,21.12
ORD001483,2025-04-02,C00881,East,Online,Fitness,Yoga Mat,2,30.7,0.0,12.6
ORD001595,2025-04-02,C00015,West,Online,Fitness,Yoga Mat,2,29.06,0.05,12.6
ORD002501,2025-04-02,C01279,South,Online,Fitness,Dumbbells,1,67.17,0.0,39.9
ORD003200,2025-04-02,C00384,East,Store,Home,Storage Box,2,22.9,0.15,9.36
ORD003200,2025-04-02,C00384,East,Store,Fitness,Yoga Mat,1,30.65,0.1,12.6
ORD004141,2025-04-02,C00109,East,Online,Beauty,Makeup Kit,2,41.64,0.1,14.0
ORD004141,2025-04-02,C00109,East,Online,Fitness,Yoga Mat,3,28.83,0.2,12.6
ORD005949,2025-04-02,C00049,West,Online,Electronics,Keyboard,2,65.22,0.0,33.8
ORD005949,2025-04-02,C00049,West,Online,Beauty,Skin Care Set,2,44.56,0.3,16.65
ORD000218,2025-04-03,C02128,South,Store,Home,Storage Box,2,24.61,0.2,9.36
ORD000474,2025-04-03,C00358,North,Online,Fitness,Resistance Bands,1,20.71,0.05,7.48
ORD000474,2025-04-03,C00358,North,Online,Home,Coffee Maker,1,101.32,0.05,52.25
ORD001088,2025-04-03,C00527,West,Online,Beauty,Skin Care Set,1,43.83,0.0,16.65
ORD001088,2025-04-03,C00527,West,Online,Fitness,Yoga Mat,4,30.97,0.05,12.6
ORD001101,2025-04-03,C00042,North,Store,Fitness,Yoga Mat,1,31.46,0.0,12.6
ORD002237,2025-04-03,C00381,East,Online,Beauty,Skin Care Set,1,48.34,0.0,16.65
ORD002237,2025-04-03,C00381,East,Online,Home,Lamp,1,45.24,0.05,21.12
ORD003322,2025-04-03,C00769,South,Online,Fitness,Yoga Mat,1,29.15,0.0,12.6
ORD004316,2025-04-03,C00240,North,Store,Fitness,Yoga Mat,3,31.89,0.1,12.6
ORD000031,2025-04-04,C01718,East,Online,Fitness,Resistance Bands,1,21.96,0.0,7.48
ORD000989,2025-04-04,C00183,North,Online,Home,Storage Box,1,23.05,0.1,9.36
ORD000989,2025-04-04,C00183,North,Online,Electronics,Smartwatch,1,203.19,0.1,132.3
ORD002858,2025-04-04,C00585,West,Store,Home,Lamp,3,50.6,0.2,21.12
ORD002858,2025-04-04,C00585,West,Store,Electronics,Smartwatch,1,218.62,0.2,132.3
ORD003232,2025-04-04,C00657,South,Online,Electronics,Headphones,1,83.63,0.0,49.3
ORD003232,2025-04-04,C00657,South,Online,Electronics,Headphones,1,85.94,0.0,49.3
ORD003449,2025-04-04,C01975,West,Online,Home,Lamp,1,48.61,0.05,21.12
ORD003685,2025-04-04,C00758,North,Store,Fitness,Resistance Bands,1,22.96,0.0,7.48
ORD003685,2025-04-04,C00758,North,Store,Fitness,Resistance Bands,3,21.71,0.0,7.48
ORD000395,2025-04-05,C00586,East,Store,Electronics,Smartwatch,2,209.24,0.0,132.3
ORD000395,2025-04-05,C00586,East,Store,Home,Lamp,1,49.7,0.15,21.12
ORD001669,2025-04-05,C00700,East,Online,Home,Storage Box,1,24.32,0.0,9.36
ORD001669,2025-04-05,C00700,East,Online,Home,Lamp,2,47.65,0.2,21.12
ORD001855,2025-04-05,C01741,North,Store,Home,Coffee Maker,1,90.13,0.05,52.25
ORD001855,2025-04-05,C01741,North,Store,Fitness,Yoga Mat,1,31.52,0.05,12.6
ORD002691,2025-04-05,C00547,North,Online,Beauty,Makeup Kit,1,42.02,0.05,14.0
ORD002691,2025-04-05,C00547,North,Online,Electronics,Smartwatch,2,221.47,0.1,132.3
ORD002903,2025-04-05,C00101,East,Online,Electronics,Headphones,1,83.16,0.0,49.3
ORD002999,2025-04-05,C01579,South,Online,Home,Coffee Maker,3,98.17,0.0,52.25
ORD002999,2025-04-05,C01579,South,Online,Beauty,Skin Care Set,3,43.92,0.05,16.65
ORD005090,2025-04-05,C01462,West,Store,Beauty,Skin Care Set,1,45.13,0.1,16.65
ORD005090,2025-04-05,C01462,West,Store,Fitness,Yoga Mat,1,29.06,0.1,12.6
ORD005366,2025-04-05,C00083,North,Store,Home,Coffee Maker,1,100.79,0.0,52.25
ORD001558,2025-04-06,C01012,West,Online,Electronics,Keyboard,1,63.35,0.1,33.8
ORD001558,2025-04-06,C01012,West,Online,Fitness,Yoga Mat,2,30.44,0.15,12.6
ORD002708,2025-04-06,C01636,East,Online,Electronics,Keyboard,2,64.64,0.05,33.8
ORD002708,2025-04-06,C01636,East,Online,Electronics,Headphones,2,83.49,0.05,49.3
ORD002866,2025-04-06,C00104,North,Store,Fitness,Yoga Mat,1,29.74,0.05,12.6
ORD002866,2025-04-06,C00104,North,Store,Electronics,Headphones,1,88.82,0.0,49.3
ORD004451,2025-04-06,C01102,East,Online,Electronics,Headphones,2,82.22,0.05,49.3
ORD004522,2025-04-06,C00063,East,Store,Fitness,Yoga Mat,1,29.39,0.0,12.6
ORD004522,2025-04-06,C00063,East,Store,Electronics,Smartwatch,2,225.86,0.1,132.3
ORD000140,2025-04-07,C00098,South,Online,Fitness,Resistance Bands,1,21.58,0.2,7.48
ORD000413,2025-04-07,C01881,North,Online,Beauty,Makeup Kit,1,37.8,0.0,14.0
ORD002044,2025-04-07,C01524,South,Store,Home,Storage Box,1,23.37,0.05,9.36
ORD002442,2025-04-07,C00557,West,Online,Fitness,Yoga Mat,1,31.35,0.0,12.6
ORD005944,2025-04-07,C00231,West,Store,Electronics,Headphones,2,91.6,0.05,49.3
ORD005944,2025-04-07,C00231,West,Store,Fitness,Yoga Mat,1,31.24,0.1,12.6
ORD000060,2025-04-08,C00339,East,Online,Home,Storage Box,1,22.62,0.05,9.36
ORD000060,2025-04-08,C00339,East,Online,Electronics,Keyboard,2,68.65,0.05,33.8
ORD000094,2025-04-08,C00718,South,Store,Fitness,Yoga Mat,1,29.73,0.3,12.6
ORD001387,2025-04-08,C01037,North,Online,Electronics,Keyboard,1,63.37,0.2,33.8
ORD001842,2025-04-08,C00296,East,Online,Home,Storage Box,3,23.27,0.2,9.36
ORD002165,2025-04-08,C00290,North,Online,Home,Storage Box,1,23.39,0.15,9.36
ORD002165,2025-04-08,C00290,North,Online,Beauty,Skin Care Set,1,46.36,0.1,16.65
ORD002761,2025-04-08,C00601,North,Online,Home,Coffee Maker,3,96.36,0.1,52.25
ORD002761,2025-04-08,C00601,North,Online,Beauty,Makeup Kit,1,42.7,0.1,14.0
ORD002930,2025-04-08,C00150,North,Store,Home,Lamp,1,46.51,0.05,21.12
ORD002930,2025-04-08,C00150,North,Store,Fitness,Resistance Bands,1,21.04,0.3,7.48
ORD003214,2025-04-08,C01536,North,Store,Electronics,Smartwatch,1,224.86,0.1,132.3
ORD004040,2025-04-08,C00363,West,Marketplace,Electronics,Headphones,1,82.63,0.05,49.3
ORD004678,2025-04-08,C00161,North,Online,Fitness,Yoga Mat,1,28.95,0.05,12.6
ORD004678,2025-04-08,C00161,North,Online,Beauty,Skin Care Set,1,44.17,0.1,16.65
ORD004790,2025-04-08,C00412,West,Online,Fitness,Resistance Bands,2,22.85,0.05,7.48
ORD004790,2025-04-08,C00412,West,Online,Electronics,Smartwatch,1,215.01,0.15,132.3
ORD005707,2025-04-08,C00202,South,Online,Fitness,Dumbbells,1,74.74,0.05,39.9
ORD005996,2025-04-08,C00735,North,Store,Fitness,Resistance Bands,1,22.17,0.05,7.48
ORD000952,2025-04-09,C00246,South,Online,Home,Coffee Maker,2,95.63,0.3,52.25
ORD000952,2025-04-09,C00246,South,Online,Beauty,Makeup Kit,1,39.92,0.0,14.0
ORD001382,2025-04-09,C00586,West,Online,Beauty,Makeup Kit,2,38.23,0.15,14.0
ORD001382,2025-04-09,C00586,West,Online,Electronics,Keyboard,1,69.06,0.15,33.8
ORD001884,2025-04-09,C00012,East,Marketplace,Beauty,Hair Dryer,3,83.85,0.1,39.0
ORD001884,2025-04-09,C00012,East,Marketplace,Electronics,Smartwatch,2,215.67,0.1,132.3
ORD002022,2025-04-09,C00686,West,Store,Fitness,Dumbbells,2,67.86,0.0,39.9
ORD002022,2025-04-09,C00686,West,Store,Fitness,Yoga Mat,2,28.52,0.05,12.6
ORD002304,2025-04-09,C00282,North,Online,Fitness,Yoga Mat,1,30.24,0.0,12.6
ORD002417,2025-04-09,C00509,East,Online,Beauty,Makeup Kit,1,41.85,0.0,14.0
ORD003080,2025-04-09,C00951,South,Online,Fitness,Resistance Bands,1,23.5,0.15,7.48
ORD004566,2025-04-09,C00638,West,Online,Electronics,Smartwatch,2,206.38,0.1,132.3
ORD004851,2025-04-09,C00917,South,Store,Home,Storage Box,4,22.83,0.0,9.36
ORD004851,2025-04-09,C00917,South,Store,Fitness,Resistance Bands,1,23.33,0.0,7.48
ORD000012,2025-04-10,C00697,South,Online,Beauty,Makeup Kit,1,38.72,0.3,14.0
ORD000467,2025-04-10,C00524,West,Store,Fitness,Dumbbells,1,71.3,0.1,39.9
ORD000467,2025-04-10,C00524,West,Store,Beauty,Hair Dryer,1,80.27,0.05,39.0
ORD005381,2025-04-10,C00684,East,Online,Home,Lamp,1,45.47,0.1,21.12
ORD005381,2025-04-10,C00684,East,Online,Beauty,Hair Dryer,2,82.86,0.0,39.0
ORD005411,2025-04-10,C00133,East,Marketplace,Home,Coffee Maker,4,93.57,0.15,52.25
ORD005892,2025-04-10,C00164,South,Store,Beauty,Makeup Kit,2,40.25,0.1,14.0
ORD001029,2025-04-11,C00143,North,Online,Fitness,Dumbbells,1,71.94,0.1,39.9
ORD001029,2025-04-11,C00143,North,Online,Home,Storage Box,1,24.27,0.05,9.36
ORD001038,2025-04-11,C00488,West,Store,Home,Coffee Maker,1,100.74,0.1,52.25
ORD001186,2025-04-11,C01692,West,Store,Beauty,Skin Care Set,2,48.03,0.2,16.65
ORD002432,2025-04-11,C00175,East,Store,Home,Storage Box,1,25.4,0.05,9.36
ORD002575,2025-04-11,C00408,East,Online,Electronics,Headphones,1,89.95,0.15,49.3
ORD002575,2025-04-11,C00408,East,Online,Fitness,Yoga Mat,1,32.21,0.1,12.6
ORD003637,2025-04-11,C01928,West,Online,Fitness,Resistance Bands,1,22.59,0.0,7.48
ORD004182,2025-04-11,C00696,West,Marketplace,Home,Storage Box,2,25.54,0.15,9.36
ORD004182,2025-04-11,C00696,West,Marketplace,Beauty,Hair Dryer,2,74.14,0.05,39.0
ORD004833,2025-04-11,C00671,West,Store,Beauty,Skin Care Set,1,43.09,0.05,16.65
ORD004833,2025-04-11,C00671,West,Store,Beauty,Skin Care Set,1,45.56,0.0,16.65
ORD005206,2025-04-11,C00331,West,Online,Electronics,Headphones,1,86.74,0.0,49.3
ORD000744,2025-04-12,C00065,North,Store,Fitness,Resistance Bands,2,21.43,0.1,7.48
ORD000744,2025-04-12,C00065,North,Store,Fitness,Resistance Bands,2,20.94,0.1,7.48
ORD001040,2025-04-12,C00448,West,Online,Electronics,Smartwatch,2,225.68,0.0,132.3
ORD001132,2025-04-12,C00107,North,Online,Fitness,Resistance Bands,1,22.69,0.15,7.48
ORD001268,2025-04-12,C01603,South,Store,Beauty,Hair Dryer,1,75.78,0.15,39.0
ORD001268,2025-04-12,C01603,South,Store,Home,Lamp,1,48.87,0.0,21.12
ORD002361,2025-04-12,C00514,East,Online,Home,Lamp,1,51.68,0.15,21.12
ORD002361,2025-04-12,C00514,East,Online,Beauty,Makeup Kit,2,37.79,0.0,14.0
ORD003363,2025-04-12,C00670,North,Online,Beauty,Skin Care Set,3,44.18,0.05,16.65
ORD003635,2025-04-12,C00429,North,Online,Beauty,Makeup Kit,4,42.77,0.2,14.0
ORD003635,2025-04-12,C00429,North,Online,Electronics,Smartwatch,2,225.87,0.15,132.3
ORD003717,2025-04-12,C02128,West,Store,Home,Storage Box,1,23.12,0.05,9.36
ORD003910,2025-04-12,C01086,West,Store,Fitness,Resistance Bands,2,22.07,0.15,7.48
ORD003910,2025-04-12,C01086,West,Store,Home,Storage Box,1,25.02,0.15,9.36
ORD004210,2025-04-12,C01770,West,Marketplace,Home,Lamp,1,45.72,0.15,21.12
ORD004210,2025-04-12,C01770,West,Marketplace,Home,Coffee Maker,1,100.91,0.2,52.25
ORD004337,2025-04-12,C00395,South,Online,Electronics,Smartwatch,2,198.24,0.05,132.3
ORD004337,2025-04-12,C00395,South,Online,Fitness,Yoga Mat,1,31.99,0.2,12.6
ORD004428,2025-04-12,C02079,East,Marketplace,Home,Lamp,2,46.96,0.1,21.12
ORD004428,2025-04-12,C02079,East,Marketplace,Home,Lamp,1,51.22,0.0,21.12
ORD000750,2025-04-13,C02079,South,Store,Beauty,Hair Dryer,1,81.95,0.2,39.0
ORD001833,2025-04-13,C00431,North,Online,Electronics,Headphones,3,80.84,0.0,49.3
ORD001833,2025-04-13,C00431,North,Online,Electronics,Headphones,1,87.55,0.15,49.3
ORD003400,2025-04-13,C01542,South,Online,Beauty,Makeup Kit,1,42.05,0.15,14.0
ORD004569,2025-04-13,C00166,North,Online,Fitness,Dumbbells,1,68.97,0.15,39.9
ORD004579,2025-04-13,C01794,North,Online,Beauty,Makeup Kit,1,38.05,0.3,14.0
ORD004698,2025-04-13,C01419,West,Store,Beauty,Skin Care Set,1,42.98,0.0,16.65
ORD004698,2025-04-13,C01419,West,Store,Fitness,Resistance Bands,1,21.91,0.0,7.48
ORD005031,2025-04-13,C00963,East,Online,Electronics,Smartwatch,3,216.18,0.15,132.3
ORD005083,2025-04-13,C00111,West,Store,Home,Coffee Maker,1,101.82,0.2,52.25
ORD000964,2025-04-14,C00700,West,Online,Home,Coffee Maker,4,89.33,0.1,52.25
ORD003039,2025-04-14,C00143,North,Store,Electronics,Keyboard,3,62.05,0.0,33.8
ORD003039,2025-04-14,C00143,North,Store,Beauty,Makeup Kit,1,41.61,0.0,14.0
ORD003290,2025-04-14,C01089,East,Store,Electronics,Smartwatch,1,218.0,0.05,132.3
ORD003290,2025-04-14,C01089,East,Store,Home,Storage Box,2,23.18,0.15,9.36
ORD003303,2025-04-14,C00413,North,Online,Home,Coffee Maker,1,90.56,0.15,52.25
ORD003590,2025-04-14,C01001,South,Online,Home,Storage Box,1,22.78,0.15,9.36
ORD004050,2025-04-14,C00489,South,Online,Fitness,Yoga Mat,1,32.18,0.05,12.6
ORD004050,2025-04-14,C00489,South,Online,Home,Lamp,1,46.97,0.0,21.12
ORD004328,2025-04-14,C00168,South,Online,Beauty,Skin Care Set,1,45.67,0.2,16.65
ORD004328,2025-04-14,C00168,South,Online,Home,Coffee Maker,4,97.46,0.0,52.25
ORD004421,2025-04-14,C00356,South,Online,Fitness,Resistance Bands,1,23.41,0.15,7.48
ORD001447,2025-04-15,C00583,East,Store,Fitness,Yoga Mat,2,31.33,0.1,12.6
ORD001510,2025-04-15,C00167,North,Online,Beauty,Makeup Kit,3,42.3,0.05,14.0
ORD001510,2025-04-15,C00167,North,Online,Fitness,Dumbbells,1,67.29,0.0,39.9
ORD002437,2025-04-15,C00271,North,Online,Beauty,Skin Care Set,2,43.44,0.2,16.65
ORD002484,2025-04-15,C01380,South,Marketplace,Electronics,Keyboard,1,66.51,0.05,33.8
ORD002484,2025-04-15,C01380,South,Marketplace,Fitness,Resistance Bands,4,20.97,0.0,7.48
ORD003105,2025-04-15,C00620,West,Store,Fitness,Resistance Bands,2,23.12,0.1,7.48
ORD003105,2025-04-15,C00620,West,Store,Beauty,Makeup Kit,3,39.82,0.0,14.0
ORD003624,2025-04-15,C00977,South,Store,Home,Storage Box,3,23.57,0.15,9.36
ORD003640,2025-04-15,C00278,South,Online,Home,Storage Box,1,23.27,0.05,9.36
ORD004228,2025-04-15,C00389,South,Online,Beauty,Makeup Kit,2,42.41,0.1,14.0
ORD000214,2025-04-16,C00289,South,Marketplace,Beauty,Hair Dryer,1,77.46,0.05,39.0
ORD000214,2025-04-16,C00289,South,Marketplace,Electronics,Smartwatch,2,219.21,0.0,132.3
ORD000929,2025-04-16,C01860,North,Online,Electronics,Smartwatch,3,202.96,0.05,132.3
ORD001332,2025-04-16,C00450,North,Store,Fitness,Yoga Mat,1,29.3,0.0,12.6
ORD001816,2025-04-16,C00281,North,Online,Electronics,Headphones,2,87.11,0.2,49.3
ORD002154,2025-04-16,C01344,West,Marketplace,Fitness,Yoga Mat,2,29.13,0.0,12.6
ORD002820,2025-04-16,C00455,North,Store,Beauty,Makeup Kit,1,37.88,0.1,14.0
ORD002820,2025-04-16,C00455,North,Store,Electronics,Keyboard,1,64.0,0.1,33.8
ORD002833,2025-04-16,C01121,East,Online,Electronics,Keyboard,1,64.15,0.1,33.8
ORD002884,2025-04-16,C00629,South,Online,Electronics,Keyboard,1,68.93,0.15,33.8
ORD003767,2025-04-16,C00184,South,Marketplace,Home,Lamp,1,50.5,0.0,21.12
ORD003817,2025-04-16,C01974,North,Online,Electronics,Headphones,1,89.43,0.0,49.3
ORD003817,2025-04-16,C01974,North,Online,Fitness,Resistance Bands,3,23.63,0.15,7.48
ORD004961,2025-04-16,C00511,North,Online,Electronics,Smartwatch,1,224.99,0.0,132.3
ORD005531,2025-04-16,C00010,North,Online,Beauty,Makeup Kit,2,38.84,0.0,14.0
ORD001100,2025-04-17,C00373,South,Online,Beauty,Skin Care Set,1,46.98,0.0,16.65
ORD003483,2025-04-17,C01551,West,Store,Fitness,Dumbbells,2,72.56,0.0,39.9
ORD003547,2025-04-17,C00197,South,Store,Home,Storage Box,1,24.92,0.1,9.36
ORD003547,2025-04-17,C00197,South,Store,Fitness,Yoga Mat,2,29.74,0.0,12.6
ORD003993,2025-04-17,C00540,West,Store,Beauty,Makeup Kit,1,43.06,0.05,14.0
ORD003993,2025-04-17,C00540,West,Store,Fitness,Dumbbells,2,73.65,0.0,39.9
ORD004272,2025-04-17,C01631,East,Online,Home,Storage Box,3,23.53,0.05,9.36
ORD004272,2025-04-17,C01631,East,Online,Beauty,Makeup Kit,2,39.45,0.0,14.0
ORD004626,2025-04-17,C00135,North,Marketplace,Home,Coffee Maker,1,97.93,0.0,52.25
ORD004626,2025-04-17,C00135,North,Marketplace,Beauty,Hair Dryer,1,83.26,0.0,39.0
ORD001004,2025-04-18,C00504,North,Online,Home,Lamp,1,48.55,0.0,21.12
ORD001004,2025-04-18,C00504,North,Online,Home,Coffee Maker,1,97.82,0.05,52.25
ORD002245,2025-04-18,C00697,East,Store,Electronics,Headphones,1,81.89,0.05,49.3
ORD002812,2025-04-18,C00622,West,Online,Beauty,Makeup Kit,1,42.04,0.0,14.0
ORD004025,2025-04-18,C01533,South,Online,Beauty,Makeup Kit,1,43.06,0.05,14.0
ORD004179,2025-04-18,C01949,South,Online,Fitness,Dumbbells,3,67.7,0.0,39.9
ORD004179,2025-04-18,C01949,South,Online,Fitness,Yoga Mat,1,31.63,0.0,12.6
ORD004203,2025-04-18,C01719,East,Store,Fitness,Dumbbells,1,74.35,0.0,39.9
ORD004259,2025-04-18,C02006,South,Online,Beauty,Hair Dryer,1,76.04,0.0,39.0
ORD004259,2025-04-18,C02006,South,Online,Home,Storage Box,1,23.5,0.05,9.36
ORD004318,2025-04-18,C00479,East,Store,Home,Coffee Maker,1,98.69,0.2,52.25
ORD004318,2025-04-18,C00479,East,Store,Home,Lamp,3,46.43,0.15,21.12
ORD004968,2025-04-18,C00477,South,Store,Electronics,Smartwatch,1,217.18,0.3,132.3
ORD004968,2025-04-18,C00477,South,Store,Electronics,Smartwatch,3,207.26,0.1,132.3
ORD005683,2025-04-18,C00174,North,Online,Beauty,Hair Dryer,1,73.64,0.1,39.0
ORD005683,2025-04-18,C00174,North,Online,Electronics,Smartwatch,2,210.85,0.3,132.3
ORD000291,2025-04-19,C00607,West,Online,Electronics,Keyboard,1,62.18,0.05,33.8
ORD000291,2025-04-19,C00607,West,Online,Home,Storage Box,1,23.15,0.15,9.36
ORD003301,2025-04-19,C00605,South,Store,Home,Storage Box,1,25.68,0.0,9.36
ORD003876,2025-04-19,C00448,West,Online,Home,Storage Box,1,22.89,0.2,9.36
ORD005427,2025-04-19,C00393,North,Store,Electronics,Headphones,1,85.3,0.05,49.3
ORD005427,2025-04-19,C00393,North,Store,Electronics,Smartwatch,2,225.01,0.1,132.3
ORD000234,2025-04-20,C00508,North,Store,Fitness,Yoga Mat,1,30.09,0.0,12.6
ORD002458,2025-04-20,C00243,South,Store,Home,Lamp,1,51.62,0.1,21.12
ORD002741,2025-04-20,C00406,East,Online,Beauty,Skin Care Set,1,47.46,0.15,16.65
ORD002741,2025-04-20,C00406,East,Online,Home,Coffee Maker,1,92.1,0.1,52.25
ORD002791,2025-04-20,C00151,East,Store,Electronics,Headphones,1,81.64,0.2,49.3
ORD003740,2025-04-20,C00513,North,Online,Beauty,Makeup Kit,1,39.27,0.15,14.0
ORD003793,2025-04-20,C00679,East,Online,Beauty,Skin Care Set,1,45.13,0.05,16.65
ORD004066,2025-04-20,C01370,West,Online,Home,Lamp,1,51.57,0.2,21.12
ORD004066,2025-04-20,C01370,West,Online,Electronics,Headphones,1,91.21,0.0,49.3
ORD005208,2025-04-20,C00395,South,Marketplace,Beauty,Makeup Kit,3,42.04,0.0,14.0
ORD000098,2025-04-21,C00556,South,Online,Fitness,Dumbbells,4,72.83,0.1,39.9
ORD000098,2025-04-21,C00556,South,Online,Beauty,Skin Care Set,3,43.05,0.0,16.65
ORD000361,2025-04-21,C00094,East,Marketplace,Beauty,Makeup Kit,1,42.91,0.0,14.0
ORD000361,2025-04-21,C00094,East,Marketplace,Fitness,Resistance Bands,1,20.96,0.15,7.48
ORD000977,2025-04-21,C01826,North,Online,Home,Coffee Maker,1,97.1,0.0,52.25
ORD000977,2025-04-21,C01826,North,Online,Beauty,Hair Dryer,1,73.71,0.05,39.0
ORD002490,2025-04-21,C01657,South,Online,Electronics,Headphones,1,87.42,0.0,49.3
ORD003064,2025-04-21,C00235,East,Marketplace,Beauty,Makeup Kit,1,38.08,0.0,14.0
ORD003094,2025-04-21,C01060,North,Online,Home,Coffee Maker,1,101.78,0.0,52.25
ORD003508,2025-04-21,C01487,West,Store,Electronics,Keyboard,2,69.83,0.0,33.8
ORD003508,2025-04-21,C01487,West,Store,Electronics,Keyboard,1,69.24,0.05,33.8
ORD001114,2025-04-22,C00152,West,Online,Home,Storage Box,4,23.66,0.15,9.36
ORD001538,2025-04-22,C00258,West,Online,Electronics,Keyboard,1,62.77,0.15,33.8
ORD002155,2025-04-22,C00668,West,Store,Home,Lamp,1,46.21,0.1,21.12
ORD003726,2025-04-22,C00341,South,Store,Fitness,Resistance Bands,2,20.99,0.3,7.48
ORD004292,2025-04-22,C00649,South,Online,Home,Storage Box,1,25.57,0.05,9.36
ORD004292,2025-04-22,C00649,South,Online,Home,Lamp,2,50.99,0.15,21.12
ORD004619,2025-04-22,C00583,South,Store,Fitness,Resistance Bands,2,22.85,0.0,7.48
ORD005055,2025-04-22,C00277,North,Marketplace,Beauty,Hair Dryer,2,83.75,0.0,39.0
ORD005422,2025-04-22,C00357,South,Marketplace,Home,Storage Box,1,25.24,0.05,9.36
ORD000553,2025-04-23,C00671,West,Online,Home,Lamp,1,47.23,0.1,21.12
ORD000553,2025-04-23,C00671,West,Online,Beauty,Makeup Kit,1,40.13,0.0,14.0
ORD000663,2025-04-23,C00686,North,Marketplace,Beauty,Skin Care Set,1,47.68,0.1,16.65
ORD000663,2025-04-23,C00686,North,Marketplace,Beauty,Hair Dryer,1,79.68,0.05,39.0
ORD001320,2025-04-23,C01713,East,Online,Electronics,Keyboard,2,63.45,0.05,33.8
ORD002085,2025-04-23,C01238,South,Online,Electronics,Smartwatch,1,211.38,0.0,132.3
ORD002085,2025-04-23,C01238,South,Online,Electronics,Headphones,1,87.51,0.1,49.3
ORD002911,2025-04-23,C00353,South,Marketplace,Home,Coffee Maker,2,98.26,0.05,52.25
ORD003087,2025-04-23,C01377,West,Online,Beauty,Skin Care Set,2,46.33,0.0,16.65
ORD004079,2025-04-23,C01626,West,Store,Electronics,Smartwatch,1,214.83,0.15,132.3
ORD004079,2025-04-23,C01626,West,Store,Beauty,Hair Dryer,2,76.99,0.0,39.0
ORD004388,2025-04-23,C00217,North,Store,Fitness,Resistance Bands,1,21.23,0.0,7.48
ORD004412,2025-04-23,C00124,North,Marketplace,Home,Storage Box,1,25.32,0.15,9.36
ORD004519,2025-04-23,C01706,South,Online,Fitness,Resistance Bands,1,21.73,0.3,7.48
ORD004663,2025-04-23,C00202,South,Marketplace,Fitness,Dumbbells,1,68.0,0.0,39.9
ORD004663,2025-04-23,C00202,South,Marketplace,Fitness,Resistance Bands,3,22.72,0.05,7.48
ORD005117,2025-04-23,C01831,West,Marketplace,Home,Coffee Maker,4,93.69,0.0,52.25
ORD005117,2025-04-23,C01831,West,Marketplace,Electronics,Keyboard,1,68.64,0.1,33.8
ORD005322,2025-04-23,C00178,South,Online,Electronics,Headphones,2,86.64,0.15,49.3
ORD005540,2025-04-23,C00021,East,Online,Electronics,Keyboard,4,61.69,0.1,33.8
ORD005540,2025-04-23,C00021,East,Online,Home,Storage Box,3,25.13,0.1,9.36
ORD000734,2025-04-24,C00416,North,Store,Beauty,Makeup Kit,2,38.16,0.1,14.0
ORD000734,2025-04-24,C00416,North,Store,Electronics,Smartwatch,1,204.96,0.15,132.3
ORD000937,2025-04-24,C00225,South,Store,Electronics,Headphones,2,91.34,0.1,49.3
ORD000937,2025-04-24,C00225,South,Store,Electronics,Smartwatch,2,221.44,0.15,132.3
ORD001629,2025-04-24,C00465,North,Online,Electronics,Headphones,1,85.52,0.0,49.3
ORD002496,2025-04-24,C00572,East,Online,Electronics,Keyboard,1,62.73,0.05,33.8
ORD002496,2025-04-24,C00572,East,Online,Electronics,Keyboard,1,67.68,0.0,33.8
ORD002649,2025-04-24,C00331,West,Store,Home,Storage Box,2,24.84,0.0,9.36
ORD002649,2025-04-24,C00331,West,Store,Electronics,Keyboard,1,64.93,0.05,33.8
ORD003741,2025-04-24,C00274,East,Online,Fitness,Resistance Bands,3,20.97,0.05,7.48
ORD003741,2025-04-24,C00274,East,Online,Fitness,Dumbbells,1,66.06,0.1,39.9
ORD003855,2025-04-24,C00232,East,Store,Fitness,Dumbbells,3,68.31,0.1,39.9
ORD000211,2025-04-25,C00052,South,Online,Beauty,Skin Care Set,1,46.6,0.2,16.65
ORD000245,2025-04-25,C00523,South,Online,Home,Coffee Maker,2,99.29,0.05,52.25
ORD000245,2025-04-25,C00523,South,Online,Electronics,Keyboard,3,63.03,0.05,33.8
ORD000745,2025-04-25,C01824,South,Online,Fitness,Yoga Mat,1,28.67,0.15,12.6
ORD000745,2025-04-25,C01824,South,Online,Home,Storage Box,1,25.08,0.05,9.36
ORD001574,2025-04-25,C00125,East,Marketplace,Electronics,Smartwatch,1,219.45,0.2,132.3
ORD001574,2025-04-25,C00125,East,Marketplace,Electronics,Smartwatch,1,220.03,0.1,132.3
ORD002630,2025-04-25,C00014,East,Online,Fitness,Dumbbells,3,74.62,0.15,39.9
ORD002738,2025-04-25,C00375,North,Store,Fitness,Dumbbells,1,72.9,0.2,39.9
ORD002738,2025-04-25,C00375,North,Store,Beauty,Makeup Kit,1,39.78,0.0,14.0
ORD003334,2025-04-25,C00257,West,Online,Beauty,Makeup Kit,1,42.88,0.0,14.0
ORD003853,2025-04-25,C00628,West,Store,Fitness,Dumbbells,1,71.49,0.0,39.9
ORD000250,2025-04-26,C00094,West,Online,Beauty,Makeup Kit,4,40.25,0.05,14.0
ORD000250,2025-04-26,C00094,West,Online,Home,Lamp,1,47.42,0.05,21.12
ORD000423,2025-04-26,C00725,South,Online,Beauty,Hair Dryer,1,84.09,0.0,39.0
ORD000539,2025-04-26,C01885,South,Online,Home,Storage Box,1,23.45,0.1,9.36
ORD000622,2025-04-26,C00778,South,Online,Fitness,Resistance Bands,2,22.32,0.05,7.48
ORD000622,2025-04-26,C00778,South,Online,Beauty,Hair Dryer,1,78.37,0.1,39.0
ORD000786,2025-04-26,C01119,East,Store,Beauty,Hair Dryer,4,81.08,0.05,39.0
ORD000786,2025-04-26,C01119,East,Store,Beauty,Hair Dryer,1,80.72,0.05,39.0
ORD001800,2025-04-26,C00197,South,Online,Fitness,Resistance Bands,1,22.33,0.0,7.48
ORD002519,2025-04-26,C00380,South,Store,Fitness,Yoga Mat,2,29.83,0.15,12.6
ORD002527,2025-04-26,C00449,South,Online,Home,Coffee Maker,1,90.68,0.0,52.25
ORD002527,2025-04-26,C00449,South,Online,Beauty,Skin Care Set,3,46.29,0.05,16.65
ORD005176,2025-04-26,C00406,North,Marketplace,Electronics,Headphones,4,82.29,0.1,49.3
ORD005176,2025-04-26,C00406,North,Marketplace,Home,Lamp,4,49.36,0.2,21.12
ORD001209,2025-04-27,C00619,West,Store,Fitness,Resistance Bands,1,20.73,0.0,7.48
ORD001453,2025-04-27,C00164,South,Store,Beauty,Hair Dryer,2,83.23,0.15,39.0
ORD001453,2025-04-27,C00164,South,Store,Electronics,Headphones,1,84.61,0.15,49.3
ORD001518,2025-04-27,C00149,East,Marketplace,Electronics,Keyboard,3,68.45,0.2,33.8
ORD001518,2025-04-27,C00149,East,Marketplace,Beauty,Makeup Kit,1,41.16,0.0,14.0
ORD002071,2025-04-27,C00774,South,Online,Beauty,Skin Care Set,1,44.5,0.1,16.65
ORD002071,2025-04-27,C00774,South,Online,Electronics,Headphones,4,81.77,0.05,49.3
ORD003605,2025-04-27,C00507,East,Online,Electronics,Smartwatch,1,209.79,0.0,132.3
ORD003605,2025-04-27,C00507,East,Online,Fitness,Resistance Bands,2,23.43,0.0,7.48
ORD004043,2025-04-27,C00775,South,Online,Home,Coffee Maker,2,92.57,0.0,52.25
ORD004818,2025-04-27,C00433,North,Online,Electronics,Keyboard,1,67.59,0.15,33.8
ORD004971,2025-04-27,C00507,South,Online,Beauty,Hair Dryer,4,75.26,0.1,39.0
ORD004971,2025-04-27,C00507,South,Online,Electronics,Keyboard,1,69.8,0.1,33.8
ORD005335,2025-04-27,C02069,South,Online,Beauty,Hair Dryer,2,84.05,0.1,39.0
ORD005335,2025-04-27,C02069,South,Online,Beauty,Makeup Kit,1,38.12,0.1,14.0
ORD005832,2025-04-27,C01413,South,Store,Fitness,Resistance Bands,1,23.07,0.2,7.48
ORD005891,2025-04-27,C00103,North,Online,Home,Storage Box,2,24.65,0.15,9.36
ORD005891,2025-04-27,C00103,North,Online,Fitness,Resistance Bands,2,20.88,0.1,7.48
ORD001353,2025-04-28,C00671,North,Online,Home,Lamp,1,46.4,0.15,21.12
ORD001524,2025-04-28,C00356,South,Online,Electronics,Keyboard,2,61.97,0.0,33.8
ORD002000,2025-04-28,C00687,West,Online,Electronics,Keyboard,3,67.16,0.0,33.8
ORD002000,2025-04-28,C00687,West,Online,Home,Coffee Maker,3,96.76,0.05,52.25
ORD002210,2025-04-28,C00054,North,Store,Electronics,Smartwatch,2,200.05,0.2,132.3
ORD002210,2025-04-28,C00054,North,Store,Home,Lamp,1,47.74,0.15,21.12
ORD002709,2025-04-28,C00347,North,Marketplace,Fitness,Dumbbells,2,66.5,0.05,39.9
ORD003939,2025-04-28,C01402,North,Store,Electronics,Headphones,1,87.15,0.1,49.3
ORD003939,2025-04-28,C01402,North,Store,Home,Lamp,1,46.33,0.15,21.12
ORD004384,2025-04-28,C00259,East,Store,Fitness,Dumbbells,1,74.19,0.2,39.9
ORD004384,2025-04-28,C00259,East,Store,Home,Storage Box,1,24.46,0.0,9.36
ORD004624,2025-04-28,C00179,South,Online,Fitness,Yoga Mat,2,31.4,0.05,12.6
ORD005014,2025-04-28,C00157,South,Store,Beauty,Hair Dryer,1,79.71,0.05,39.0
ORD005393,2025-04-28,C00449,South,Online,Electronics,Headphones,1,85.5,0.0,49.3
ORD005393,2025-04-28,C00449,South,Online,Electronics,Headphones,2,85.81,0.1,49.3
ORD005985,2025-04-28,C00512,North,Online,Electronics,Headphones,1,85.89,0.1,49.3
ORD005985,2025-04-28,C00512,North,Online,Home,Coffee Maker,1,92.09,0.0,52.25
ORD001146,2025-04-29,C00012,South,Online,Beauty,Makeup Kit,4,42.36,0.1,14.0
ORD001146,2025-04-29,C00012,South,Online,Fitness,Dumbbells,2,72.39,0.05,39.9
ORD001663,2025-04-29,C00018,North,Store,Beauty,Hair Dryer,3,73.98,0.0,39.0
ORD001663,2025-04-29,C00018,North,Store,Beauty,Makeup Kit,2,40.84,0.0,14.0
ORD004860,2025-04-29,C00857,South,Online,Home,Lamp,1,51.7,0.2,21.12
ORD005490,2025-04-29,C00619,North,Store,Home,Storage Box,2,25.9,0.1,9.36
ORD005490,2025-04-29,C00619,North,Store,Fitness,Yoga Mat,1,31.23,0.1,12.6
ORD005616,2025-04-29,C01447,East,Online,Fitness,Dumbbells,3,65.97,0.3,39.9
ORD005816,2025-04-29,C00510,North,Online,Electronics,Smartwatch,1,224.06,0.05,132.3
ORD000559,2025-04-30,C00575,South,Online,Beauty,Hair Dryer,1,75.47,0.0,39.0
ORD000988,2025-04-30,C00548,East,Online,Electronics,Keyboard,1,65.03,0.0,33.8
ORD001932,2025-04-30,C00580,East,Online,Home,Storage Box,2,23.81,0.1,9.36
ORD002069,2025-04-30,C01459,East,Store,Home,Coffee Maker,1,96.85,0.3,52.25
ORD002069,2025-04-30,C01459,East,Store,Fitness,Resistance Bands,2,20.94,0.2,7.48
ORD002359,2025-04-30,C00428,West,Store,Electronics,Headphones,1,84.14,0.05,49.3
ORD003680,2025-04-30,C00596,East,Online,Beauty,Hair Dryer,1,78.36,0.05,39.0
ORD003680,2025-04-30,C00596,East,Online,Fitness,Resistance Bands,2,23.67,0.0,7.48
ORD004022,2025-04-30,C00956,South,Online,Home,Lamp,2,46.52,0.15,21.12
ORD005670,2025-04-30,C01872,North,Online,Electronics,Headphones,2,87.48,0.0,49.3
ORD005670,2025-04-30,C01872,North,Online,Electronics,Keyboard,1,69.48,0.1,33.8
ORD000040,2025-05-01,C00041,West,Online,Home,Coffee Maker,2,93.04,0.0,52.25
ORD000040,2025-05-01,C00041,West,Online,Beauty,Makeup Kit,2,41.67,0.1,14.0
ORD000104,2025-05-01,C00602,East,Store,Home,Storage Box,2,24.8,0.05,9.36
ORD000104,2025-05-01,C00602,East,Store,Fitness,Resistance Bands,3,20.96,0.05,7.48
ORD002097,2025-05-01,C01537,East,Online,Beauty,Hair Dryer,1,79.5,0.05,39.0
ORD003305,2025-05-01,C01885,East,Store,Electronics,Smartwatch,3,212.1,0.05,132.3
ORD004298,2025-05-01,C00078,East,Store,Fitness,Yoga Mat,1,30.37,0.05,12.6
ORD004298,2025-05-01,C00078,East,Store,Beauty,Makeup Kit,1,41.58,0.1,14.0
ORD001115,2025-05-02,C00255,West,Online,Electronics,Headphones,1,81.7,0.1,49.3
ORD001431,2025-05-02,C01776,West,Store,Fitness,Resistance Bands,2,20.85,0.1,7.48
ORD001431,2025-05-02,C01776,West,Store,Home,Coffee Maker,1,90.59,0.15,52.25
ORD001749,2025-05-02,C00080,East,Store,Beauty,Skin Care Set,1,45.86,0.15,16.65
ORD002379,2025-05-02,C00161,South,Online,Electronics,Headphones,1,81.81,0.15,49.3
ORD002656,2025-05-02,C00661,East,Store,Electronics,Headphones,3,84.34,0.05,49.3
ORD003018,2025-05-02,C01059,North,Store,Electronics,Smartwatch,2,199.93,0.0,132.3
ORD003018,2025-05-02,C01059,North,Store,Fitness,Resistance Bands,1,22.85,0.1,7.48
ORD003315,2025-05-02,C01701,North,Store,Fitness,Dumbbells,1,72.36,0.15,39.9
ORD003323,2025-05-02,C00664,East,Online,Home,Storage Box,2,24.28,0.15,9.36
ORD004779,2025-05-02,C00251,South,Marketplace,Home,Lamp,2,49.21,0.0,21.12
ORD004888,2025-05-02,C00006,West,Online,Fitness,Yoga Mat,1,31.65,0.0,12.6
ORD004888,2025-05-02,C00006,West,Online,Beauty,Hair Dryer,1,73.34,0.15,39.0
ORD005017,2025-05-02,C00595,East,Online,Beauty,Skin Care Set,1,48.12,0.1,16.65
ORD005776,2025-05-02,C00005,West,Marketplace,Beauty,Hair Dryer,4,74.66,0.15,39.0
ORD005894,2025-05-02,C02146,East,Online,Electronics,Headphones,2,87.76,0.0,49.3
ORD005894,2025-05-02,C02146,East,Online,Home,Storage Box,1,24.6,0.15,9.36
ORD000131,2025-05-03,C01346,West,Store,Electronics,Smartwatch,4,208.13,0.15,132.3
ORD000537,2025-05-03,C00589,West,Online,Fitness,Resistance Bands,2,23.14,0.0,7.48
ORD000537,2025-05-03,C00589,West,Online,Home,Lamp,1,50.88,0.05,21.12
ORD000985,2025-05-03,C00200,South,Online,Electronics,Keyboard,1,64.7,0.2,33.8
ORD001641,2025-05-03,C00270,East,Store,Fitness,Resistance Bands,1,23.29,0.05,7.48
ORD003000,2025-05-03,C00329,West,Online,Home,Storage Box,2,23.04,0.0,9.36
ORD003515,2025-05-03,C00630,South,Online,Fitness,Dumbbells,3,68.79,0.05,39.9
ORD003515,2025-05-03,C00630,South,Online,Home,Coffee Maker,2,93.44,0.1,52.25
ORD003902,2025-05-03,C00522,West,Online,Beauty,Skin Care Set,1,45.66,0.15,16.65
ORD003902,2025-05-03,C00522,West,Online,Fitness,Dumbbells,1,71.12,0.3,39.9
ORD005682,2025-05-03,C00476,West,Online,Home,Storage Box,1,25.1,0.05,9.36
ORD005682,2025-05-03,C00476,West,Online,Electronics,Smartwatch,3,225.19,0.0,132.3
ORD000962,2025-05-04,C00085,South,Online,Electronics,Smartwatch,1,208.3,0.2,132.3
ORD004009,2025-05-04,C00227,North,Online,Beauty,Hair Dryer,2,84.18,0.0,39.0
ORD004009,2025-05-04,C00227,North,Online,Electronics,Smartwatch,2,226.78,0.1,132.3
ORD005558,2025-05-04,C00349,South,Online,Electronics,Keyboard,1,69.04,0.0,33.8
ORD005558,2025-05-04,C00349,South,Online,Electronics,Keyboard,1,67.21,0.1,33.8
ORD000036,2025-05-05,C00567,North,Online,Home,Coffee Maker,2,101.77,0.0,52.25
ORD000606,2025-05-05,C01584,North,Online,Electronics,Smartwatch,1,226.73,0.05,132.3
ORD000606,2025-05-05,C01584,North,Online,Electronics,Headphones,1,82.31,0.0,49.3
ORD001882,2025-05-05,C00152,East,Online,Beauty,Hair Dryer,1,76.95,0.05,39.0
ORD001882,2025-05-05,C00152,East,Online,Electronics,Headphones,1,87.77,0.0,49.3
ORD002334,2025-05-05,C00521,East,Marketplace,Electronics,Smartwatch,2,204.87,0.05,132.3
ORD002334,2025-05-05,C00521,East,Marketplace,Home,Lamp,3,46.27,0.15,21.12
ORD002765,2025-05-05,C01561,North,Online,Electronics,Keyboard,3,64.42,0.15,33.8
ORD002997,2025-05-05,C00421,South,Store,Home,Storage Box,1,23.34,0.1,9.36
ORD002997,2025-05-05,C00421,South,Store,Beauty,Skin Care Set,1,43.53,0.0,16.65
ORD004785,2025-05-05,C00681,South,Online,Electronics,Smartwatch,1,198.26,0.0,132.3
ORD005079,2025-05-05,C00415,North,Online,Home,Lamp,1,51.66,0.05,21.12
ORD001020,2025-05-06,C00587,West,Online,Home,Storage Box,2,22.9,0.1,9.36
ORD001047,2025-05-06,C00922,East,Online,Home,Storage Box,1,22.9,0.1,9.36
ORD001598,2025-05-06,C00147,East,Online,Electronics,Keyboard,1,63.75,0.0,33.8
ORD001598,2025-05-06,C00147,East,Online,Electronics,Keyboard,3,67.52,0.1,33.8
ORD002868,2025-05-06,C00513,South,Store,Fitness,Dumbbells,1,70.63,0.05,39.9
ORD003748,2025-05-06,C00504,East,Online,Home,Lamp,1,46.7,0.2,21.12
ORD003764,2025-05-06,C01102,West,Online,Beauty,Skin Care Set,2,46.46,0.05,16.65
ORD004103,2025-05-06,C01699,North,Online,Electronics,Smartwatch,4,201.45,0.2,132.3
ORD005544,2025-05-06,C00556,East,Store,Home,Coffee Maker,1,93.2,0.05,52.25
ORD005743,2025-05-06,C00344,North,Online,Electronics,Smartwatch,1,209.01,0.1,132.3
ORD000668,2025-05-07,C02091,South,Online,Fitness,Yoga Mat,2,29.83,0.05,12.6
ORD000668,2025-05-07,C02091,South,Online,Electronics,Headphones,1,88.34,0.1,49.3
ORD002474,2025-05-07,C00579,North,Online,Fitness,Dumbbells,1,67.52,0.15,39.9
ORD002474,2025-05-07,C00579,North,Online,Home,Lamp,1,46.72,0.05,21.12
ORD002717,2025-05-07,C00280,South,Online,Beauty,Makeup Kit,2,37.91,0.1,14.0
ORD002717,2025-05-07,C00280,South,Online,Electronics,Keyboard,1,65.71,0.1,33.8
ORD003735,2025-05-07,C00422,West,Store,Electronics,Headphones,2,84.74,0.0,49.3
ORD004568,2025-05-07,C00209,East,Online,Electronics,Smartwatch,1,218.97,0.1,132.3
ORD004568,2025-05-07,C00209,East,Online,Beauty,Skin Care Set,2,46.43,0.1,16.65
ORD004849,2025-05-07,C00351,North,Store,Fitness,Dumbbells,1,66.53,0.0,39.9
ORD005024,2025-05-07,C00218,North,Store,Fitness,Dumbbells,2,68.75,0.0,39.9
ORD005024,2025-05-07,C00218,North,Store,Beauty,Makeup Kit,2,38.38,0.1,14.0
ORD005250,2025-05-07,C00650,East,Marketplace,Electronics,Keyboard,2,64.24,0.15,33.8
ORD005250,2025-05-07,C00650,East,Marketplace,Home,Storage Box,1,24.43,0.1,9.36
ORD000134,2025-05-08,C00066,South,Store,Electronics,Smartwatch,1,212.84,0.05,132.3
ORD001110,2025-05-08,C00529,South,Marketplace,Electronics,Keyboard,1,62.1,0.0,33.8
ORD001110,2025-05-08,C00529,South,Marketplace,Beauty,Hair Dryer,1,77.48,0.1,39.0
ORD003608,2025-05-08,C00660,East,Online,Beauty,Skin Care Set,2,47.96,0.0,16.65
ORD005073,2025-05-08,C02106,West,Online,Home,Lamp,1,45.97,0.2,21.12
ORD005073,2025-05-08,C02106,West,Online,Home,Coffee Maker,2,95.42,0.0,52.25
ORD005633,2025-05-08,C00008,South,Online,Beauty,Hair Dryer,2,79.32,0.1,39.0
ORD005633,2025-05-08,C00008,South,Online,Home,Lamp,1,48.04,0.0,21.12
ORD000401,2025-05-09,C00283,South,Store,Beauty,Skin Care Set,4,45.9,0.05,16.65
ORD000925,2025-05-09,C00093,West,Store,Home,Lamp,2,48.02,0.3,21.12
ORD000925,2025-05-09,C00093,West,Store,Fitness,Yoga Mat,4,31.56,0.0,12.6
ORD001194,2025-05-09,C00535,West,Store,Fitness,Yoga Mat,2,30.97,0.0,12.6
ORD001214,2025-05-09,C00048,West,Online,Electronics,Smartwatch,1,199.57,0.0,132.3
ORD001214,2025-05-09,C00048,West,Online,Fitness,Dumbbells,1,67.01,0.05,39.9
ORD002643,2025-05-09,C00425,North,Store,Home,Coffee Maker,3,92.15,0.05,52.25
ORD002643,2025-05-09,C00425,North,Store,Beauty,Hair Dryer,2,73.66,0.0,39.0
ORD003074,2025-05-09,C00476,East,Store,Home,Lamp,2,49.78,0.1,21.12
ORD003370,2025-05-09,C00144,East,Online,Fitness,Yoga Mat,1,31.47,0.05,12.6
ORD003813,2025-05-09,C00347,North,Store,Beauty,Makeup Kit,1,40.41,0.0,14.0
ORD003813,2025-05-09,C00347,North,Store,Fitness,Dumbbells,1,68.89,0.15,39.9
ORD004036,2025-05-09,C00173,East,Online,Beauty,Hair Dryer,2,77.79,0.15,39.0
ORD004129,2025-05-09,C00282,South,Store,Fitness,Resistance Bands,1,22.26,0.1,7.48
ORD004251,2025-05-09,C01709,East,Online,Electronics,Smartwatch,1,219.0,0.0,132.3
ORD005678,2025-05-09,C00316,South,Online,Fitness,Dumbbells,2,72.4,0.0,39.9
ORD005678,2025-05-09,C00316,South,Online,Beauty,Makeup Kit,2,41.37,0.0,14.0
ORD000033,2025-05-10,C00298,North,Store,Electronics,Headphones,1,86.89,0.05,49.3
ORD000525,2025-05-10,C00207,West,Marketplace,Fitness,Yoga Mat,2,28.75,0.0,12.6
ORD000525,2025-05-10,C00207,West,Marketplace,Home,Coffee Maker,2,101.76,0.0,52.25
ORD001407,2025-05-10,C01035,East,Store,Beauty,Makeup Kit,2,39.92,0.05,14.0
ORD001407,2025-05-10,C01035,East,Store,Electronics,Headphones,1,85.55,0.1,49.3
ORD001948,2025-05-10,C01287,South,Marketplace,Home,Storage Box,1,24.69,0.2,9.36
ORD002103,2025-05-10,C00192,North,Online,Home,Storage Box,3,25.36,0.05,9.36
ORD002103,2025-05-10,C00192,North,Online,Beauty,Makeup Kit,1,42.22,0.1,14.0
ORD002431,2025-05-10,C00356,West,Online,Beauty,Hair Dryer,1,78.65,0.0,39.0
ORD002824,2025-05-10,C00138,East,Online,Beauty,Makeup Kit,1,42.43,0.1,14.0
ORD002851,2025-05-10,C00343,South,Online,Home,Lamp,1,47.08,0.05,21.12
ORD003060,2025-05-10,C00680,West,Online,Beauty,Makeup Kit,3,42.74,0.15,14.0
ORD003427,2025-05-10,C01041,West,Marketplace,Beauty,Skin Care Set,1,44.38,0.0,16.65
ORD003860,2025-05-10,C00632,East,Online,Home,Coffee Maker,2,99.89,0.0,52.25
ORD003860,2025-05-10,C00632,East,Online,Beauty,Hair Dryer,1,75.97,0.3,39.0
ORD004170,2025-05-10,C00179,North,Online,Home,Lamp,1,49.04,0.15,21.12
ORD004170,2025-05-10,C00179,North,Online,Fitness,Resistance Bands,1,23.35,0.0,7.48
ORD004238,2025-05-10,C00980,North,Online,Electronics,Headphones,1,89.72,0.2,49.3
ORD004238,2025-05-10,C00980,North,Online,Fitness,Dumbbells,1,67.31,0.0,39.9
ORD004271,2025-05-10,C00031,East,Online,Home,Lamp,2,46.93,0.2,21.12
ORD004986,2025-05-10,C00205,East,Online,Electronics,Headphones,1,82.0,0.3,49.3
ORD005681,2025-05-10,C00430,South,Store,Fitness,Resistance Bands,1,21.87,0.1,7.48
ORD005822,2025-05-10,C00603,South,Online,Fitness,Resistance Bands,1,23.0,0.0,7.48
ORD005886,2025-05-10,C00693,South,Online,Electronics,Keyboard,2,63.52,0.0,33.8
ORD000090,2025-05-11,C00153,West,Store,Electronics,Headphones,2,88.99,0.0,49.3
ORD000090,2025-05-11,C00153,West,Store,Fitness,Dumbbells,2,70.62,0.1,39.9
ORD000468,2025-05-11,C01281,West,Online,Fitness,Yoga Mat,1,29.6,0.1,12.6
ORD000468,2025-05-11,C01281,West,Online,Beauty,Skin Care Set,1,43.1,0.2,16.65
ORD000620,2025-05-11,C02197,East,Store,Electronics,Keyboard,2,61.41,0.0,33.8
ORD001037,2025-05-11,C00657,West,Online,Beauty,Hair Dryer,1,75.58,0.0,39.0
ORD002273,2025-05-11,C01402,South,Online,Electronics,Keyboard,2,67.26,0.1,33.8
ORD002273,2025-05-11,C01402,South,Online,Home,Coffee Maker,2,90.98,0.0,52.25
ORD002368,2025-05-11,C00479,South,Online,Electronics,Smartwatch,1,204.67,0.2,132.3
ORD002368,2025-05-11,C00479,South,Online,Beauty,Makeup Kit,1,42.88,0.15,14.0
ORD002552,2025-05-11,C00453,South,Online,Fitness,Dumbbells,1,68.79,0.15,39.9
ORD002774,2025-05-11,C00276,East,Store,Home,Coffee Maker,2,98.04,0.05,52.25
ORD002774,2025-05-11,C00276,East,Store,Electronics,Keyboard,2,62.86,0.15,33.8
ORD003302,2025-05-11,C00328,East,Marketplace,Home,Storage Box,1,24.56,0.2,9.36
ORD003567,2025-05-11,C01218,West,Online,Fitness,Resistance Bands,1,21.94,0.0,7.48
ORD003567,2025-05-11,C01218,West,Online,Electronics,Smartwatch,2,210.62,0.05,132.3
ORD003737,2025-05-11,C00708,West,Marketplace,Fitness,Dumbbells,2,68.24,0.1,39.9
ORD003737,2025-05-11,C00708,West,Marketplace,Fitness,Dumbbells,1,70.38,0.0,39.9
ORD003980,2025-05-11,C00423,South,Store,Fitness,Resistance Bands,2,21.5,0.1,7.48
ORD003980,2025-05-11,C00423,South,Store,Home,Coffee Maker,1,101.96,0.1,52.25
ORD004281,2025-05-11,C00629,North,Store,Fitness,Dumbbells,1,72.02,0.0,39.9
ORD004281,2025-05-11,C00629,North,Store,Home,Lamp,2,45.51,0.0,21.12
ORD005564,2025-05-11,C00454,North,Store,Electronics,Headphones,1,84.63,0.1,49.3
ORD005564,2025-05-11,C00454,North,Store,Beauty,Hair Dryer,2,78.47,0.0,39.0
ORD005604,2025-05-11,C00353,East,Online,Electronics,Headphones,2,88.93,0.15,49.3
ORD005604,2025-05-11,C00353,East,Online,Home,Storage Box,2,24.3,0.05,9.36
ORD001467,2025-05-12,C00042,West,Online,Fitness,Yoga Mat,1,31.83,0.1,12.6
ORD001467,2025-05-12,C00042,West,Online,Electronics,Headphones,1,82.89,0.05,49.3
ORD001826,2025-05-12,C01396,North,Store,Fitness,Yoga Mat,3,31.81,0.0,12.6
ORD002040,2025-05-12,C00234,North,Store,Electronics,Smartwatch,2,215.18,0.0,132.3
ORD003842,2025-05-12,C00088,West,Store,Home,Lamp,4,48.6,0.0,21.12
ORD004062,2025-05-12,C00599,North,Marketplace,Electronics,Headphones,1,90.24,0.15,49.3
ORD004062,2025-05-12,C00599,North,Marketplace,Electronics,Keyboard,1,63.51,0.05,33.8
ORD004612,2025-05-12,C00270,East,Store,Fitness,Dumbbells,1,74.85,0.0,39.9
ORD005585,2025-05-12,C00536,West,Online,Electronics,Headphones,1,83.26,0.05,49.3
ORD000462,2025-05-13,C00729,South,Store,Fitness,Dumbbells,4,71.51,0.0,39.9
ORD000475,2025-05-13,C00037,North,Online,Home,Coffee Maker,2,92.0,0.1,52.25
ORD001445,2025-05-13,C00403,South,Store,Beauty,Hair Dryer,2,83.27,0.0,39.0
ORD001875,2025-05-13,C00076,North,Online,Fitness,Dumbbells,2,67.57,0.05,39.9
ORD002015,2025-05-13,C01798,North,Online,Beauty,Skin Care Set,1,48.46,0.0,16.65
ORD002015,2025-05-13,C01798,North,Online,Fitness,Yoga Mat,1,31.11,0.1,12.6
ORD002045,2025-05-13,C00258,South,Online,Electronics,Keyboard,1,66.13,0.0,33.8
ORD003326,2025-05-13,C00249,South,Marketplace,Electronics,Headphones,3,87.28,0.0,49.3
ORD003546,2025-05-13,C00501,South,Online,Fitness,Resistance Bands,3,22.96,0.0,7.48
ORD003546,2025-05-13,C00501,South,Online,Home,Coffee Maker,2,95.93,0.0,52.25
ORD003707,2025-05-13,C00315,North,Marketplace,Electronics,Smartwatch,1,218.93,0.15,132.3
ORD003707,2025-05-13,C00315,North,Marketplace,Beauty,Skin Care Set,2,42.34,0.2,16.65
ORD003903,2025-05-13,C00662,South,Marketplace,Beauty,Makeup Kit,1,37.8,0.0,14.0
ORD003903,2025-05-13,C00662,South,Marketplace,Beauty,Hair Dryer,2,77.14,0.0,39.0
ORD004352,2025-05-13,C01256,North,Store,Home,Lamp,3,46.94,0.0,21.12
ORD005391,2025-05-13,C00310,East,Online,Home,Coffee Maker,1,100.25,0.15,52.25
ORD005589,2025-05-13,C01636,North,Marketplace,Home,Coffee Maker,1,92.31,0.0,52.25
ORD005589,2025-05-13,C01636,North,Marketplace,Beauty,Makeup Kit,2,40.91,0.1,14.0
ORD005946,2025-05-13,C00483,South,Online,Electronics,Headphones,1,91.72,0.0,49.3
ORD005946,2025-05-13,C00483,South,Online,Beauty,Makeup Kit,3,40.0,0.0,14.0
ORD005965,2025-05-13,C00110,East,Online,Fitness,Dumbbells,1,71.78,0.1,39.9
ORD000774,2025-05-14,C00068,South,Online,Electronics,Headphones,1,86.35,0.2,49.3
ORD001503,2025-05-14,C00128,North,Online,Electronics,Headphones,2,90.7,0.1,49.3
ORD001503,2025-05-14,C00128,North,Online,Electronics,Smartwatch,2,208.46,0.1,132.3
ORD001970,2025-05-14,C00673,North,Marketplace,Beauty,Hair Dryer,1,79.67,0.05,39.0
ORD001970,2025-05-14,C00673,North,Marketplace,Electronics,Keyboard,2,63.48,0.0,33.8
ORD003636,2025-05-14,C00168,West,Online,Beauty,Makeup Kit,2,40.69,0.15,14.0
ORD003636,2025-05-14,C00168,West,Online,Home,Lamp,1,49.23,0.15,21.12
ORD003999,2025-05-14,C00769,West,Store,Beauty,Hair Dryer,2,75.0,0.05,39.0
ORD004164,2025-05-14,C01848,West,Online,Fitness,Yoga Mat,1,31.0,0.05,12.6
ORD004164,2025-05-14,C01848,West,Online,Fitness,Dumbbells,2,73.05,0.1,39.9
ORD004260,2025-05-14,C01383,South,Online,Electronics,Smartwatch,2,199.42,0.05,132.3
ORD004260,2025-05-14,C01383,South,Online,Electronics,Headphones,1,89.72,0.2,49.3
ORD004515,2025-05-14,C00388,North,Marketplace,Fitness,Yoga Mat,1,28.94,0.1,12.6
ORD004515,2025-05-14,C00388,North,Marketplace,Electronics,Keyboard,1,70.11,0.0,33.8
ORD000103,2025-05-15,C01700,South,Store,Fitness,Yoga Mat,1,31.71,0.0,12.6
ORD000708,2025-05-15,C00152,East,Online,Electronics,Smartwatch,1,206.74,0.2,132.3
ORD000708,2025-05-15,C00152,East,Online,Electronics,Headphones,1,84.84,0.1,49.3
ORD001425,2025-05-15,C00376,North,Store,Fitness,Resistance Bands,1,22.37,0.05,7.48
ORD001974,2025-05-15,C00031,East,Store,Beauty,Hair Dryer,1,73.69,0.1,39.0
ORD001974,2025-05-15,C00031,East,Store,Fitness,Dumbbells,1,68.36,0.05,39.9
ORD002049,2025-05-15,C00521,North,Online,Home,Lamp,1,48.96,0.05,21.12
ORD002049,2025-05-15,C00521,North,Online,Home,Storage Box,1,23.88,0.0,9.36
ORD002403,2025-05-15,C00824,North,Store,Home,Storage Box,1,24.38,0.2,9.36
ORD002403,2025-05-15,C00824,North,Store,Beauty,Makeup Kit,2,38.69,0.05,14.0
ORD003628,2025-05-15,C02115,South,Online,Electronics,Keyboard,2,68.26,0.0,33.8
ORD004378,2025-05-15,C01717,North,Online,Beauty,Hair Dryer,2,82.92,0.0,39.0
ORD004378,2025-05-15,C01717,North,Online,Beauty,Hair Dryer,1,80.02,0.15,39.0
ORD000078,2025-05-16,C00227,South,Online,Fitness,Resistance Bands,1,21.5,0.05,7.48
ORD000078,2025-05-16,C00227,South,Online,Fitness,Resistance Bands,1,22.15,0.3,7.48
ORD000942,2025-05-16,C00668,East,Online,Home,Lamp,1,45.28,0.05,21.12
ORD001282,2025-05-16,C00530,South,Online,Home,Lamp,2,46.27,0.1,21.12
ORD001282,2025-05-16,C00530,South,Online,Fitness,Yoga Mat,3,31.36,0.0,12.6
ORD002043,2025-05-16,C00656,South,Online,Fitness,Dumbbells,2,74.48,0.0,39.9
ORD002043,2025-05-16,C00656,South,Online,Beauty,Makeup Kit,3,43.05,0.1,14.0
ORD003067,2025-05-16,C01674,West,Store,Home,Coffee Maker,1,95.54,0.15,52.25
ORD003773,2025-05-16,C00265,North,Online,Fitness,Dumbbells,1,67.53,0.05,39.9
ORD003773,2025-05-16,C00265,North,Online,Home,Storage Box,2,24.73,0.0,9.36
ORD003783,2025-05-16,C01078,East,Online,Home,Coffee Maker,1,97.97,0.15,52.25
ORD003927,2025-05-16,C01927,South,Store,Electronics,Smartwatch,4,219.62,0.0,132.3
ORD003927,2025-05-16,C01927,South,Store,Electronics,Headphones,2,80.1,0.1,49.3
ORD004024,2025-05-16,C00918,West,Marketplace,Beauty,Skin Care Set,1,46.38,0.05,16.65
ORD004065,2025-05-16,C00379,South,Store,Beauty,Hair Dryer,2,74.27,0.15,39.0
ORD004065,2025-05-16,C00379,South,Store,Home,Storage Box,1,25.27,0.0,9.36
ORD000991,2025-05-17,C00094,North,Online,Electronics,Smartwatch,1,216.56,0.15,132.3
ORD001258,2025-05-17,C00421,South,Marketplace,Electronics,Smartwatch,1,218.04,0.0,132.3
ORD001258,2025-05-17,C00421,South,Marketplace,Home,Coffee Maker,1,92.42,0.2,52.25
ORD002731,2025-05-17,C01353,South,Online,Home,Coffee Maker,1,95.64,0.15,52.25
ORD003012,2025-05-17,C00075,North,Online,Fitness,Yoga Mat,1,32.08,0.0,12.6
ORD003012,2025-05-17,C00075,North,Online,Fitness,Resistance Bands,2,21.05,0.0,7.48
ORD003341,2025-05-17,C00237,East,Store,Home,Coffee Maker,1,95.3,0.15,52.25
ORD005205,2025-05-17,C01714,North,Online,Beauty,Skin Care Set,1,42.54,0.15,16.65
ORD005205,2025-05-17,C01714,North,Online,Electronics,Headphones,2,84.8,0.0,49.3
ORD005308,2025-05-17,C00321,North,Online,Home,Storage Box,3,24.6,0.2,9.36
ORD000443,2025-05-18,C00030,West,Store,Home,Storage Box,3,24.87,0.2,9.36
ORD001907,2025-05-18,C00876,South,Store,Fitness,Yoga Mat,1,28.47,0.15,12.6
ORD001907,2025-05-18,C00876,South,Store,Electronics,Smartwatch,2,223.76,0.1,132.3
ORD002624,2025-05-18,C00185,West,Store,Electronics,Smartwatch,2,204.33,0.0,132.3
ORD004544,2025-05-18,C00406,East,Store,Beauty,Hair Dryer,1,82.81,0.05,39.0
ORD004995,2025-05-18,C00230,North,Online,Home,Coffee Maker,1,97.59,0.05,52.25
ORD005439,2025-05-18,C00136,East,Store,Electronics,Keyboard,2,62.49,0.0,33.8
ORD005439,2025-05-18,C00136,East,Store,Beauty,Skin Care Set,2,46.86,0.0,16.65
ORD005561,2025-05-18,C00428,North,Online,Electronics,Keyboard,1,69.18,0.0,33.8
ORD005561,2025-05-18,C00428,North,Online,Electronics,Smartwatch,1,201.28,0.05,132.3
ORD001056,2025-05-19,C01128,East,Online,Electronics,Headphones,2,88.61,0.0,49.3
ORD001449,2025-05-19,C00819,South,Online,Electronics,Headphones,2,86.43,0.1,49.3
ORD001449,2025-05-19,C00819,South,Online,Beauty,Skin Care Set,4,42.85,0.1,16.65
ORD002293,2025-05-19,C00125,South,Marketplace,Home,Coffee Maker,1,102.23,0.0,52.25
ORD002293,2025-05-19,C00125,South,Marketplace,Fitness,Resistance Bands,1,23.5,0.1,7.48
ORD002524,2025-05-19,C02034,East,Store,Beauty,Makeup Kit,1,40.72,0.05,14.0
ORD002524,2025-05-19,C02034,East,Store,Electronics,Keyboard,2,67.63,0.0,33.8
ORD004438,2025-05-19,C00014,East,Online,Fitness,Dumbbells,3,74.24,0.1,39.9
ORD004438,2025-05-19,C00014,East,Online,Beauty,Skin Care Set,1,45.3,0.1,16.65
ORD004543,2025-05-19,C01156,North,Online,Home,Storage Box,1,23.18,0.0,9.36
ORD004641,2025-05-19,C01002,East,Online,Fitness,Yoga Mat,2,31.6,0.0,12.6
ORD004641,2025-05-19,C01002,East,Online,Electronics,Headphones,1,91.72,0.3,49.3
ORD004811,2025-05-19,C00256,North,Marketplace,Fitness,Yoga Mat,2,30.05,0.0,12.6
ORD000311,2025-05-20,C00226,South,Online,Fitness,Yoga Mat,1,32.39,0.15,12.6
ORD000311,2025-05-20,C00226,South,Online,Beauty,Makeup Kit,1,39.85,0.05,14.0
ORD000776,2025-05-20,C00513,West,Store,Electronics,Headphones,2,88.48,0.15,49.3
ORD001539,2025-05-20,C00507,North,Online,Fitness,Yoga Mat,1,28.86,0.3,12.6
ORD002257,2025-05-20,C00535,East,Online,Fitness,Resistance Bands,3,22.79,0.15,7.48
ORD002345,2025-05-20,C00230,East,Online,Electronics,Headphones,2,88.55,0.15,49.3
ORD002539,2025-05-20,C00116,East,Store,Home,Storage Box,1,22.72,0.05,9.36
ORD003163,2025-05-20,C00652,North,Store,Electronics,Keyboard,1,68.26,0.1,33.8
ORD004312,2025-05-20,C00191,West,Store,Electronics,Headphones,1,91.73,0.1,49.3
ORD005203,2025-05-20,C01042,North,Store,Electronics,Keyboard,1,67.36,0.0,33.8
ORD005573,2025-05-20,C00577,North,Marketplace,Fitness,Resistance Bands,1,21.98,0.0,7.48
ORD005573,2025-05-20,C00577,North,Marketplace,Electronics,Smartwatch,2,212.93,0.0,132.3
ORD002638,2025-05-21,C00422,East,Online,Fitness,Yoga Mat,1,31.12,0.0,12.6
ORD002638,2025-05-21,C00422,East,Online,Home,Storage Box,2,23.72,0.0,9.36
ORD002684,2025-05-21,C01911,West,Online,Electronics,Smartwatch,2,212.32,0.1,132.3
ORD003185,2025-05-21,C00591,West,Online,Fitness,Resistance Bands,1,23.68,0.0,7.48
ORD003376,2025-05-21,C00533,North,Online,Electronics,Smartwatch,1,217.32,0.0,132.3
ORD003871,2025-05-21,C00278,West,Online,Beauty,Skin Care Set,1,44.48,0.15,16.65
ORD003871,2025-05-21,C00278,West,Online,Fitness,Yoga Mat,2,30.17,0.0,12.6
ORD001625,2025-05-22,C00673,South,Online,Electronics,Headphones,3,85.44,0.15,49.3
ORD001625,2025-05-22,C00673,South,Online,Electronics,Keyboard,4,67.79,0.1,33.8
ORD001926,2025-05-22,C00797,West,Marketplace,Electronics,Headphones,2,85.82,0.15,49.3
ORD001926,2025-05-22,C00797,West,Marketplace,Home,Storage Box,1,23.82,0.15,9.36
ORD003613,2025-05-22,C00619,North,Store,Fitness,Dumbbells,1,75.03,0.0,39.9
ORD001007,2025-05-23,C00369,South,Online,Beauty,Hair Dryer,1,83.42,0.05,39.0
ORD003790,2025-05-23,C01562,North,Online,Fitness,Dumbbells,1,73.59,0.1,39.9
ORD004364,2025-05-23,C00644,North,Online,Beauty,Skin Care Set,2,42.99,0.15,16.65
ORD004364,2025-05-23,C00644,North,Online,Fitness,Resistance Bands,2,21.73,0.0,7.48
ORD004807,2025-05-23,C00089,North,Store,Home,Storage Box,1,23.61,0.15,9.36
ORD004807,2025-05-23,C00089,North,Store,Beauty,Hair Dryer,2,75.12,0.0,39.0
ORD005287,2025-05-23,C00397,West,Store,Beauty,Skin Care Set,1,48.51,0.2,16.65
ORD000022,2025-05-24,C01937,North,Online,Beauty,Skin Care Set,1,43.32,0.0,16.65
ORD001342,2025-05-24,C00902,East,Online,Home,Storage Box,2,25.48,0.15,9.36
ORD001848,2025-05-24,C00291,North,Online,Electronics,Smartwatch,1,211.78,0.15,132.3
ORD001848,2025-05-24,C00291,North,Online,Electronics,Keyboard,1,67.55,0.05,33.8
ORD001958,2025-05-24,C00528,North,Store,Fitness,Resistance Bands,2,21.37,0.0,7.48
ORD002189,2025-05-24,C00644,South,Online,Home,Coffee Maker,2,100.69,0.0,52.25
ORD002189,2025-05-24,C00644,South,Online,Electronics,Headphones,2,86.39,0.05,49.3
ORD002228,2025-05-24,C01154,West,Marketplace,Home,Storage Box,1,25.74,0.1,9.36
ORD002778,2025-05-24,C00706,North,Online,Electronics,Headphones,1,81.76,0.0,49.3
ORD002778,2025-05-24,C00706,North,Online,Beauty,Hair Dryer,1,82.7,0.05,39.0
ORD003145,2025-05-24,C00961,East,Marketplace,Electronics,Headphones,1,82.95,0.05,49.3
ORD003145,2025-05-24,C00961,East,Marketplace,Fitness,Dumbbells,2,69.13,0.0,39.9
ORD003298,2025-05-24,C00419,South,Online,Fitness,Dumbbells,1,75.53,0.1,39.9
ORD003584,2025-05-24,C00605,South,Store,Electronics,Smartwatch,1,221.19,0.0,132.3
ORD003648,2025-05-24,C00116,East,Online,Fitness,Dumbbells,2,75.58,0.0,39.9
ORD003648,2025-05-24,C00116,East,Online,Fitness,Yoga Mat,1,31.26,0.0,12.6
ORD003787,2025-05-24,C00445,West,Store,Beauty,Makeup Kit,1,39.94,0.1,14.0
ORD004369,2025-05-24,C00620,West,Store,Beauty,Makeup Kit,3,39.86,0.15,14.0
ORD004369,2025-05-24,C00620,West,Store,Home,Lamp,1,51.01,0.2,21.12
ORD004957,2025-05-24,C01123,West,Marketplace,Beauty,Hair Dryer,1,75.6,0.1,39.0
ORD004957,2025-05-24,C01123,West,Marketplace,Beauty,Skin Care Set,2,48.54,0.15,16.65
ORD005417,2025-05-24,C00357,West,Store,Electronics,Smartwatch,2,211.89,0.0,132.3
ORD005417,2025-05-24,C00357,West,Store,Home,Storage Box,1,25.89,0.1,9.36
ORD000653,2025-05-25,C00121,North,Online,Electronics,Headphones,1,85.0,0.2,49.3
ORD000653,2025-05-25,C00121,North,Online,Electronics,Headphones,2,82.39,0.05,49.3
ORD002828,2025-05-25,C00929,North,Online,Fitness,Yoga Mat,2,31.29,0.05,12.6
ORD002828,2025-05-25,C00929,North,Online,Fitness,Dumbbells,4,70.7,0.0,39.9
ORD003446,2025-05-25,C01497,West,Online,Fitness,Yoga Mat,1,30.81,0.2,12.6
ORD003446,2025-05-25,C01497,West,Online,Electronics,Keyboard,1,69.2,0.0,33.8
ORD004003,2025-05-25,C00633,East,Online,Home,Storage Box,1,23.79,0.0,9.36
ORD004003,2025-05-25,C00633,East,Online,Home,Storage Box,1,22.84,0.1,9.36
ORD005192,2025-05-25,C00166,North,Online,Electronics,Headphones,1,82.31,0.0,49.3
ORD005274,2025-05-25,C00350,South,Store,Fitness,Resistance Bands,1,22.84,0.05,7.48
ORD005274,2025-05-25,C00350,South,Store,Fitness,Yoga Mat,1,31.11,0.0,12.6
ORD005325,2025-05-25,C00524,North,Store,Fitness,Dumbbells,3,70.75,0.05,39.9
ORD005325,2025-05-25,C00524,North,Store,Fitness,Yoga Mat,2,30.64,0.0,12.6
ORD000309,2025-05-26,C00462,East,Store,Electronics,Smartwatch,1,200.56,0.0,132.3
ORD001644,2025-05-26,C01580,South,Online,Home,Storage Box,1,25.5,0.05,9.36
ORD003805,2025-05-26,C00090,East,Online,Fitness,Dumbbells,1,67.53,0.05,39.9
ORD003832,2025-05-26,C00292,West,Online,Beauty,Makeup Kit,1,42.13,0.1,14.0
ORD005229,2025-05-26,C00244,South,Online,Fitness,Dumbbells,1,72.67,0.1,39.9
ORD005858,2025-05-26,C01836,South,Online,Electronics,Headphones,3,88.09,0.05,49.3
ORD000263,2025-05-27,C01924,East,Online,Home,Storage Box,1,24.61,0.0,9.36
ORD000263,2025-05-27,C01924,East,Online,Electronics,Keyboard,3,69.62,0.15,33.8
ORD000385,2025-05-27,C00108,North,Online,Beauty,Skin Care Set,1,44.63,0.1,16.65
ORD001246,2025-05-27,C00387,East,Marketplace,Beauty,Makeup Kit,1,40.32,0.0,14.0
ORD002606,2025-05-27,C00555,North,Store,Beauty,Makeup Kit,1,42.79,0.15,14.0
ORD002606,2025-05-27,C00555,North,Store,Home,Storage Box,2,24.26,0.15,9.36
ORD002976,2025-05-27,C02017,North,Marketplace,Fitness,Dumbbells,4,69.56,0.0,39.9
ORD003801,2025-05-27,C00096,East,Online,Beauty,Hair Dryer,1,82.56,0.2,39.0
ORD004005,2025-05-27,C01501,North,Online,Electronics,Headphones,2,85.14,0.1,49.3
ORD004017,2025-05-27,C00272,South,Online,Fitness,Dumbbells,2,67.68,0.2,39.9
ORD004017,2025-05-27,C00272,South,Online,Fitness,Dumbbells,1,69.43,0.0,39.9
ORD004332,2025-05-27,C00487,West,Store,Beauty,Skin Care Set,1,45.26,0.1,16.65
ORD004578,2025-05-27,C00699,South,Online,Fitness,Yoga Mat,3,32.1,0.05,12.6
ORD004699,2025-05-27,C01599,North,Online,Fitness,Yoga Mat,1,30.47,0.0,12.6
ORD004699,2025-05-27,C01599,North,Online,Fitness,Resistance Bands,1,22.35,0.05,7.48
ORD004713,2025-05-27,C00046,West,Store,Fitness,Resistance Bands,3,21.28,0.3,7.48
ORD004730,2025-05-27,C00351,South,Online,Fitness,Resistance Bands,2,22.7,0.1,7.48
ORD004745,2025-05-27,C00642,East,Online,Electronics,Keyboard,1,63.99,0.0,33.8
ORD000200,2025-05-28,C00714,West,Online,Electronics,Headphones,2,88.53,0.15,49.3
ORD001738,2025-05-28,C00284,South,Online,Fitness,Yoga Mat,2,31.35,0.3,12.6
ORD001738,2025-05-28,C00284,South,Online,Beauty,Makeup Kit,1,39.95,0.0,14.0
ORD002048,2025-05-28,C01501,South,Online,Electronics,Keyboard,1,66.49,0.0,33.8
ORD002048,2025-05-28,C01501,South,Online,Fitness,Dumbbells,3,66.54,0.0,39.9
ORD002086,2025-05-28,C00581,South,Store,Beauty,Makeup Kit,2,38.79,0.05,14.0
ORD002086,2025-05-28,C00581,South,Store,Electronics,Keyboard,1,68.64,0.0,33.8
ORD002092,2025-05-28,C00740,North,Store,Beauty,Hair Dryer,1,78.61,0.0,39.0
ORD002092,2025-05-28,C00740,North,Store,Beauty,Makeup Kit,4,40.7,0.0,14.0
ORD002435,2025-05-28,C00332,East,Online,Fitness,Resistance Bands,4,21.84,0.15,7.48
ORD003379,2025-05-28,C00313,North,Online,Fitness,Dumbbells,1,67.04,0.05,39.9
ORD003844,2025-05-28,C00385,West,Online,Electronics,Headphones,2,81.83,0.2,49.3
ORD004947,2025-05-28,C00231,West,Online,Home,Storage Box,1,23.48,0.0,9.36
ORD004947,2025-05-28,C00231,West,Online,Electronics,Keyboard,3,65.72,0.1,33.8
ORD005129,2025-05-28,C01140,North,Online,Beauty,Skin Care Set,1,47.8,0.05,16.65
ORD005129,2025-05-28,C01140,North,Online,Electronics,Smartwatch,1,205.57,0.1,132.3
ORD005266,2025-05-28,C00400,South,Online,Electronics,Smartwatch,3,198.84,0.15,132.3
ORD005266,2025-05-28,C00400,South,Online,Home,Coffee Maker,2,91.15,0.0,52.25
ORD001144,2025-05-29,C00144,East,Store,Fitness,Resistance Bands,1,23.29,0.05,7.48
ORD002225,2025-05-29,C00528,West,Store,Electronics,Keyboard,1,63.33,0.1,33.8
ORD002225,2025-05-29,C00528,West,Store,Electronics,Keyboard,1,62.19,0.1,33.8
ORD002230,2025-05-29,C00081,East,Online,Beauty,Hair Dryer,1,77.34,0.0,39.0
ORD003325,2025-05-29,C00687,North,Online,Electronics,Smartwatch,3,215.71,0.1,132.3
ORD004301,2025-05-29,C00431,East,Store,Home,Storage Box,1,23.03,0.2,9.36
ORD004480,2025-05-29,C01933,North,Marketplace,Electronics,Keyboard,1,61.12,0.0,33.8
ORD004480,2025-05-29,C01933,North,Marketplace,Home,Lamp,1,49.64,0.15,21.12
ORD005723,2025-05-29,C00428,North,Online,Fitness,Dumbbells,2,65.94,0.0,39.9
ORD000568,2025-05-30,C00260,South,Online,Fitness,Yoga Mat,1,29.06,0.15,12.6
ORD000568,2025-05-30,C00260,South,Online,Home,Lamp,2,51.09,0.0,21.12
ORD000646,2025-05-30,C00680,East,Online,Electronics,Smartwatch,1,198.33,0.1,132.3
ORD000646,2025-05-30,C00680,East,Online,Fitness,Dumbbells,1,71.82,0.0,39.9
ORD002393,2025-05-30,C00084,West,Online,Fitness,Yoga Mat,1,30.89,0.0,12.6
ORD002875,2025-05-30,C00379,North,Online,Fitness,Yoga Mat,4,30.38,0.0,12.6
ORD003354,2025-05-30,C00380,West,Online,Fitness,Resistance Bands,1,22.71,0.0,7.48
ORD000716,2025-05-31,C01950,East,Online,Fitness,Dumbbells,4,67.24,0.05,39.9
ORD001066,2025-05-31,C00102,East,Online,Electronics,Headphones,2,84.93,0.0,49.3
ORD001066,2025-05-31,C00102,East,Online,Home,Lamp,2,50.45,0.1,21.12
ORD001863,2025-05-31,C00590,North,Online,Fitness,Resistance Bands,1,20.98,0.1,7.48
ORD002622,2025-05-31,C00295,North,Store,Beauty,Skin Care Set,2,42.4,0.05,16.65
ORD002622,2025-05-31,C00295,North,Store,Beauty,Makeup Kit,3,39.0,0.05,14.0
ORD002893,2025-05-31,C00279,North,Marketplace,Beauty,Hair Dryer,2,83.81,0.1,39.0
ORD002897,2025-05-31,C00040,North,Online,Beauty,Hair Dryer,2,83.17,0.2,39.0
ORD003123,2025-05-31,C00004,South,Store,Electronics,Smartwatch,2,198.35,0.05,132.3
ORD003684,2025-05-31,C02051,North,Store,Beauty,Makeup Kit,1,41.29,0.0,14.0
ORD003699,2025-05-31,C00587,North,Online,Electronics,Keyboard,1,67.55,0.0,33.8
ORD005124,2025-05-31,C00096,North,Marketplace,Electronics,Smartwatch,1,210.08,0.05,132.3
ORD005376,2025-05-31,C00652,South,Marketplace,Fitness,Yoga Mat,3,29.96,0.0,12.6
ORD005599,2025-05-31,C01984,West,Store,Beauty,Makeup Kit,1,40.87,0.0,14.0
ORD005599,2025-05-31,C01984,West,Store,Home,Storage Box,2,23.24,0.15,9.36
ORD005860,2025-05-31,C00024,West,Online,Electronics,Smartwatch,1,198.12,0.05,132.3
ORD005860,2025-05-31,C00024,West,Online,Beauty,Makeup Kit,2,42.54,0.1,14.0
ORD005973,2025-05-31,C00633,South,Online,Beauty,Skin Care Set,1,46.15,0.0,16.65
ORD001057,2025-06-01,C00657,East,Online,Electronics,Keyboard,1,62.66,0.1,33.8
ORD001225,2025-06-01,C00288,South,Store,Home,Lamp,1,48.85,0.0,21.12
ORD001225,2025-06-01,C00288,South,Store,Fitness,Dumbbells,1,72.47,0.0,39.9
ORD001299,2025-06-01,C00864,North,Store,Home,Lamp,1,45.43,0.3,21.12
ORD001299,2025-06-01,C00864,North,Store,Beauty,Makeup Kit,1,37.87,0.1,14.0
ORD001551,2025-06-01,C00363,South,Marketplace,Electronics,Keyboard,2,66.66,0.15,33.8
ORD001551,2025-06-01,C00363,South,Marketplace,Fitness,Dumbbells,1,67.13,0.1,39.9
ORD002223,2025-06-01,C00482,North,Marketplace,Fitness,Yoga Mat,2,30.71,0.15,12.6
ORD003161,2025-06-01,C00281,North,Store,Fitness,Yoga Mat,4,31.26,0.0,12.6
ORD000488,2025-06-02,C00223,West,Marketplace,Beauty,Makeup Kit,3,41.69,0.05,14.0
ORD001394,2025-06-02,C00014,South,Online,Electronics,Smartwatch,1,217.13,0.05,132.3
ORD001394,2025-06-02,C00014,South,Online,Electronics,Keyboard,1,63.72,0.2,33.8
ORD003149,2025-06-02,C00556,South,Online,Fitness,Resistance Bands,1,23.7,0.0,7.48
ORD003210,2025-06-02,C02058,North,Marketplace,Fitness,Resistance Bands,2,20.88,0.05,7.48
ORD003494,2025-06-02,C02155,South,Online,Home,Coffee Maker,1,101.91,0.0,52.25
ORD004450,2025-06-02,C00355,North,Marketplace,Home,Lamp,1,45.18,0.1,21.12
ORD004450,2025-06-02,C00355,North,Marketplace,Beauty,Skin Care Set,2,48.05,0.15,16.65
ORD004617,2025-06-02,C00361,North,Online,Fitness,Yoga Mat,2,29.2,0.15,12.6
ORD004617,2025-06-02,C00361,North,Online,Home,Lamp,2,49.88,0.15,21.12
ORD004748,2025-06-02,C01453,West,Store,Fitness,Resistance Bands,4,23.56,0.0,7.48
ORD004748,2025-06-02,C01453,West,Store,Electronics,Keyboard,1,62.52,0.0,33.8
ORD005643,2025-06-02,C00602,East,Store,Electronics,Headphones,2,90.86,0.1,49.3
ORD005643,2025-06-02,C00602,East,Store,Home,Storage Box,1,23.49,0.05,9.36
ORD005758,2025-06-02,C01492,West,Marketplace,Home,Storage Box,3,23.31,0.05,9.36
ORD005763,2025-06-02,C00017,South,Store,Home,Coffee Maker,1,99.23,0.0,52.25
ORD002958,2025-06-03,C00483,East,Store,Electronics,Headphones,1,85.49,0.0,49.3
ORD004655,2025-06-03,C00340,North,Store,Fitness,Yoga Mat,1,31.02,0.1,12.6
ORD000135,2025-06-04,C00178,East,Marketplace,Fitness,Resistance Bands,4,23.26,0.1,7.48
ORD000728,2025-06-04,C00355,South,Online,Home,Coffee Maker,1,92.55,0.05,52.25
ORD001120,2025-06-04,C01778,South,Marketplace,Electronics,Smartwatch,1,222.81,0.0,132.3
ORD001476,2025-06-04,C00188,North,Online,Home,Lamp,1,48.43,0.0,21.12
ORD001476,2025-06-04,C00188,North,Online,Fitness,Resistance Bands,1,21.48,0.1,7.48
ORD002603,2025-06-04,C00505,East,Store,Home,Lamp,2,46.42,0.15,21.12
ORD002757,2025-06-04,C00220,North,Online,Electronics,Keyboard,1,66.3,0.1,33.8
ORD002757,2025-06-04,C00220,North,Online,Beauty,Hair Dryer,1,77.73,0.15,39.0
ORD003525,2025-06-04,C00224,East,Online,Fitness,Resistance Bands,1,22.46,0.2,7.48
ORD004007,2025-06-04,C01884,North,Marketplace,Home,Lamp,2,49.76,0.0,21.12
ORD004636,2025-06-04,C01954,South,Online,Beauty,Hair Dryer,1,79.36,0.05,39.0
ORD004636,2025-06-04,C01954,South,Online,Fitness,Yoga Mat,2,28.24,0.0,12.6
ORD004918,2025-06-04,C00520,West,Online,Fitness,Yoga Mat,2,29.16,0.1,12.6
ORD005213,2025-06-04,C00314,North,Marketplace,Home,Storage Box,1,22.77,0.05,9.36
ORD005213,2025-06-04,C00314,North,Marketplace,Electronics,Keyboard,1,69.3,0.1,33.8
ORD005279,2025-06-04,C00570,North,Store,Home,Storage Box,1,23.64,0.0,9.36
ORD000151,2025-06-05,C00210,South,Online,Home,Storage Box,1,24.64,0.0,9.36
ORD000151,2025-06-05,C00210,South,Online,Electronics,Headphones,3,88.96,0.05,49.3
ORD000690,2025-06-05,C01046,East,Online,Home,Coffee Maker,1,101.73,0.1,52.25
ORD000690,2025-06-05,C01046,East,Online,Home,Coffee Maker,1,100.42,0.0,52.25
ORD000902,2025-06-05,C01815,East,Store,Home,Coffee Maker,1,100.15,0.0,52.25
ORD001055,2025-06-05,C00122,North,Online,Home,Coffee Maker,2,91.65,0.1,52.25
ORD001055,2025-06-05,C00122,North,Online,Electronics,Smartwatch,4,204.92,0.15,132.3
ORD002722,2025-06-05,C00569,West,Online,Beauty,Makeup Kit,1,37.79,0.05,14.0
ORD002896,2025-06-05,C00411,North,Online,Electronics,Headphones,2,85.16,0.0,49.3
ORD002896,2025-06-05,C00411,North,Online,Fitness,Dumbbells,4,73.96,0.15,39.9
ORD004770,2025-06-05,C00433,West,Store,Home,Lamp,3,51.76,0.0,21.12
ORD004770,2025-06-05,C00433,West,Store,Electronics,Smartwatch,2,217.13,0.0,132.3
ORD005263,2025-06-05,C00538,South,Online,Fitness,Resistance Bands,1,20.95,0.05,7.48
ORD005592,2025-06-05,C00616,West,Online,Electronics,Smartwatch,1,213.09,0.1,132.3
ORD000365,2025-06-06,C00340,North,Marketplace,Electronics,Headphones,1,82.14,0.2,49.3
ORD000365,2025-06-06,C00340,North,Marketplace,Beauty,Makeup Kit,1,40.39,0.05,14.0
ORD002358,2025-06-06,C00543,West,Online,Electronics,Smartwatch,2,218.04,0.05,132.3
ORD002473,2025-06-06,C00266,North,Store,Beauty,Makeup Kit,2,39.6,0.05,14.0
ORD002703,2025-06-06,C00363,South,Online,Electronics,Keyboard,1,62.35,0.1,33.8
ORD002703,2025-06-06,C00363,South,Online,Electronics,Smartwatch,3,202.56,0.15,132.3
ORD003166,2025-06-06,C00492,South,Online,Beauty,Makeup Kit,1,38.36,0.0,14.0
ORD003166,2025-06-06,C00492,South,Online,Home,Coffee Maker,1,91.86,0.0,52.25
ORD001090,2025-06-07,C00024,South,Store,Home,Lamp,1,47.03,0.0,21.12
ORD001967,2025-06-07,C01222,West,Online,Electronics,Keyboard,1,66.56,0.0,33.8
ORD002072,2025-06-07,C00605,North,Online,Beauty,Makeup Kit,1,39.09,0.2,14.0
ORD002072,2025-06-07,C00605,North,Online,Home,Storage Box,2,23.98,0.1,9.36
ORD002646,2025-06-07,C01814,North,Online,Home,Lamp,1,49.35,0.1,21.12
ORD004154,2025-06-07,C00111,East,Online,Electronics,Smartwatch,1,200.67,0.0,132.3
ORD004154,2025-06-07,C00111,East,Online,Beauty,Makeup Kit,1,37.68,0.1,14.0
ORD004284,2025-06-07,C00484,North,Online,Beauty,Skin Care Set,2,46.12,0.0,16.65
ORD005122,2025-06-07,C00109,South,Online,Home,Storage Box,1,23.04,0.3,9.36
ORD005171,2025-06-07,C00430,North,Marketplace,Fitness,Dumbbells,4,69.04,0.1,39.9
ORD005258,2025-06-07,C00533,West,Online,Beauty,Skin Care Set,1,47.34,0.1,16.65
ORD005324,2025-06-07,C01074,West,Online,Beauty,Skin Care Set,1,44.87,0.15,16.65
ORD005324,2025-06-07,C01074,West,Online,Beauty,Makeup Kit,2,43.1,0.1,14.0
ORD000262,2025-06-08,C00290,South,Online,Fitness,Resistance Bands,2,21.91,0.0,7.48
ORD000262,2025-06-08,C00290,South,Online,Beauty,Hair Dryer,1,73.57,0.0,39.0
ORD001153,2025-06-08,C00035,West,Store,Beauty,Makeup Kit,3,43.05,0.0,14.0
ORD003616,2025-06-08,C00293,North,Online,Beauty,Makeup Kit,3,42.11,0.1,14.0
ORD003616,2025-06-08,C00293,North,Online,Beauty,Makeup Kit,2,37.85,0.05,14.0
ORD004935,2025-06-08,C00333,North,Online,Home,Storage Box,2,25.81,0.05,9.36
ORD004974,2025-06-08,C00725,East,Online,Electronics,Smartwatch,1,218.24,0.0,132.3
ORD005133,2025-06-08,C01245,East,Online,Fitness,Dumbbells,1,75.09,0.2,39.9
ORD005133,2025-06-08,C01245,East,Online,Fitness,Dumbbells,1,71.04,0.2,39.9
ORD005856,2025-06-08,C02170,North,Online,Home,Lamp,2,49.12,0.0,21.12
ORD005856,2025-06-08,C02170,North,Online,Fitness,Yoga Mat,1,29.15,0.1,12.6
ORD000383,2025-06-09,C00424,South,Online,Beauty,Skin Care Set,1,47.04,0.15,16.65
ORD000997,2025-06-09,C00703,North,Online,Fitness,Dumbbells,2,67.57,0.1,39.9
ORD001508,2025-06-09,C00482,East,Online,Home,Coffee Maker,2,91.38,0.1,52.25
ORD001672,2025-06-09,C00358,East,Store,Fitness,Dumbbells,1,73.7,0.15,39.9
ORD001672,2025-06-09,C00358,East,Store,Home,Storage Box,3,23.21,0.0,9.36
ORD002750,2025-06-09,C01358,West,Store,Fitness,Resistance Bands,1,22.87,0.1,7.48
ORD003950,2025-06-09,C02111,West,Online,Fitness,Yoga Mat,1,32.4,0.1,12.6
ORD004658,2025-06-09,C00212,East,Online,Beauty,Makeup Kit,2,42.59,0.0,14.0
ORD004783,2025-06-09,C00672,North,Online,Home,Storage Box,4,23.37,0.3,9.36
ORD004783,2025-06-09,C00672,North,Online,Electronics,Keyboard,1,65.65,0.1,33.8
ORD004992,2025-06-09,C00049,South,Store,Electronics,Headphones,1,89.95,0.15,49.3
ORD005346,2025-06-09,C00201,East,Online,Home,Coffee Maker,3,99.41,0.1,52.25
ORD005346,2025-06-09,C00201,East,Online,Electronics,Keyboard,1,69.85,0.05,33.8
ORD000236,2025-06-10,C00198,West,Online,Beauty,Makeup Kit,1,38.97,0.0,14.0
ORD001571,2025-06-10,C02168,North,Online,Fitness,Yoga Mat,1,31.72,0.15,12.6
ORD002102,2025-06-10,C00407,East,Store,Fitness,Yoga Mat,2,32.33,0.2,12.6
ORD002102,2025-06-10,C00407,East,Store,Electronics,Keyboard,1,65.68,0.2,33.8
ORD002375,2025-06-10,C01165,South,Online,Home,Coffee Maker,1,99.34,0.15,52.25
ORD002375,2025-06-10,C01165,South,Online,Fitness,Yoga Mat,4,31.22,0.05,12.6
ORD002994,2025-06-10,C00318,South,Online,Electronics,Headphones,1,91.1,0.0,49.3
ORD004313,2025-06-10,C02129,North,Store,Home,Storage Box,1,25.73,0.1,9.36
ORD004642,2025-06-10,C01272,South,Store,Beauty,Makeup Kit,1,41.54,0.2,14.0
ORD005066,2025-06-10,C02089,North,Store,Electronics,Keyboard,3,68.92,0.15,33.8
ORD005387,2025-06-10,C00446,East,Store,Beauty,Hair Dryer,1,78.61,0.1,39.0
ORD000347,2025-06-11,C00013,North,Online,Beauty,Skin Care Set,2,48.07,0.0,16.65
ORD000347,2025-06-11,C00013,North,Online,Electronics,Keyboard,1,64.71,0.15,33.8
ORD000551,2025-06-11,C00258,West,Store,Electronics,Headphones,3,85.32,0.0,49.3
ORD000551,2025-06-11,C00258,West,Store,Electronics,Headphones,3,85.64,0.0,49.3
ORD001210,2025-06-11,C00331,South,Online,Home,Lamp,2,48.75,0.0,21.12
ORD001210,2025-06-11,C00331,South,Online,Fitness,Resistance Bands,1,22.88,0.0,7.48
ORD002249,2025-06-11,C01463,West,Store,Electronics,Headphones,1,87.34,0.2,49.3
ORD002249,2025-06-11,C01463,West,Store,Fitness,Resistance Bands,2,22.43,0.1,7.48
ORD002790,2025-06-11,C00185,North,Marketplace,Electronics,Headphones,2,81.2,0.1,49.3
ORD003570,2025-06-11,C02112,North,Store,Fitness,Dumbbells,2,71.1,0.1,39.9
ORD003570,2025-06-11,C02112,North,Store,Electronics,Smartwatch,1,203.35,0.15,132.3
ORD005488,2025-06-11,C01178,West,Online,Home,Storage Box,1,23.94,0.1,9.36
ORD005689,2025-06-11,C00642,South,Online,Beauty,Skin Care Set,2,42.71,0.0,16.65
ORD001850,2025-06-12,C00492,North,Marketplace,Electronics,Headphones,2,90.58,0.1,49.3
ORD001850,2025-06-12,C00492,North,Marketplace,Beauty,Skin Care Set,1,43.46,0.3,16.65
ORD002242,2025-06-12,C00500,South,Online,Fitness,Yoga Mat,2,31.03,0.0,12.6
ORD004346,2025-06-12,C00318,East,Online,Beauty,Hair Dryer,1,75.31,0.0,39.0
ORD004638,2025-06-12,C00931,East,Online,Home,Coffee Maker,1,94.58,0.15,52.25
ORD004638,2025-06-12,C00931,East,Online,Beauty,Makeup Kit,1,40.03,0.15,14.0
ORD004898,2025-06-12,C01139,South,Online,Fitness,Dumbbells,1,70.51,0.05,39.9
ORD004898,2025-06-12,C01139,South,Online,Home,Storage Box,1,23.26,0.1,9.36
ORD000143,2025-06-13,C00520,North,Store,Home,Lamp,1,48.75,0.05,21.12
ORD002542,2025-06-13,C01590,East,Online,Home,Lamp,3,48.32,0.1,21.12
ORD002542,2025-06-13,C01590,East,Online,Fitness,Yoga Mat,1,28.39,0.0,12.6
ORD002681,2025-06-13,C00309,North,Online,Home,Lamp,4,48.89,0.05,21.12
ORD003276,2025-06-13,C00410,West,Online,Fitness,Resistance Bands,4,22.91,0.0,7.48
ORD003276,2025-06-13,C00410,West,Online,Beauty,Skin Care Set,1,45.06,0.0,16.65
ORD003314,2025-06-13,C01790,West,Online,Home,Storage Box,2,24.82,0.15,9.36
ORD003314,2025-06-13,C01790,West,Online,Home,Storage Box,1,25.08,0.0,9.36
ORD005096,2025-06-13,C00398,South,Store,Fitness,Dumbbells,1,72.87,0.1,39.9
ORD005096,2025-06-13,C00398,South,Store,Electronics,Keyboard,1,69.78,0.1,33.8
ORD002424,2025-06-14,C00515,West,Marketplace,Fitness,Yoga Mat,1,28.6,0.1,12.6
ORD002424,2025-06-14,C00515,West,Marketplace,Fitness,Resistance Bands,1,22.06,0.0,7.48
ORD003550,2025-06-14,C00186,South,Store,Home,Storage Box,1,24.11,0.0,9.36
ORD003550,2025-06-14,C00186,South,Store,Electronics,Smartwatch,2,211.73,0.0,132.3
ORD005087,2025-06-14,C00933,North,Store,Fitness,Resistance Bands,2,23.38,0.0,7.48
ORD005421,2025-06-14,C00145,West,Store,Home,Storage Box,1,24.23,0.05,9.36
ORD005596,2025-06-14,C00111,South,Online,Fitness,Yoga Mat,1,30.26,0.15,12.6
ORD005596,2025-06-14,C00111,South,Online,Electronics,Smartwatch,1,215.89,0.15,132.3
ORD005619,2025-06-14,C00643,East,Marketplace,Electronics,Keyboard,2,63.23,0.1,33.8
ORD005619,2025-06-14,C00643,East,Marketplace,Beauty,Skin Care Set,1,42.87,0.15,16.65
ORD005790,2025-06-14,C00223,South,Online,Home,Coffee Maker,2,99.95,0.1,52.25
ORD005790,2025-06-14,C00223,South,Online,Home,Lamp,1,48.65,0.1,21.12
ORD000613,2025-06-15,C00122,North,Store,Home,Coffee Maker,2,100.79,0.0,52.25
ORD001075,2025-06-15,C02178,East,Marketplace,Beauty,Hair Dryer,2,74.69,0.1,39.0
ORD001840,2025-06-15,C00431,North,Store,Electronics,Headphones,3,84.58,0.05,49.3
ORD001846,2025-06-15,C02007,South,Online,Electronics,Smartwatch,1,207.39,0.0,132.3
ORD001846,2025-06-15,C02007,South,Online,Beauty,Skin Care Set,1,43.97,0.0,16.65
ORD002255,2025-06-15,C00661,North,Store,Beauty,Skin Care Set,1,43.85,0.0,16.65
ORD002255,2025-06-15,C00661,North,Store,Fitness,Dumbbells,1,66.09,0.05,39.9
ORD004072,2025-06-15,C00182,North,Online,Fitness,Dumbbells,1,70.34,0.0,39.9
ORD004072,2025-06-15,C00182,North,Online,Fitness,Resistance Bands,1,20.81,0.0,7.48
ORD000092,2025-06-16,C00613,North,Online,Fitness,Dumbbells,2,73.39,0.0,39.9
ORD000403,2025-06-16,C01242,South,Store,Electronics,Headphones,1,80.96,0.0,49.3
ORD000403,2025-06-16,C01242,South,Store,Beauty,Hair Dryer,1,81.48,0.0,39.0
ORD000491,2025-06-16,C00625,East,Online,Fitness,Resistance Bands,2,23.58,0.0,7.48
ORD000887,2025-06-16,C00349,East,Online,Electronics,Keyboard,2,61.77,0.1,33.8
ORD000887,2025-06-16,C00349,East,Online,Home,Storage Box,1,25.22,0.1,9.36
ORD001460,2025-06-16,C02117,South,Store,Home,Storage Box,2,24.33,0.1,9.36
ORD002188,2025-06-16,C01257,East,Marketplace,Fitness,Yoga Mat,2,28.91,0.0,12.6
ORD002188,2025-06-16,C01257,East,Marketplace,Beauty,Hair Dryer,1,79.52,0.05,39.0
ORD002662,2025-06-16,C01389,West,Online,Beauty,Makeup Kit,2,42.39,0.0,14.0
ORD002699,2025-06-16,C00132,West,Online,Electronics,Headphones,3,83.89,0.1,49.3
ORD002943,2025-06-16,C00285,North,Online,Home,Lamp,1,48.3,0.0,21.12
ORD003641,2025-06-16,C01753,East,Online,Beauty,Makeup Kit,3,39.18,0.3,14.0
ORD003641,2025-06-16,C01753,East,Online,Beauty,Hair Dryer,1,80.02,0.0,39.0
ORD004711,2025-06-16,C01867,North,Store,Home,Storage Box,3,24.02,0.15,9.36
ORD004936,2025-06-16,C00082,West,Online,Electronics,Smartwatch,1,218.01,0.0,132.3
ORD005310,2025-06-16,C00129,West,Store,Home,Storage Box,2,24.61,0.2,9.36
ORD005310,2025-06-16,C00129,West,Store,Home,Coffee Maker,1,89.79,0.0,52.25
ORD005629,2025-06-16,C00550,South,Online,Fitness,Yoga Mat,2,32.37,0.1,12.6
ORD005629,2025-06-16,C00550,South,Online,Electronics,Headphones,1,83.04,0.15,49.3
ORD005709,2025-06-16,C00522,East,Marketplace,Beauty,Makeup Kit,1,40.65,0.1,14.0
ORD000334,2025-06-17,C00567,East,Store,Fitness,Dumbbells,1,69.96,0.0,39.9
ORD000334,2025-06-17,C00567,East,Store,Fitness,Yoga Mat,1,29.95,0.05,12.6
ORD000844,2025-06-17,C00521,West,Online,Home,Coffee Maker,2,98.5,0.3,52.25
ORD000928,2025-06-17,C00234,West,Store,Fitness,Yoga Mat,2,29.27,0.15,12.6
ORD000928,2025-06-17,C00234,West,Store,Electronics,Keyboard,1,68.34,0.1,33.8
ORD001092,2025-06-17,C00501,East,Store,Home,Storage Box,1,25.57,0.1,9.36
ORD001263,2025-06-17,C00634,South,Online,Electronics,Smartwatch,1,198.15,0.1,132.3
ORD001263,2025-06-17,C00634,South,Online,Home,Lamp,1,50.84,0.0,21.12
ORD001486,2025-06-17,C00076,South,Store,Beauty,Skin Care Set,1,47.83,0.15,16.65
ORD001486,2025-06-17,C00076,South,Store,Fitness,Dumbbells,1,75.53,0.0,39.9
ORD001730,2025-06-17,C00563,South,Online,Beauty,Hair Dryer,1,77.97,0.05,39.0
ORD001730,2025-06-17,C00563,South,Online,Electronics,Smartwatch,2,215.29,0.1,132.3
ORD002321,2025-06-17,C00488,East,Store,Fitness,Resistance Bands,1,23.3,0.05,7.48
ORD002321,2025-06-17,C00488,East,Store,Home,Storage Box,1,24.96,0.0,9.36
ORD002485,2025-06-17,C00612,West,Marketplace,Fitness,Dumbbells,2,66.13,0.0,39.9
ORD002485,2025-06-17,C00612,West,Marketplace,Beauty,Skin Care Set,1,45.5,0.15,16.65
ORD003160,2025-06-17,C01800,South,Store,Electronics,Headphones,1,86.09,0.1,49.3
ORD003160,2025-06-17,C01800,South,Store,Beauty,Makeup Kit,2,39.18,0.0,14.0
ORD004724,2025-06-17,C00491,North,Store,Beauty,Makeup Kit,1,38.07,0.0,14.0
ORD005036,2025-06-17,C01990,South,Online,Beauty,Hair Dryer,2,80.37,0.1,39.0
ORD005036,2025-06-17,C01990,South,Online,Fitness,Resistance Bands,2,21.44,0.1,7.48
ORD005114,2025-06-17,C00637,South,Online,Beauty,Hair Dryer,1,74.52,0.1,39.0
ORD005114,2025-06-17,C00637,South,Online,Electronics,Headphones,1,87.09,0.0,49.3
ORD005456,2025-06-17,C00648,East,Store,Beauty,Hair Dryer,1,84.03,0.05,39.0
ORD005456,2025-06-17,C00648,East,Store,Fitness,Dumbbells,2,69.47,0.1,39.9
ORD000093,2025-06-18,C00691,West,Online,Electronics,Keyboard,2,69.28,0.15,33.8
ORD000129,2025-06-18,C00126,West,Store,Electronics,Keyboard,1,67.86,0.0,33.8
ORD002933,2025-06-18,C01307,West,Online,Fitness,Resistance Bands,1,23.36,0.15,7.48
ORD002933,2025-06-18,C01307,West,Online,Fitness,Dumbbells,2,72.85,0.1,39.9
ORD003304,2025-06-18,C00080,South,Store,Electronics,Keyboard,4,63.67,0.15,33.8
ORD003304,2025-06-18,C00080,South,Store,Electronics,Smartwatch,1,202.78,0.1,132.3
ORD003828,2025-06-18,C01518,West,Online,Beauty,Makeup Kit,1,42.84,0.0,14.0
ORD005328,2025-06-18,C01711,East,Online,Electronics,Smartwatch,2,199.95,0.1,132.3
ORD005328,2025-06-18,C01711,East,Online,Beauty,Skin Care Set,1,48.34,0.0,16.65
ORD001003,2025-06-19,C00681,West,Store,Home,Coffee Maker,2,101.89,0.15,52.25
ORD001003,2025-06-19,C00681,West,Store,Fitness,Yoga Mat,1,30.98,0.05,12.6
ORD003216,2025-06-19,C00992,East,Online,Home,Lamp,1,46.33,0.0,21.12
ORD003472,2025-06-19,C02113,North,Marketplace,Electronics,Smartwatch,2,202.86,0.0,132.3
ORD003957,2025-06-19,C00361,East,Store,Home,Storage Box,1,25.83,0.15,9.36
ORD004307,2025-06-19,C00590,East,Online,Electronics,Keyboard,3,66.75,0.0,33.8
ORD004548,2025-06-19,C00640,East,Online,Fitness,Yoga Mat,2,28.89,0.1,12.6
ORD004924,2025-06-19,C00712,South,Online,Electronics,Headphones,1,89.18,0.05,49.3
ORD005568,2025-06-19,C01621,South,Online,Home,Storage Box,1,24.03,0.2,9.36
ORD000197,2025-06-20,C01170,East,Marketplace,Home,Lamp,2,47.26,0.0,21.12
ORD000197,2025-06-20,C01170,East,Marketplace,Electronics,Smartwatch,1,215.06,0.0,132.3
ORD000478,2025-06-20,C01313,South,Marketplace,Home,Coffee Maker,2,93.98,0.05,52.25
ORD001541,2025-06-20,C00404,East,Online,Home,Storage Box,2,25.02,0.1,9.36
ORD001541,2025-06-20,C00404,East,Online,Beauty,Hair Dryer,1,81.19,0.1,39.0
ORD002322,2025-06-20,C00555,North,Store,Beauty,Skin Care Set,3,48.02,0.15,16.65
ORD002322,2025-06-20,C00555,North,Store,Beauty,Makeup Kit,2,37.96,0.0,14.0
ORD002344,2025-06-20,C00914,East,Store,Electronics,Headphones,1,89.14,0.0,49.3
ORD002864,2025-06-20,C00755,East,Online,Beauty,Skin Care Set,1,44.07,0.1,16.65
ORD003190,2025-06-20,C02119,East,Online,Beauty,Makeup Kit,1,42.54,0.15,14.0
ORD003190,2025-06-20,C02119,East,Online,Beauty,Skin Care Set,2,43.6,0.0,16.65
ORD003868,2025-06-20,C00673,East,Online,Fitness,Dumbbells,1,74.85,0.15,39.9
ORD004104,2025-06-20,C00626,West,Online,Fitness,Dumbbells,1,71.76,0.05,39.9
ORD004104,2025-06-20,C00626,West,Online,Home,Lamp,1,49.9,0.2,21.12
ORD004146,2025-06-20,C00251,North,Store,Beauty,Makeup Kit,1,39.24,0.05,14.0
ORD004146,2025-06-20,C00251,North,Store,Beauty,Makeup Kit,1,40.47,0.15,14.0
ORD001369,2025-06-21,C00642,West,Online,Beauty,Hair Dryer,1,78.19,0.0,39.0
ORD001369,2025-06-21,C00642,West,Online,Electronics,Smartwatch,2,214.29,0.3,132.3
ORD001626,2025-06-21,C00205,West,Online,Electronics,Keyboard,2,63.42,0.1,33.8
ORD001626,2025-06-21,C00205,West,Online,Beauty,Hair Dryer,4,73.54,0.05,39.0
ORD001715,2025-06-21,C00476,North,Online,Electronics,Smartwatch,2,222.72,0.05,132.3
ORD002028,2025-06-21,C00542,East,Marketplace,Home,Coffee Maker,2,99.26,0.1,52.25
ORD002548,2025-06-21,C01783,East,Store,Fitness,Resistance Bands,2,20.95,0.05,7.48
ORD002548,2025-06-21,C01783,East,Store,Beauty,Hair Dryer,2,76.25,0.0,39.0
ORD000071,2025-06-22,C00418,East,Online,Electronics,Keyboard,1,68.85,0.15,33.8
ORD000071,2025-06-22,C00418,East,Online,Fitness,Dumbbells,1,67.58,0.05,39.9
ORD000080,2025-06-22,C00123,East,Marketplace,Home,Lamp,2,47.67,0.0,21.12
ORD001014,2025-06-22,C01428,South,Online,Fitness,Dumbbells,1,74.72,0.0,39.9
ORD001014,2025-06-22,C01428,South,Online,Beauty,Hair Dryer,2,77.61,0.1,39.0
ORD001399,2025-06-22,C00451,North,Online,Fitness,Resistance Bands,1,23.39,0.15,7.48
ORD001619,2025-06-22,C00391,South,Online,Electronics,Keyboard,1,67.69,0.1,33.8
ORD001751,2025-06-22,C00100,East,Online,Electronics,Smartwatch,1,208.03,0.1,132.3
ORD001751,2025-06-22,C00100,East,Online,Electronics,Smartwatch,2,225.37,0.1,132.3
ORD003297,2025-06-22,C01410,South,Store,Beauty,Hair Dryer,1,76.63,0.2,39.0
ORD003912,2025-06-22,C00663,North,Store,Beauty,Hair Dryer,1,81.19,0.15,39.0
ORD003912,2025-06-22,C00663,North,Store,Fitness,Resistance Bands,1,22.01,0.15,7.48
ORD004941,2025-06-22,C01572,West,Online,Fitness,Yoga Mat,2,32.14,0.05,12.6
ORD004941,2025-06-22,C01572,West,Online,Home,Coffee Maker,2,93.34,0.05,52.25
ORD000406,2025-06-23,C00139,West,Online,Electronics,Headphones,1,91.6,0.0,49.3
ORD000406,2025-06-23,C00139,West,Online,Home,Lamp,3,47.83,0.0,21.12
ORD001195,2025-06-23,C01217,North,Store,Beauty,Hair Dryer,2,81.07,0.1,39.0
ORD001870,2025-06-23,C00694,East,Marketplace,Fitness,Resistance Bands,1,22.66,0.0,7.48
ORD001870,2025-06-23,C00694,East,Marketplace,Home,Storage Box,1,24.15,0.05,9.36
ORD002283,2025-06-23,C00656,South,Marketplace,Beauty,Skin Care Set,1,45.29,0.1,16.65
ORD002650,2025-06-23,C01075,North,Store,Home,Lamp,1,50.34,0.0,21.12
ORD003223,2025-06-23,C00429,West,Online,Electronics,Smartwatch,1,220.18,0.0,132.3
ORD003453,2025-06-23,C00038,East,Store,Home,Coffee Maker,1,94.21,0.15,52.25
ORD003453,2025-06-23,C00038,East,Store,Beauty,Makeup Kit,1,42.32,0.05,14.0
ORD003951,2025-06-23,C00404,South,Online,Fitness,Resistance Bands,2,23.1,0.1,7.48
ORD004152,2025-06-23,C00634,South,Online,Beauty,Hair Dryer,2,80.12,0.0,39.0
ORD004152,2025-06-23,C00634,South,Online,Fitness,Yoga Mat,1,31.13,0.05,12.6
ORD004218,2025-06-23,C00387,North,Online,Home,Lamp,1,51.4,0.15,21.12
ORD004218,2025-06-23,C00387,North,Online,Electronics,Headphones,1,81.49,0.15,49.3
ORD004805,2025-06-23,C00484,West,Online,Home,Storage Box,1,24.4,0.0,9.36
ORD005249,2025-06-23,C01710,South,Online,Home,Storage Box,1,24.07,0.1,9.36
ORD005249,2025-06-23,C01710,South,Online,Home,Coffee Maker,1,93.28,0.1,52.25
ORD000396,2025-06-24,C00434,North,Store,Home,Coffee Maker,1,100.1,0.0,52.25
ORD001333,2025-06-24,C00050,East,Marketplace,Beauty,Hair Dryer,2,80.02,0.0,39.0
ORD001333,2025-06-24,C00050,East,Marketplace,Fitness,Yoga Mat,1,29.61,0.2,12.6
ORD001903,2025-06-24,C00417,West,Store,Electronics,Keyboard,1,65.1,0.1,33.8
ORD001903,2025-06-24,C00417,West,Store,Beauty,Hair Dryer,2,83.21,0.3,39.0
ORD002203,2025-06-24,C01927,North,Store,Beauty,Makeup Kit,2,38.79,0.05,14.0
ORD004030,2025-06-24,C01369,East,Marketplace,Fitness,Resistance Bands,1,23.27,0.0,7.48
ORD004030,2025-06-24,C01369,East,Marketplace,Beauty,Hair Dryer,3,81.93,0.15,39.0
ORD004654,2025-06-24,C00046,West,Online,Beauty,Skin Care Set,2,45.37,0.1,16.65
ORD004757,2025-06-24,C01708,North,Store,Fitness,Dumbbells,2,66.97,0.1,39.9
ORD004769,2025-06-24,C00413,South,Online,Electronics,Keyboard,1,68.52,0.0,33.8
ORD005926,2025-06-24,C00487,North,Online,Beauty,Skin Care Set,2,45.75,0.0,16.65
ORD005926,2025-06-24,C00487,North,Online,Fitness,Yoga Mat,1,28.86,0.1,12.6
ORD002792,2025-06-25,C00544,East,Store,Fitness,Dumbbells,1,67.76,0.0,39.9
ORD002792,2025-06-25,C00544,East,Store,Electronics,Smartwatch,3,224.03,0.0,132.3
ORD003218,2025-06-25,C00250,North,Store,Electronics,Smartwatch,4,218.29,0.05,132.3
ORD003218,2025-06-25,C00250,North,Store,Fitness,Yoga Mat,1,28.81,0.0,12.6
ORD003758,2025-06-25,C00441,South,Store,Home,Coffee Maker,1,93.92,0.3,52.25
ORD003758,2025-06-25,C00441,South,Store,Fitness,Resistance Bands,2,21.61,0.0,7.48
ORD005742,2025-06-25,C00136,East,Online,Home,Lamp,1,50.23,0.05,21.12
ORD005742,2025-06-25,C00136,East,Online,Fitness,Yoga Mat,1,31.29,0.0,12.6
ORD005864,2025-06-25,C00374,West,Store,Beauty,Skin Care Set,4,46.22,0.1,16.65
ORD005887,2025-06-25,C01668,South,Online,Beauty,Makeup Kit,2,41.54,0.05,14.0
ORD000830,2025-06-26,C00267,North,Marketplace,Home,Coffee Maker,1,91.4,0.0,52.25
ORD000830,2025-06-26,C00267,North,Marketplace,Beauty,Hair Dryer,2,78.81,0.15,39.0
ORD000969,2025-06-26,C01392,North,Online,Beauty,Makeup Kit,1,39.84,0.05,14.0
ORD001327,2025-06-26,C00104,North,Online,Beauty,Skin Care Set,4,46.91,0.1,16.65
ORD001477,2025-06-26,C00308,West,Online,Home,Storage Box,4,22.85,0.0,9.36
ORD001477,2025-06-26,C00308,West,Online,Beauty,Skin Care Set,1,46.01,0.15,16.65
ORD002729,2025-06-26,C00562,North,Online,Fitness,Dumbbells,2,70.35,0.0,39.9
ORD002729,2025-06-26,C00562,North,Online,Fitness,Yoga Mat,1,32.24,0.05,12.6
ORD004321,2025-06-26,C00694,South,Online,Electronics,Headphones,3,86.41,0.0,49.3
ORD004505,2025-06-26,C00516,East,Online,Home,Lamp,2,48.73,0.0,21.12
ORD005665,2025-06-26,C02039,South,Online,Fitness,Yoga Mat,1,31.92,0.0,12.6
ORD005665,2025-06-26,C02039,South,Online,Fitness,Dumbbells,1,70.4,0.05,39.9
ORD000982,2025-06-27,C00274,East,Store,Home,Storage Box,1,25.5,0.05,9.36
ORD001281,2025-06-27,C01941,South,Online,Home,Lamp,1,48.15,0.05,21.12
ORD001281,2025-06-27,C01941,South,Online,Beauty,Skin Care Set,1,44.11,0.05,16.65
ORD001308,2025-06-27,C00271,West,Online,Electronics,Smartwatch,1,210.66,0.0,132.3
ORD001392,2025-06-27,C01706,West,Store,Electronics,Headphones,1,91.35,0.15,49.3
ORD002186,2025-06-27,C00241,North,Online,Beauty,Hair Dryer,1,81.65,0.0,39.0
ORD002194,2025-06-27,C00120,North,Online,Home,Lamp,4,50.48,0.1,21.12
ORD000730,2025-06-28,C00021,South,Online,Beauty,Makeup Kit,2,39.42,0.1,14.0
ORD000740,2025-06-28,C01926,East,Store,Fitness,Resistance Bands,1,20.87,0.1,7.48
ORD000932,2025-06-28,C00104,West,Online,Beauty,Skin Care Set,2,45.14,0.2,16.65
ORD000932,2025-06-28,C00104,West,Online,Home,Lamp,1,48.24,0.0,21.12
ORD001050,2025-06-28,C00562,South,Online,Electronics,Keyboard,1,67.46,0.0,33.8
ORD001303,2025-06-28,C01378,West,Marketplace,Home,Lamp,1,49.7,0.0,21.12
ORD001303,2025-06-28,C01378,West,Marketplace,Beauty,Hair Dryer,3,80.69,0.15,39.0
ORD002162,2025-06-28,C00569,East,Store,Beauty,Hair Dryer,1,79.18,0.0,39.0
ORD002397,2025-06-28,C00355,North,Store,Electronics,Smartwatch,1,213.72,0.0,132.3
ORD000050,2025-06-29,C00389,East,Marketplace,Fitness,Resistance Bands,3,22.53,0.05,7.48
ORD000252,2025-06-29,C00065,North,Online,Electronics,Smartwatch,1,226.56,0.1,132.3
ORD000252,2025-06-29,C00065,North,Online,Electronics,Headphones,1,87.75,0.1,49.3
ORD000296,2025-06-29,C00011,North,Online,Home,Storage Box,2,25.34,0.05,9.36
ORD000296,2025-06-29,C00011,North,Online,Beauty,Makeup Kit,1,37.75,0.1,14.0
ORD000765,2025-06-29,C00555,South,Online,Fitness,Resistance Bands,3,23.51,0.1,7.48
ORD000765,2025-06-29,C00555,South,Online,Fitness,Yoga Mat,3,32.05,0.0,12.6
ORD000889,2025-06-29,C01839,South,Store,Beauty,Hair Dryer,2,76.52,0.3,39.0
ORD000889,2025-06-29,C01839,South,Store,Home,Storage Box,2,23.66,0.0,9.36
ORD001152,2025-06-29,C00184,East,Store,Electronics,Headphones,1,90.1,0.0,49.3
ORD001183,2025-06-29,C00666,North,Marketplace,Electronics,Smartwatch,1,215.41,0.1,132.3
ORD001860,2025-06-29,C00493,West,Store,Beauty,Skin Care Set,1,45.72,0.0,16.65
ORD001860,2025-06-29,C00493,West,Store,Home,Coffee Maker,2,102.06,0.0,52.25
ORD002439,2025-06-29,C00023,East,Online,Electronics,Smartwatch,2,220.71,0.05,132.3
ORD002439,2025-06-29,C00023,East,Online,Fitness,Dumbbells,2,74.56,0.1,39.9
ORD002550,2025-06-29,C01969,East,Store,Home,Storage Box,1,24.51,0.1,9.36
ORD003309,2025-06-29,C00137,East,Online,Electronics,Headphones,2,84.54,0.0,49.3
ORD004489,2025-06-29,C00444,South,Online,Home,Coffee Maker,1,102.24,0.15,52.25
ORD005855,2025-06-29,C01869,South,Store,Home,Storage Box,1,22.64,0.15,9.36
ORD000868,2025-06-30,C00275,West,Online,Beauty,Skin Care Set,3,44.77,0.05,16.65
ORD000868,2025-06-30,C00275,West,Online,Fitness,Resistance Bands,2,21.96,0.1,7.48
ORD002409,2025-06-30,C00560,East,Online,Beauty,Makeup Kit,1,41.52,0.15,14.0
ORD002409,2025-06-30,C00560,East,Online,Fitness,Resistance Bands,3,21.79,0.0,7.48
ORD003215,2025-06-30,C00949,North,Online,Home,Storage Box,2,25.91,0.05,9.36
ORD003215,2025-06-30,C00949,North,Online,Fitness,Yoga Mat,3,29.93,0.0,12.6
ORD003437,2025-06-30,C00470,South,Online,Electronics,Smartwatch,4,215.05,0.2,132.3
ORD004377,2025-06-30,C00445,East,Store,Fitness,Dumbbells,1,74.5,0.1,39.9
ORD004377,2025-06-30,C00445,East,Store,Beauty,Hair Dryer,1,80.32,0.1,39.0
ORD004473,2025-06-30,C00646,North,Online,Electronics,Headphones,1,87.15,0.1,49.3
ORD004473,2025-06-30,C00646,North,Online,Fitness,Dumbbells,1,74.9,0.0,39.9
ORD004706,2025-06-30,C00227,West,Store,Fitness,Yoga Mat,3,29.42,0.0,12.6
ORD004952,2025-06-30,C01070,North,Online,Electronics,Headphones,1,80.28,0.05,49.3
ORD001444,2025-07-01,C00182,South,Online,Fitness,Resistance Bands,1,21.42,0.1,7.48
ORD001666,2025-07-01,C00241,North,Online,Fitness,Resistance Bands,1,22.61,0.0,7.48
ORD001761,2025-07-01,C00466,North,Online,Home,Lamp,1,51.62,0.1,21.12
ORD003260,2025-07-01,C00550,West,Store,Electronics,Keyboard,1,66.63,0.0,33.8
ORD003562,2025-07-01,C01963,East,Store,Home,Storage Box,1,25.16,0.0,9.36
ORD003814,2025-07-01,C00288,East,Marketplace,Electronics,Headphones,2,81.47,0.15,49.3
ORD003814,2025-07-01,C00288,East,Marketplace,Fitness,Yoga Mat,3,30.95,0.0,12.6
ORD005753,2025-07-01,C01658,South,Online,Home,Lamp,2,47.06,0.15,21.12
ORD000429,2025-07-02,C00414,North,Online,Home,Lamp,3,47.78,0.1,21.12
ORD000984,2025-07-02,C00462,North,Online,Electronics,Smartwatch,2,199.43,0.0,132.3
ORD000984,2025-07-02,C00462,North,Online,Beauty,Hair Dryer,3,84.12,0.0,39.0
ORD002064,2025-07-02,C00472,West,Online,Home,Lamp,4,45.52,0.0,21.12
ORD002289,2025-07-02,C00009,North,Online,Home,Coffee Maker,1,91.24,0.0,52.25
ORD002782,2025-07-02,C01745,North,Store,Fitness,Resistance Bands,1,22.69,0.15,7.48
ORD003005,2025-07-02,C00027,North,Online,Home,Lamp,1,45.53,0.2,21.12
ORD003005,2025-07-02,C00027,North,Online,Beauty,Skin Care Set,4,42.64,0.05,16.65
ORD003754,2025-07-02,C02005,North,Store,Fitness,Dumbbells,2,74.24,0.0,39.9
ORD003754,2025-07-02,C02005,North,Store,Beauty,Makeup Kit,1,42.42,0.1,14.0
ORD004055,2025-07-02,C00228,South,Marketplace,Beauty,Makeup Kit,2,37.6,0.05,14.0
ORD004055,2025-07-02,C00228,South,Marketplace,Electronics,Smartwatch,1,212.17,0.0,132.3
ORD004501,2025-07-02,C00594,North,Store,Fitness,Resistance Bands,4,22.53,0.0,7.48
ORD004501,2025-07-02,C00594,North,Store,Fitness,Yoga Mat,4,31.09,0.15,12.6
ORD000208,2025-07-03,C01238,South,Store,Beauty,Hair Dryer,2,81.25,0.05,39.0
ORD000208,2025-07-03,C01238,South,Store,Electronics,Headphones,4,88.93,0.05,49.3
ORD000538,2025-07-03,C00554,North,Online,Home,Storage Box,1,23.95,0.3,9.36
ORD000684,2025-07-03,C01071,West,Online,Home,Coffee Maker,1,90.64,0.15,52.25
ORD000684,2025-07-03,C01071,West,Online,Fitness,Yoga Mat,3,28.5,0.2,12.6
ORD001127,2025-07-03,C00557,North,Store,Electronics,Keyboard,3,65.79,0.0,33.8
ORD001127,2025-07-03,C00557,North,Store,Beauty,Skin Care Set,1,43.07,0.0,16.65
ORD001344,2025-07-03,C00014,South,Online,Home,Coffee Maker,1,98.16,0.0,52.25
ORD001344,2025-07-03,C00014,South,Online,Beauty,Makeup Kit,2,42.71,0.0,14.0
ORD001834,2025-07-03,C00370,South,Online,Home,Coffee Maker,1,100.99,0.2,52.25
ORD001834,2025-07-03,C00370,South,Online,Home,Lamp,1,48.69,0.0,21.12
ORD002401,2025-07-03,C00488,South,Online,Beauty,Skin Care Set,3,42.91,0.0,16.65
ORD002401,2025-07-03,C00488,South,Online,Home,Lamp,1,49.4,0.0,21.12
ORD003154,2025-07-03,C00667,West,Marketplace,Beauty,Hair Dryer,1,83.77,0.05,39.0
ORD003154,2025-07-03,C00667,West,Marketplace,Electronics,Headphones,1,87.61,0.0,49.3
ORD004525,2025-07-03,C00680,South,Store,Home,Lamp,1,50.82,0.0,21.12
ORD004525,2025-07-03,C00680,South,Store,Home,Coffee Maker,1,93.31,0.2,52.25
ORD004798,2025-07-03,C01781,North,Online,Beauty,Skin Care Set,1,43.46,0.1,16.65
ORD005580,2025-07-03,C00920,East,Store,Home,Storage Box,1,23.32,0.15,9.36
ORD005580,2025-07-03,C00920,East,Store,Electronics,Keyboard,1,61.13,0.2,33.8
ORD000133,2025-07-04,C01327,North,Online,Home,Coffee Maker,1,97.82,0.05,52.25
ORD000445,2025-07-04,C00918,West,Store,Fitness,Dumbbells,3,72.55,0.05,39.9
ORD001157,2025-07-04,C00698,East,Store,Home,Coffee Maker,1,101.26,0.05,52.25
ORD001157,2025-07-04,C00698,East,Store,Fitness,Resistance Bands,3,22.6,0.15,7.48
ORD002208,2025-07-04,C00499,West,Store,Home,Coffee Maker,3,101.0,0.15,52.25
ORD002208,2025-07-04,C00499,West,Store,Electronics,Headphones,4,88.48,0.05,49.3
ORD003523,2025-07-04,C00355,North,Marketplace,Home,Storage Box,1,24.46,0.1,9.36
ORD003693,2025-07-04,C00567,West,Online,Electronics,Headphones,4,85.43,0.15,49.3
ORD004513,2025-07-04,C00142,North,Online,Electronics,Smartwatch,1,212.4,0.05,132.3
ORD004513,2025-07-04,C00142,North,Online,Beauty,Hair Dryer,4,76.15,0.0,39.0
ORD004616,2025-07-04,C01242,North,Online,Beauty,Hair Dryer,2,76.66,0.1,39.0
ORD005545,2025-07-04,C01253,East,Online,Fitness,Dumbbells,1,74.38,0.0,39.9
ORD005545,2025-07-04,C01253,East,Online,Fitness,Resistance Bands,2,21.72,0.1,7.48
ORD000496,2025-07-05,C01934,East,Online,Beauty,Skin Care Set,1,44.1,0.15,16.65
ORD000496,2025-07-05,C01934,East,Online,Fitness,Yoga Mat,1,31.75,0.05,12.6
ORD002187,2025-07-05,C00990,West,Online,Home,Coffee Maker,2,93.76,0.15,52.25
ORD002187,2025-07-05,C00990,West,Online,Home,Coffee Maker,1,97.81,0.0,52.25
ORD002823,2025-07-05,C01734,East,Online,Fitness,Yoga Mat,1,30.74,0.0,12.6
ORD003603,2025-07-05,C00014,West,Online,Electronics,Keyboard,1,62.02,0.05,33.8
ORD003603,2025-07-05,C00014,West,Online,Fitness,Resistance Bands,1,22.66,0.0,7.48
ORD005286,2025-07-05,C01126,West,Store,Fitness,Resistance Bands,1,23.29,0.1,7.48
ORD005286,2025-07-05,C01126,West,Store,Electronics,Headphones,1,86.53,0.05,49.3
ORD005420,2025-07-05,C00821,East,Store,Beauty,Makeup Kit,1,41.97,0.1,14.0
ORD005420,2025-07-05,C00821,East,Store,Fitness,Resistance Bands,2,21.35,0.1,7.48
ORD001187,2025-07-06,C02079,South,Store,Fitness,Resistance Bands,1,20.83,0.15,7.48
ORD001187,2025-07-06,C02079,South,Store,Beauty,Makeup Kit,1,41.17,0.0,14.0
ORD001398,2025-07-06,C00424,North,Online,Home,Lamp,1,49.57,0.3,21.12
ORD002873,2025-07-06,C00414,South,Online,Electronics,Smartwatch,2,222.6,0.05,132.3
ORD002989,2025-07-06,C00466,West,Online,Fitness,Yoga Mat,1,30.06,0.2,12.6
ORD002989,2025-07-06,C00466,West,Online,Home,Storage Box,3,25.89,0.0,9.36
ORD003324,2025-07-06,C02102,South,Online,Fitness,Resistance Bands,2,22.0,0.2,7.48
ORD003734,2025-07-06,C01060,North,Store,Electronics,Smartwatch,1,216.57,0.1,132.3
ORD003734,2025-07-06,C01060,North,Store,Fitness,Yoga Mat,2,29.96,0.05,12.6
ORD005767,2025-07-06,C01010,West,Store,Home,Lamp,1,47.04,0.1,21.12
ORD005767,2025-07-06,C01010,West,Store,Electronics,Keyboard,2,68.21,0.05,33.8
ORD001575,2025-07-07,C00686,West,Online,Home,Coffee Maker,2,90.45,0.2,52.25
ORD001753,2025-07-07,C00276,South,Marketplace,Beauty,Skin Care Set,4,46.74,0.0,16.65
ORD001753,2025-07-07,C00276,South,Marketplace,Home,Lamp,1,51.61,0.3,21.12
ORD002084,2025-07-07,C00411,South,Store,Electronics,Headphones,2,88.22,0.05,49.3
ORD002557,2025-07-07,C00619,North,Marketplace,Beauty,Makeup Kit,1,39.94,0.05,14.0
ORD002615,2025-07-07,C00225,North,Store,Home,Lamp,1,51.81,0.0,21.12
ORD002805,2025-07-07,C00163,West,Store,Beauty,Makeup Kit,2,38.32,0.0,14.0
ORD002805,2025-07-07,C00163,West,Store,Electronics,Smartwatch,1,220.15,0.05,132.3
ORD002973,2025-07-07,C00592,South,Online,Electronics,Headphones,2,81.18,0.0,49.3
ORD002973,2025-07-07,C00592,South,Online,Home,Storage Box,1,22.6,0.0,9.36
ORD002986,2025-07-07,C01561,North,Store,Home,Coffee Maker,1,96.48,0.05,52.25
ORD002986,2025-07-07,C01561,North,Store,Beauty,Hair Dryer,1,75.94,0.1,39.0
ORD002990,2025-07-07,C00004,North,Marketplace,Fitness,Resistance Bands,1,23.01,0.0,7.48
ORD002990,2025-07-07,C00004,North,Marketplace,Fitness,Dumbbells,1,73.31,0.1,39.9
ORD003122,2025-07-07,C00305,West,Marketplace,Home,Storage Box,1,25.02,0.05,9.36
ORD004400,2025-07-07,C00339,East,Online,Fitness,Dumbbells,3,66.66,0.0,39.9
ORD004400,2025-07-07,C00339,East,Online,Fitness,Dumbbells,2,67.78,0.0,39.9
ORD005431,2025-07-07,C00584,West,Online,Home,Coffee Maker,1,91.0,0.1,52.25
ORD005938,2025-07-07,C02040,East,Online,Fitness,Resistance Bands,2,21.02,0.05,7.48
ORD005938,2025-07-07,C02040,East,Online,Electronics,Smartwatch,1,205.7,0.0,132.3
ORD000323,2025-07-08,C02027,North,Store,Fitness,Dumbbells,2,68.32,0.1,39.9
ORD000323,2025-07-08,C02027,North,Store,Beauty,Hair Dryer,2,83.45,0.15,39.0
ORD000701,2025-07-08,C00288,East,Online,Beauty,Skin Care Set,2,46.35,0.05,16.65
ORD000701,2025-07-08,C00288,East,Online,Fitness,Resistance Bands,1,21.51,0.1,7.48
ORD000971,2025-07-08,C01602,West,Online,Beauty,Skin Care Set,1,45.64,0.05,16.65
ORD000971,2025-07-08,C01602,West,Online,Home,Storage Box,2,24.81,0.0,9.36
ORD001031,2025-07-08,C00069,East,Store,Fitness,Dumbbells,1,73.6,0.05,39.9
ORD001031,2025-07-08,C00069,East,Store,Beauty,Hair Dryer,1,79.1,0.1,39.0
ORD002922,2025-07-08,C00186,North,Online,Electronics,Keyboard,3,67.49,0.0,33.8
ORD002922,2025-07-08,C00186,North,Online,Fitness,Yoga Mat,2,30.12,0.05,12.6
ORD004650,2025-07-08,C00187,South,Online,Fitness,Dumbbells,1,71.94,0.0,39.9
ORD005847,2025-07-08,C00097,East,Store,Fitness,Resistance Bands,2,22.93,0.0,7.48
ORD000163,2025-07-09,C00161,North,Online,Beauty,Makeup Kit,2,42.62,0.05,14.0
ORD000788,2025-07-09,C00070,South,Online,Home,Storage Box,1,24.21,0.1,9.36
ORD001227,2025-07-09,C00247,North,Store,Beauty,Hair Dryer,3,77.04,0.0,39.0
ORD001227,2025-07-09,C00247,North,Store,Electronics,Smartwatch,1,222.26,0.0,132.3
ORD001711,2025-07-09,C00549,East,Online,Electronics,Keyboard,1,63.7,0.05,33.8
ORD002079,2025-07-09,C00129,North,Marketplace,Home,Storage Box,2,22.96,0.05,9.36
ORD002079,2025-07-09,C00129,North,Marketplace,Home,Coffee Maker,1,98.18,0.0,52.25
ORD002157,2025-07-09,C00360,West,Store,Electronics,Headphones,1,88.06,0.0,49.3
ORD002157,2025-07-09,C00360,West,Store,Fitness,Yoga Mat,3,31.25,0.1,12.6
ORD003607,2025-07-09,C00535,North,Store,Home,Storage Box,1,24.96,0.1,9.36
ORD004064,2025-07-09,C00861,East,Store,Electronics,Headphones,1,85.38,0.0,49.3
ORD004064,2025-07-09,C00861,East,Store,Beauty,Skin Care Set,1,43.42,0.15,16.65
ORD004295,2025-07-09,C00987,North,Online,Beauty,Hair Dryer,1,76.73,0.05,39.0
ORD004295,2025-07-09,C00987,North,Online,Electronics,Smartwatch,2,205.12,0.0,132.3
ORD004393,2025-07-09,C00838,North,Online,Electronics,Keyboard,1,62.96,0.1,33.8
ORD004393,2025-07-09,C00838,North,Online,Beauty,Skin Care Set,2,43.51,0.05,16.65
ORD004954,2025-07-09,C00278,North,Online,Electronics,Smartwatch,1,205.9,0.15,132.3
ORD004954,2025-07-09,C00278,North,Online,Electronics,Headphones,2,86.38,0.15,49.3
ORD005360,2025-07-09,C01312,East,Store,Fitness,Resistance Bands,2,22.96,0.2,7.48
ORD000916,2025-07-10,C01851,North,Store,Fitness,Dumbbells,4,69.21,0.3,39.9
ORD002248,2025-07-10,C00480,North,Online,Electronics,Keyboard,3,61.39,0.15,33.8
ORD002682,2025-07-10,C01031,West,Store,Electronics,Smartwatch,2,216.38,0.0,132.3
ORD002682,2025-07-10,C01031,West,Store,Home,Coffee Maker,1,100.34,0.0,52.25
ORD003352,2025-07-10,C00271,East,Online,Beauty,Hair Dryer,3,83.54,0.2,39.0
ORD003352,2025-07-10,C00271,East,Online,Beauty,Hair Dryer,2,75.57,0.3,39.0
ORD005245,2025-07-10,C00077,South,Marketplace,Home,Storage Box,3,24.02,0.1,9.36
ORD005245,2025-07-10,C00077,South,Marketplace,Home,Lamp,1,51.69,0.2,21.12
ORD005318,2025-07-10,C01491,North,Online,Electronics,Headphones,2,89.52,0.0,49.3
ORD000160,2025-07-11,C00318,South,Online,Fitness,Resistance Bands,3,23.06,0.0,7.48
ORD000160,2025-07-11,C00318,South,Online,Electronics,Keyboard,2,67.83,0.1,33.8
ORD000575,2025-07-11,C00270,East,Online,Beauty,Makeup Kit,1,39.21,0.0,14.0
ORD000772,2025-07-11,C00929,South,Online,Electronics,Smartwatch,1,205.36,0.1,132.3
ORD000772,2025-07-11,C00929,South,Online,Electronics,Headphones,1,81.83,0.0,49.3
ORD000905,2025-07-11,C00545,North,Online,Home,Lamp,1,46.53,0.15,21.12
ORD000931,2025-07-11,C00431,East,Online,Beauty,Skin Care Set,1,43.56,0.0,16.65
ORD002316,2025-07-11,C00711,North,Online,Electronics,Headphones,2,84.35,0.2,49.3
ORD002378,2025-07-11,C01616,West,Online,Home,Lamp,3,47.79,0.15,21.12
ORD002378,2025-07-11,C01616,West,Online,Electronics,Headphones,2,90.43,0.05,49.3
ORD002942,2025-07-11,C00347,South,Online,Electronics,Smartwatch,1,225.61,0.0,132.3
ORD002942,2025-07-11,C00347,South,Online,Beauty,Makeup Kit,2,39.28,0.15,14.0
ORD003425,2025-07-11,C00382,West,Online,Home,Coffee Maker,2,101.63,0.15,52.25
ORD003425,2025-07-11,C00382,West,Online,Electronics,Smartwatch,3,218.31,0.15,132.3
ORD004126,2025-07-11,C01860,South,Online,Beauty,Hair Dryer,2,74.64,0.15,39.0
ORD004126,2025-07-11,C01860,South,Online,Home,Coffee Maker,1,97.08,0.05,52.25
ORD004381,2025-07-11,C00514,South,Store,Home,Storage Box,3,24.34,0.05,9.36
ORD004381,2025-07-11,C00514,South,Store,Home,Storage Box,2,22.6,0.0,9.36
ORD004520,2025-07-11,C00905,West,Online,Electronics,Smartwatch,2,219.22,0.0,132.3
ORD005967,2025-07-11,C00576,South,Store,Beauty,Makeup Kit,1,39.35,0.05,14.0
ORD005967,2025-07-11,C00576,South,Store,Beauty,Hair Dryer,2,79.53,0.0,39.0
ORD001363,2025-07-12,C00489,East,Store,Fitness,Yoga Mat,3,28.23,0.15,12.6
ORD001363,2025-07-12,C00489,East,Store,Electronics,Headphones,4,87.59,0.05,49.3
ORD002219,2025-07-12,C00167,South,Store,Home,Lamp,1,51.0,0.1,21.12
ORD002219,2025-07-12,C00167,South,Store,Beauty,Hair Dryer,1,81.77,0.05,39.0
ORD004120,2025-07-12,C02030,North,Store,Fitness,Resistance Bands,2,22.37,0.0,7.48
ORD004133,2025-07-12,C00553,East,Online,Beauty,Makeup Kit,4,38.21,0.0,14.0
ORD005204,2025-07-12,C00164,North,Online,Electronics,Smartwatch,2,211.07,0.1,132.3
ORD005204,2025-07-12,C00164,North,Online,Fitness,Resistance Bands,1,21.89,0.0,7.48
ORD005478,2025-07-12,C00569,North,Store,Fitness,Yoga Mat,1,31.5,0.1,12.6
ORD005705,2025-07-12,C01932,South,Online,Beauty,Makeup Kit,2,42.33,0.05,14.0
ORD005705,2025-07-12,C01932,South,Online,Beauty,Skin Care Set,3,47.49,0.0,16.65
ORD000590,2025-07-13,C00634,North,Online,Home,Lamp,1,47.57,0.0,21.12
ORD001890,2025-07-13,C02042,West,Online,Home,Storage Box,1,23.87,0.1,9.36
ORD002329,2025-07-13,C02024,North,Online,Beauty,Hair Dryer,2,83.52,0.1,39.0
ORD002541,2025-07-13,C00151,North,Marketplace,Beauty,Hair Dryer,1,73.93,0.1,39.0
ORD002596,2025-07-13,C00109,North,Store,Fitness,Resistance Bands,1,23.12,0.15,7.48
ORD002870,2025-07-13,C01014,South,Online,Beauty,Makeup Kit,2,42.17,0.2,14.0
ORD004187,2025-07-13,C00370,West,Online,Electronics,Headphones,1,91.7,0.05,49.3
ORD004187,2025-07-13,C00370,West,Online,Electronics,Keyboard,1,67.34,0.05,33.8
ORD004320,2025-07-13,C00550,South,Online,Electronics,Headphones,2,80.13,0.0,49.3
ORD004320,2025-07-13,C00550,South,Online,Fitness,Yoga Mat,1,32.31,0.05,12.6
ORD004407,2025-07-13,C00262,East,Online,Beauty,Skin Care Set,3,45.51,0.0,16.65
ORD004407,2025-07-13,C00262,East,Online,Fitness,Yoga Mat,1,29.97,0.05,12.6
ORD005349,2025-07-13,C00103,East,Online,Home,Lamp,2,51.76,0.1,21.12
ORD000543,2025-07-14,C01771,West,Online,Home,Storage Box,1,24.46,0.15,9.36
ORD002314,2025-07-14,C00023,North,Online,Beauty,Hair Dryer,1,74.59,0.0,39.0
ORD002314,2025-07-14,C00023,North,Online,Electronics,Keyboard,2,64.38,0.2,33.8
ORD003511,2025-07-14,C01788,East,Online,Home,Storage Box,2,23.4,0.2,9.36
ORD003511,2025-07-14,C01788,East,Online,Electronics,Smartwatch,2,208.55,0.15,132.3
ORD003679,2025-07-14,C00524,East,Online,Fitness,Resistance Bands,2,21.31,0.05,7.48
ORD003679,2025-07-14,C00524,East,Online,Beauty,Makeup Kit,1,41.52,0.1,14.0
ORD005350,2025-07-14,C00396,North,Store,Home,Lamp,3,48.02,0.0,21.12
ORD005350,2025-07-14,C00396,North,Store,Home,Coffee Maker,2,99.46,0.2,52.25
ORD005764,2025-07-14,C01854,West,Online,Electronics,Headphones,1,88.96,0.15,49.3
ORD005764,2025-07-14,C01854,West,Online,Fitness,Resistance Bands,3,22.67,0.15,7.48
ORD000011,2025-07-15,C01636,South,Marketplace,Home,Coffee Maker,1,100.0,0.05,52.25
ORD000011,2025-07-15,C01636,South,Marketplace,Electronics,Headphones,2,83.33,0.0,49.3
ORD001184,2025-07-15,C00409,East,Online,Electronics,Keyboard,1,68.42,0.0,33.8
ORD001251,2025-07-15,C00608,North,Online,Electronics,Smartwatch,3,224.27,0.05,132.3
ORD001251,2025-07-15,C00608,North,Online,Electronics,Headphones,1,82.56,0.0,49.3
ORD001638,2025-07-15,C01031,South,Online,Electronics,Headphones,1,85.24,0.05,49.3
ORD002728,2025-07-15,C01429,West,Marketplace,Fitness,Dumbbells,1,68.66,0.0,39.9
ORD003337,2025-07-15,C00180,North,Online,Home,Lamp,2,47.35,0.1,21.12
ORD003458,2025-07-15,C01547,North,Online,Beauty,Hair Dryer,2,75.21,0.1,39.0
ORD004466,2025-07-15,C00604,West,Online,Beauty,Skin Care Set,1,44.9,0.0,16.65
ORD004466,2025-07-15,C00604,West,Online,Beauty,Makeup Kit,4,38.07,0.15,14.0
ORD005873,2025-07-15,C00667,North,Store,Home,Storage Box,1,24.57,0.0,9.36
ORD000261,2025-07-16,C00195,West,Online,Beauty,Skin Care Set,1,46.14,0.1,16.65
ORD000261,2025-07-16,C00195,West,Online,Home,Storage Box,1,24.66,0.2,9.36
ORD000508,2025-07-16,C00077,West,Store,Fitness,Yoga Mat,3,30.86,0.0,12.6
ORD000508,2025-07-16,C00077,West,Store,Beauty,Hair Dryer,1,84.03,0.0,39.0
ORD000747,2025-07-16,C00629,North,Online,Fitness,Dumbbells,1,66.7,0.0,39.9
ORD000747,2025-07-16,C00629,North,Online,Fitness,Resistance Bands,1,21.4,0.0,7.48
ORD001419,2025-07-16,C00736,North,Store,Electronics,Smartwatch,1,199.79,0.15,132.3
ORD001419,2025-07-16,C00736,North,Store,Fitness,Dumbbells,3,67.59,0.1,39.9
ORD004923,2025-07-16,C01596,North,Store,Fitness,Yoga Mat,1,31.96,0.15,12.6
ORD005252,2025-07-16,C00529,East,Online,Home,Lamp,1,45.2,0.05,21.12
ORD005252,2025-07-16,C00529,East,Online,Fitness,Dumbbells,1,71.0,0.05,39.9
ORD000626,2025-07-17,C00672,East,Online,Electronics,Keyboard,1,69.4,0.05,33.8
ORD000626,2025-07-17,C00672,East,Online,Fitness,Yoga Mat,3,32.04,0.05,12.6
ORD001713,2025-07-17,C00159,West,Online,Beauty,Hair Dryer,1,75.4,0.0,39.0
ORD001713,2025-07-17,C00159,West,Online,Beauty,Makeup Kit,2,43.03,0.15,14.0
ORD002174,2025-07-17,C00456,East,Online,Home,Lamp,2,45.33,0.1,21.12
ORD003942,2025-07-17,C00121,South,Store,Electronics,Smartwatch,1,205.53,0.0,132.3
ORD004917,2025-07-17,C00536,East,Store,Home,Storage Box,1,25.25,0.05,9.36
ORD000227,2025-07-18,C00305,West,Store,Beauty,Hair Dryer,4,84.07,0.05,39.0
ORD000227,2025-07-18,C00305,West,Store,Fitness,Resistance Bands,1,23.62,0.0,7.48
ORD000621,2025-07-18,C00044,West,Online,Beauty,Makeup Kit,1,42.24,0.0,14.0
ORD000621,2025-07-18,C00044,West,Online,Beauty,Makeup Kit,3,37.9,0.1,14.0
ORD001695,2025-07-18,C01847,East,Store,Home,Lamp,1,49.77,0.0,21.12
ORD002073,2025-07-18,C00687,West,Online,Electronics,Smartwatch,1,206.85,0.0,132.3
ORD002073,2025-07-18,C00687,West,Online,Fitness,Yoga Mat,1,30.69,0.1,12.6
ORD003242,2025-07-18,C00236,North,Store,Fitness,Resistance Bands,3,21.49,0.0,7.48
ORD003242,2025-07-18,C00236,North,Store,Home,Coffee Maker,1,94.47,0.1,52.25
ORD004255,2025-07-18,C00252,North,Online,Fitness,Yoga Mat,1,29.41,0.1,12.6
ORD004255,2025-07-18,C00252,North,Online,Fitness,Yoga Mat,2,29.04,0.05,12.6
ORD005120,2025-07-18,C00548,North,Online,Beauty,Hair Dryer,1,77.24,0.2,39.0
ORD005120,2025-07-18,C00548,North,Online,Electronics,Keyboard,2,63.86,0.0,33.8
ORD000900,2025-07-19,C00544,East,Online,Beauty,Hair Dryer,1,79.75,0.1,39.0
ORD001174,2025-07-19,C01594,West,Online,Home,Lamp,1,48.29,0.1,21.12
ORD001174,2025-07-19,C01594,West,Online,Home,Storage Box,3,25.0,0.1,9.36
ORD001757,2025-07-19,C00721,South,Online,Beauty,Skin Care Set,2,47.58,0.0,16.65
ORD001757,2025-07-19,C00721,South,Online,Home,Coffee Maker,3,94.51,0.1,52.25
ORD002023,2025-07-19,C02095,North,Store,Home,Lamp,3,50.62,0.1,21.12
ORD002747,2025-07-19,C00145,North,Online,Home,Lamp,2,47.81,0.1,21.12
ORD002747,2025-07-19,C00145,North,Online,Fitness,Dumbbells,1,68.54,0.3,39.9
ORD002919,2025-07-19,C02097,South,Store,Electronics,Headphones,1,87.03,0.2,49.3
ORD003502,2025-07-19,C01596,West,Online,Electronics,Headphones,4,80.6,0.1,49.3
ORD005238,2025-07-19,C01084,West,Online,Electronics,Keyboard,1,67.65,0.0,33.8
ORD005437,2025-07-19,C00436,North,Marketplace,Beauty,Makeup Kit,2,40.39,0.05,14.0
ORD005613,2025-07-19,C00267,South,Online,Home,Coffee Maker,2,96.3,0.1,52.25
ORD000400,2025-07-20,C00293,West,Marketplace,Beauty,Hair Dryer,1,81.75,0.05,39.0
ORD000400,2025-07-20,C00293,West,Marketplace,Beauty,Makeup Kit,1,42.28,0.1,14.0
ORD000680,2025-07-20,C01207,South,Online,Fitness,Dumbbells,1,70.67,0.15,39.9
ORD001173,2025-07-20,C00674,North,Marketplace,Beauty,Hair Dryer,1,77.12,0.05,39.0
ORD001173,2025-07-20,C00674,North,Marketplace,Home,Coffee Maker,3,95.33,0.05,52.25
ORD001292,2025-07-20,C00199,South,Marketplace,Home,Lamp,1,51.13,0.0,21.12
ORD001379,2025-07-20,C00887,North,Store,Home,Lamp,1,46.08,0.0,21.12
ORD001379,2025-07-20,C00887,North,Store,Electronics,Smartwatch,1,219.33,0.0,132.3
ORD002308,2025-07-20,C00667,South,Store,Home,Coffee Maker,1,91.09,0.15,52.25
ORD002817,2025-07-20,C00660,North,Online,Home,Coffee Maker,1,94.0,0.0,52.25
ORD002874,2025-07-20,C00646,South,Online,Electronics,Keyboard,2,66.78,0.2,33.8
ORD002874,2025-07-20,C00646,South,Online,Beauty,Hair Dryer,2,74.67,0.0,39.0
ORD005467,2025-07-20,C01589,North,Online,Home,Lamp,2,45.91,0.0,21.12
ORD000202,2025-07-21,C00408,West,Store,Beauty,Hair Dryer,1,80.89,0.15,39.0
ORD001433,2025-07-21,C00409,West,Store,Fitness,Yoga Mat,2,30.79,0.05,12.6
ORD001856,2025-07-21,C01004,South,Store,Fitness,Resistance Bands,1,20.79,0.1,7.48
ORD002877,2025-07-21,C01671,North,Store,Fitness,Dumbbells,2,67.47,0.0,39.9
ORD003691,2025-07-21,C00490,East,Store,Electronics,Keyboard,2,68.26,0.0,33.8
ORD004873,2025-07-21,C00113,South,Store,Home,Lamp,3,50.27,0.15,21.12
ORD004873,2025-07-21,C00113,South,Store,Fitness,Resistance Bands,3,22.51,0.05,7.48
ORD005121,2025-07-21,C00334,North,Online,Home,Coffee Maker,1,94.3,0.15,52.25
ORD000183,2025-07-22,C00673,East,Store,Fitness,Yoga Mat,1,31.13,0.0,12.6
ORD002494,2025-07-22,C01469,East,Online,Fitness,Yoga Mat,4,28.8,0.2,12.6
ORD003489,2025-07-22,C00682,East,Online,Beauty,Makeup Kit,1,40.48,0.2,14.0
ORD003489,2025-07-22,C00682,East,Online,Fitness,Yoga Mat,2,29.56,0.0,12.6
ORD004046,2025-07-22,C00593,East,Store,Home,Storage Box,1,23.93,0.0,9.36
ORD004502,2025-07-22,C01304,East,Online,Home,Lamp,3,46.64,0.0,21.12
ORD004558,2025-07-22,C00414,South,Online,Home,Lamp,1,49.21,0.05,21.12
ORD004558,2025-07-22,C00414,South,Online,Fitness,Yoga Mat,1,29.94,0.0,12.6
ORD005334,2025-07-22,C01493,East,Online,Fitness,Dumbbells,2,74.91,0.3,39.9
ORD000165,2025-07-23,C01371,North,Online,Beauty,Hair Dryer,2,76.58,0.0,39.0
ORD000165,2025-07-23,C01371,North,Online,Home,Storage Box,1,23.89,0.0,9.36
ORD001098,2025-07-23,C00281,West,Marketplace,Beauty,Skin Care Set,1,42.42,0.1,16.65
ORD001098,2025-07-23,C00281,West,Marketplace,Electronics,Headphones,2,85.47,0.05,49.3
ORD001456,2025-07-23,C01128,East,Store,Home,Coffee Maker,2,98.33,0.0,52.25
ORD001886,2025-07-23,C00678,North,Online,Home,Coffee Maker,2,100.88,0.05,52.25
ORD001886,2025-07-23,C00678,North,Online,Electronics,Keyboard,1,64.4,0.1,33.8
ORD002801,2025-07-23,C00472,East,Online,Beauty,Skin Care Set,2,46.03,0.05,16.65
ORD002801,2025-07-23,C00472,East,Online,Electronics,Headphones,1,87.17,0.15,49.3
ORD002992,2025-07-23,C00289,North,Online,Fitness,Resistance Bands,1,21.46,0.05,7.48
ORD003045,2025-07-23,C00405,West,Online,Home,Coffee Maker,1,94.36,0.2,52.25
ORD005333,2025-07-23,C00156,North,Online,Home,Lamp,1,48.59,0.1,21.12
ORD005333,2025-07-23,C00156,North,Online,Home,Storage Box,2,22.89,0.0,9.36
ORD000643,2025-07-24,C01973,North,Online,Fitness,Resistance Bands,1,21.06,0.15,7.48
ORD000643,2025-07-24,C01973,North,Online,Beauty,Makeup Kit,1,42.71,0.0,14.0
ORD001239,2025-07-24,C00316,North,Store,Electronics,Keyboard,2,67.69,0.05,33.8
ORD001287,2025-07-24,C00506,North,Marketplace,Electronics,Smartwatch,1,226.11,0.3,132.3
ORD001287,2025-07-24,C00506,North,Marketplace,Beauty,Makeup Kit,1,38.58,0.1,14.0
ORD003410,2025-07-24,C00493,West,Store,Electronics,Smartwatch,4,197.74,0.0,132.3
ORD003410,2025-07-24,C00493,West,Store,Electronics,Headphones,1,84.61,0.0,49.3
ORD003915,2025-07-24,C00622,North,Online,Beauty,Hair Dryer,2,81.89,0.3,39.0
ORD003915,2025-07-24,C00622,North,Online,Electronics,Keyboard,2,62.64,0.2,33.8
ORD004379,2025-07-24,C00357,North,Online,Home,Storage Box,1,24.24,0.0,9.36
ORD005259,2025-07-24,C00772,East,Store,Fitness,Dumbbells,2,69.29,0.0,39.9
ORD005654,2025-07-24,C00427,South,Store,Home,Lamp,1,47.62,0.2,21.12
ORD005654,2025-07-24,C00427,South,Store,Fitness,Dumbbells,2,74.0,0.0,39.9
ORD005750,2025-07-24,C00677,South,Marketplace,Electronics,Smartwatch,1,208.07,0.0,132.3
ORD005792,2025-07-24,C00217,North,Store,Home,Storage Box,2,24.71,0.0,9.36
ORD005999,2025-07-24,C00729,South,Online,Electronics,Smartwatch,2,223.16,0.2,132.3
ORD001264,2025-07-25,C00124,South,Online,Electronics,Smartwatch,1,215.48,0.0,132.3
ORD001264,2025-07-25,C00124,South,Online,Beauty,Hair Dryer,1,83.1,0.0,39.0
ORD001480,2025-07-25,C00577,South,Online,Beauty,Skin Care Set,3,45.23,0.2,16.65
ORD001480,2025-07-25,C00577,South,Online,Fitness,Dumbbells,2,72.03,0.15,39.9
ORD001515,2025-07-25,C00505,East,Store,Home,Lamp,1,47.73,0.0,21.12
ORD001515,2025-07-25,C00505,East,Store,Home,Lamp,1,45.77,0.0,21.12
ORD001776,2025-07-25,C00651,North,Online,Home,Lamp,1,47.16,0.1,21.12
ORD002816,2025-07-25,C00044,East,Store,Beauty,Makeup Kit,1,40.26,0.2,14.0
ORD003998,2025-07-25,C00349,South,Store,Home,Lamp,1,45.34,0.0,21.12
ORD003998,2025-07-25,C00349,South,Store,Fitness,Yoga Mat,1,31.17,0.05,12.6
ORD004904,2025-07-25,C01956,South,Online,Beauty,Skin Care Set,1,43.14,0.05,16.65
ORD005457,2025-07-25,C00194,North,Store,Fitness,Yoga Mat,3,29.55,0.1,12.6
ORD005706,2025-07-25,C01354,West,Store,Electronics,Smartwatch,2,213.73,0.05,132.3
ORD005706,2025-07-25,C01354,West,Store,Beauty,Skin Care Set,1,46.88,0.0,16.65
ORD000664,2025-07-26,C00722,South,Online,Electronics,Keyboard,2,63.27,0.15,33.8
ORD000664,2025-07-26,C00722,South,Online,Beauty,Hair Dryer,1,76.11,0.05,39.0
ORD000783,2025-07-26,C00691,South,Online,Beauty,Makeup Kit,4,39.35,0.1,14.0
ORD000783,2025-07-26,C00691,South,Online,Electronics,Headphones,1,91.38,0.0,49.3
ORD001547,2025-07-26,C00093,East,Online,Beauty,Makeup Kit,2,43.15,0.0,14.0
ORD001622,2025-07-26,C00341,South,Marketplace,Beauty,Skin Care Set,2,44.83,0.1,16.65
ORD001622,2025-07-26,C00341,South,Marketplace,Beauty,Skin Care Set,2,48.55,0.05,16.65
ORD001808,2025-07-26,C00604,East,Store,Beauty,Hair Dryer,1,77.41,0.2,39.0
ORD001808,2025-07-26,C00604,East,Store,Home,Storage Box,4,22.58,0.15,9.36
ORD001942,2025-07-26,C02138,North,Store,Beauty,Makeup Kit,3,42.17,0.05,14.0
ORD002175,2025-07-26,C00636,South,Online,Fitness,Dumbbells,1,69.0,0.2,39.9
ORD002175,2025-07-26,C00636,South,Online,Home,Lamp,2,45.36,0.15,21.12
ORD002332,2025-07-26,C00197,West,Store,Electronics,Keyboard,3,68.78,0.05,33.8
ORD002657,2025-07-26,C00582,West,Store,Electronics,Smartwatch,1,219.98,0.0,132.3
ORD002657,2025-07-26,C00582,West,Store,Beauty,Skin Care Set,3,43.53,0.0,16.65
ORD002850,2025-07-26,C00247,West,Online,Fitness,Resistance Bands,2,21.11,0.05,7.48
ORD004852,2025-07-26,C00642,North,Marketplace,Electronics,Headphones,2,88.01,0.1,49.3
ORD004852,2025-07-26,C00642,North,Marketplace,Electronics,Headphones,3,81.56,0.0,49.3
ORD001670,2025-07-27,C00564,South,Online,Beauty,Skin Care Set,1,47.26,0.05,16.65
ORD001670,2025-07-27,C00564,South,Online,Fitness,Resistance Bands,3,21.7,0.0,7.48
ORD001980,2025-07-27,C00172,West,Online,Home,Coffee Maker,1,97.07,0.0,52.25
ORD001980,2025-07-27,C00172,West,Online,Fitness,Yoga Mat,1,32.23,0.0,12.6
ORD004997,2025-07-27,C00486,East,Marketplace,Fitness,Yoga Mat,1,29.56,0.1,12.6
ORD005112,2025-07-27,C00471,North,Online,Fitness,Yoga Mat,1,30.33,0.0,12.6
ORD005655,2025-07-27,C01630,North,Online,Electronics,Headphones,1,85.21,0.05,49.3
ORD000120,2025-07-28,C01499,East,Marketplace,Home,Storage Box,1,24.69,0.2,9.36
ORD000120,2025-07-28,C01499,East,Marketplace,Beauty,Hair Dryer,1,77.78,0.1,39.0
ORD000573,2025-07-28,C01027,West,Online,Beauty,Makeup Kit,2,40.01,0.0,14.0
ORD000573,2025-07-28,C01027,West,Online,Beauty,Skin Care Set,4,47.96,0.05,16.65
ORD001914,2025-07-28,C00227,East,Online,Beauty,Hair Dryer,1,79.57,0.15,39.0
ORD001914,2025-07-28,C00227,East,Online,Electronics,Headphones,3,80.27,0.05,49.3
ORD002705,2025-07-28,C00485,North,Online,Home,Lamp,3,47.18,0.1,21.12
ORD002735,2025-07-28,C00073,South,Online,Electronics,Headphones,1,79.91,0.05,49.3
ORD002735,2025-07-28,C00073,South,Online,Electronics,Smartwatch,2,216.59,0.05,132.3
ORD003836,2025-07-28,C00055,North,Store,Beauty,Skin Care Set,1,46.92,0.15,16.65
ORD003836,2025-07-28,C00055,North,Store,Electronics,Keyboard,1,65.24,0.1,33.8
ORD004859,2025-07-28,C00568,North,Online,Electronics,Keyboard,1,63.38,0.0,33.8
ORD005508,2025-07-28,C00190,South,Marketplace,Home,Lamp,3,47.13,0.0,21.12
ORD005508,2025-07-28,C00190,South,Marketplace,Home,Lamp,1,47.29,0.0,21.12
ORD000378,2025-07-29,C01462,North,Store,Home,Storage Box,1,23.06,0.0,9.36
ORD000414,2025-07-29,C00679,West,Store,Fitness,Resistance Bands,1,23.09,0.1,7.48
ORD000414,2025-07-29,C00679,West,Store,Beauty,Skin Care Set,3,48.08,0.0,16.65
ORD000647,2025-07-29,C00509,West,Online,Fitness,Yoga Mat,3,29.68,0.05,12.6
ORD000647,2025-07-29,C00509,West,Online,Home,Lamp,1,50.63,0.05,21.12
ORD000918,2025-07-29,C00166,East,Online,Fitness,Yoga Mat,1,31.36,0.05,12.6
ORD000918,2025-07-29,C00166,East,Online,Electronics,Headphones,1,83.46,0.1,49.3
ORD002553,2025-07-29,C00742,South,Online,Home,Storage Box,1,25.65,0.0,9.36
ORD002890,2025-07-29,C00689,North,Store,Home,Lamp,1,49.08,0.0,21.12
ORD002890,2025-07-29,C00689,North,Store,Electronics,Headphones,2,83.19,0.0,49.3
ORD004296,2025-07-29,C01583,North,Online,Beauty,Makeup Kit,1,39.86,0.05,14.0
ORD004524,2025-07-29,C00467,East,Online,Fitness,Dumbbells,1,69.52,0.15,39.9
ORD004524,2025-07-29,C00467,East,Online,Home,Coffee Maker,1,89.81,0.2,52.25
ORD004667,2025-07-29,C00839,East,Store,Home,Lamp,1,51.49,0.15,21.12
ORD000756,2025-07-30,C01515,South,Online,Fitness,Resistance Bands,1,23.41,0.0,7.48
ORD001172,2025-07-30,C00463,West,Online,Fitness,Yoga Mat,1,32.17,0.15,12.6
ORD001172,2025-07-30,C00463,West,Online,Electronics,Smartwatch,2,219.75,0.0,132.3
ORD002047,2025-07-30,C00283,East,Online,Home,Storage Box,1,25.84,0.05,9.36
ORD002047,2025-07-30,C00283,East,Online,Electronics,Keyboard,4,64.68,0.0,33.8
ORD002457,2025-07-30,C00460,East,Online,Home,Lamp,2,47.68,0.0,21.12
ORD002546,2025-07-30,C00240,East,Store,Beauty,Makeup Kit,2,42.67,0.0,14.0
ORD002546,2025-07-30,C00240,East,Store,Fitness,Resistance Bands,1,23.43,0.0,7.48
ORD002906,2025-07-30,C00523,South,Online,Beauty,Skin Care Set,1,46.32,0.1,16.65
ORD003646,2025-07-30,C00302,South,Online,Fitness,Resistance Bands,2,22.57,0.0,7.48
ORD003646,2025-07-30,C00302,South,Online,Electronics,Smartwatch,2,198.33,0.05,132.3
ORD005625,2025-07-30,C01627,East,Online,Beauty,Hair Dryer,1,82.21,0.15,39.0
ORD005625,2025-07-30,C01627,East,Online,Beauty,Skin Care Set,1,44.27,0.2,16.65
ORD002066,2025-07-31,C02102,East,Marketplace,Beauty,Skin Care Set,1,44.76,0.15,16.65
ORD002374,2025-07-31,C00610,South,Store,Beauty,Hair Dryer,4,77.3,0.05,39.0
ORD002733,2025-07-31,C00419,North,Online,Home,Storage Box,2,25.68,0.05,9.36
ORD002733,2025-07-31,C00419,North,Online,Electronics,Smartwatch,2,214.92,0.0,132.3
ORD003705,2025-07-31,C02032,South,Store,Home,Storage Box,2,22.96,0.1,9.36
ORD004440,2025-07-31,C00618,North,Marketplace,Beauty,Hair Dryer,1,80.59,0.05,39.0
ORD000349,2025-08-01,C00490,South,Marketplace,Home,Lamp,4,47.04,0.15,21.12
ORD001166,2025-08-01,C00163,East,Store,Home,Storage Box,1,25.52,0.15,9.36
ORD001166,2025-08-01,C00163,East,Store,Electronics,Smartwatch,1,214.28,0.05,132.3
ORD002412,2025-08-01,C00527,West,Online,Beauty,Makeup Kit,1,41.65,0.05,14.0
ORD003096,2025-08-01,C00122,East,Online,Electronics,Smartwatch,3,226.49,0.0,132.3
ORD003096,2025-08-01,C00122,East,Online,Electronics,Keyboard,1,69.52,0.2,33.8
ORD005214,2025-08-01,C00443,North,Online,Fitness,Dumbbells,3,69.14,0.0,39.9
ORD005246,2025-08-01,C00408,South,Online,Home,Lamp,1,48.97,0.05,21.12
ORD005246,2025-08-01,C00408,South,Online,Electronics,Keyboard,1,69.77,0.05,33.8
ORD002256,2025-08-02,C00874,West,Online,Home,Coffee Maker,1,90.87,0.1,52.25
ORD002256,2025-08-02,C00874,West,Online,Beauty,Skin Care Set,1,46.68,0.1,16.65
ORD004712,2025-08-02,C00583,South,Online,Beauty,Makeup Kit,1,42.68,0.15,14.0
ORD005019,2025-08-02,C00641,West,Store,Beauty,Skin Care Set,1,47.52,0.05,16.65
ORD005019,2025-08-02,C00641,West,Store,Home,Coffee Maker,1,99.42,0.1,52.25
ORD005399,2025-08-02,C00179,South,Online,Beauty,Makeup Kit,1,39.85,0.0,14.0
ORD005668,2025-08-02,C01329,South,Store,Electronics,Headphones,3,84.07,0.05,49.3
ORD005668,2025-08-02,C01329,South,Store,Home,Storage Box,1,23.26,0.05,9.36
ORD000203,2025-08-03,C00325,East,Online,Fitness,Yoga Mat,1,32.37,0.15,12.6
ORD000203,2025-08-03,C00325,East,Online,Home,Lamp,4,45.23,0.05,21.12
ORD000510,2025-08-03,C00351,West,Store,Electronics,Headphones,1,91.65,0.05,49.3
ORD001338,2025-08-03,C01823,East,Store,Fitness,Yoga Mat,1,31.83,0.1,12.6
ORD001338,2025-08-03,C01823,East,Store,Electronics,Smartwatch,1,201.67,0.15,132.3
ORD002127,2025-08-03,C00106,North,Online,Beauty,Skin Care Set,2,46.07,0.05,16.65
ORD004908,2025-08-03,C00390,West,Online,Home,Lamp,1,49.4,0.05,21.12
ORD004908,2025-08-03,C00390,West,Online,Beauty,Skin Care Set,2,44.77,0.05,16.65
ORD000016,2025-08-04,C01260,North,Online,Electronics,Headphones,1,80.27,0.1,49.3
ORD001422,2025-08-04,C00265,East,Online,Beauty,Makeup Kit,2,38.35,0.05,14.0
ORD001422,2025-08-04,C00265,East,Online,Beauty,Makeup Kit,1,39.94,0.0,14.0
ORD002880,2025-08-04,C01174,South,Online,Beauty,Skin Care Set,1,47.88,0.1,16.65
ORD002880,2025-08-04,C01174,South,Online,Electronics,Smartwatch,1,211.72,0.15,132.3
ORD005067,2025-08-04,C00643,West,Store,Electronics,Headphones,1,91.59,0.0,49.3
ORD005067,2025-08-04,C00643,West,Store,Beauty,Makeup Kit,3,37.99,0.0,14.0
ORD000013,2025-08-05,C00567,West,Online,Electronics,Keyboard,2,67.15,0.15,33.8
ORD000013,2025-08-05,C00567,West,Online,Fitness,Dumbbells,1,73.45,0.0,39.9
ORD000421,2025-08-05,C00698,South,Online,Electronics,Headphones,4,89.36,0.0,49.3
ORD000695,2025-08-05,C01858,West,Online,Beauty,Makeup Kit,1,38.53,0.2,14.0
ORD001832,2025-08-05,C01218,West,Store,Electronics,Smartwatch,4,216.4,0.1,132.3
ORD002673,2025-08-05,C01115,West,Marketplace,Home,Lamp,1,50.47,0.05,21.12
ORD002745,2025-08-05,C00137,South,Store,Beauty,Hair Dryer,1,74.76,0.05,39.0
ORD002745,2025-08-05,C00137,South,Store,Home,Storage Box,2,25.73,0.0,9.36
ORD002907,2025-08-05,C00082,North,Store,Fitness,Dumbbells,1,65.84,0.3,39.9
ORD004265,2025-08-05,C00287,West,Store,Electronics,Headphones,3,86.11,0.05,49.3
ORD005876,2025-08-05,C02096,South,Store,Beauty,Makeup Kit,1,40.58,0.0,14.0
ORD001514,2025-08-06,C01053,North,Store,Fitness,Dumbbells,4,73.44,0.1,39.9
ORD002021,2025-08-06,C01314,North,Online,Home,Lamp,1,48.4,0.15,21.12
ORD002021,2025-08-06,C01314,North,Online,Electronics,Headphones,4,82.79,0.15,49.3
ORD002032,2025-08-06,C00615,East,Online,Electronics,Keyboard,2,64.71,0.0,33.8
ORD002486,2025-08-06,C01001,West,Online,Electronics,Keyboard,1,65.64,0.15,33.8
ORD002486,2025-08-06,C01001,West,Online,Fitness,Yoga Mat,1,31.89,0.1,12.6
ORD002755,2025-08-06,C01815,North,Online,Electronics,Headphones,2,81.33,0.05,49.3
ORD002755,2025-08-06,C01815,North,Online,Electronics,Smartwatch,1,216.44,0.1,132.3
ORD002983,2025-08-06,C00225,East,Store,Beauty,Skin Care Set,2,47.01,0.0,16.65
ORD003777,2025-08-06,C02108,North,Online,Beauty,Makeup Kit,1,40.66,0.1,14.0
ORD004355,2025-08-06,C00376,North,Store,Electronics,Smartwatch,1,213.43,0.0,132.3
ORD004355,2025-08-06,C00376,North,Store,Beauty,Makeup Kit,2,39.63,0.1,14.0
ORD000677,2025-08-07,C01145,South,Online,Electronics,Headphones,2,86.2,0.05,49.3
ORD001252,2025-08-07,C00291,West,Online,Home,Lamp,1,47.18,0.1,21.12
ORD001454,2025-08-07,C00458,East,Online,Fitness,Yoga Mat,2,31.39,0.2,12.6
ORD001454,2025-08-07,C00458,East,Online,Beauty,Skin Care Set,2,45.51,0.0,16.65
ORD004034,2025-08-07,C00021,East,Online,Home,Storage Box,1,25.53,0.15,9.36
ORD004034,2025-08-07,C00021,East,Online,Electronics,Keyboard,1,64.66,0.0,33.8
ORD004853,2025-08-07,C00652,North,Store,Electronics,Headphones,1,89.46,0.0,49.3
ORD005093,2025-08-07,C01916,East,Marketplace,Home,Coffee Maker,1,94.11,0.15,52.25
ORD005390,2025-08-07,C00512,South,Store,Home,Lamp,1,45.71,0.05,21.12
ORD005489,2025-08-07,C00295,North,Online,Home,Coffee Maker,2,99.11,0.0,52.25
ORD005489,2025-08-07,C00295,North,Online,Electronics,Headphones,3,85.5,0.0,49.3
ORD005884,2025-08-07,C00371,East,Online,Home,Storage Box,1,23.65,0.2,9.36
ORD000318,2025-08-08,C00243,West,Store,Home,Coffee Maker,3,101.63,0.15,52.25
ORD000318,2025-08-08,C00243,West,Store,Home,Lamp,1,47.75,0.1,21.12
ORD000370,2025-08-08,C00398,North,Online,Home,Lamp,2,49.48,0.15,21.12
ORD000370,2025-08-08,C00398,North,Online,Fitness,Yoga Mat,2,30.0,0.15,12.6
ORD000950,2025-08-08,C00291,North,Marketplace,Home,Storage Box,2,25.14,0.15,9.36
ORD000950,2025-08-08,C00291,North,Marketplace,Home,Lamp,1,48.74,0.0,21.12
ORD001107,2025-08-08,C01235,East,Marketplace,Home,Coffee Maker,2,94.25,0.1,52.25
ORD001107,2025-08-08,C01235,East,Marketplace,Electronics,Headphones,2,86.65,0.0,49.3
ORD001790,2025-08-08,C00505,West,Marketplace,Home,Lamp,1,50.84,0.0,21.12
ORD002988,2025-08-08,C00546,North,Marketplace,Beauty,Hair Dryer,1,79.03,0.05,39.0
ORD004082,2025-08-08,C00475,North,Store,Electronics,Headphones,2,90.99,0.1,49.3
ORD004082,2025-08-08,C00475,North,Store,Beauty,Makeup Kit,1,41.78,0.0,14.0
ORD004208,2025-08-08,C01797,East,Online,Electronics,Smartwatch,2,204.6,0.0,132.3
ORD004241,2025-08-08,C00586,West,Online,Beauty,Makeup Kit,3,37.71,0.2,14.0
ORD005795,2025-08-08,C00712,West,Marketplace,Fitness,Resistance Bands,2,22.76,0.0,7.48
ORD000773,2025-08-09,C00442,North,Online,Electronics,Smartwatch,1,210.75,0.0,132.3
ORD001678,2025-08-09,C00889,South,Online,Home,Lamp,1,48.87,0.15,21.12
ORD001678,2025-08-09,C00889,South,Online,Home,Storage Box,1,24.08,0.2,9.36
ORD002140,2025-08-09,C00016,East,Online,Electronics,Smartwatch,2,217.32,0.05,132.3
ORD003086,2025-08-09,C00243,South,Online,Beauty,Skin Care Set,2,43.71,0.0,16.65
ORD003249,2025-08-09,C02069,South,Online,Fitness,Yoga Mat,2,28.49,0.0,12.6
ORD003333,2025-08-09,C00112,East,Online,Electronics,Smartwatch,4,223.68,0.1,132.3
ORD003333,2025-08-09,C00112,East,Online,Home,Coffee Maker,2,101.15,0.1,52.25
ORD003614,2025-08-09,C00122,South,Store,Beauty,Hair Dryer,1,74.51,0.15,39.0
ORD003645,2025-08-09,C00256,South,Online,Home,Storage Box,1,22.74,0.15,9.36
ORD003929,2025-08-09,C00373,East,Store,Fitness,Dumbbells,2,73.91,0.0,39.9
ORD005533,2025-08-09,C00535,North,Marketplace,Fitness,Resistance Bands,2,22.82,0.0,7.48
ORD005533,2025-08-09,C00535,North,Marketplace,Fitness,Yoga Mat,2,31.73,0.0,12.6
ORD000070,2025-08-10,C01538,South,Store,Electronics,Keyboard,1,63.99,0.1,33.8
ORD001794,2025-08-10,C00539,North,Store,Home,Lamp,2,47.96,0.05,21.12
ORD002453,2025-08-10,C00572,South,Store,Fitness,Dumbbells,1,68.61,0.05,39.9
ORD002598,2025-08-10,C00011,South,Online,Home,Lamp,1,45.87,0.1,21.12
ORD003583,2025-08-10,C00402,North,Online,Home,Coffee Maker,1,94.24,0.1,52.25
ORD004512,2025-08-10,C00370,South,Marketplace,Fitness,Dumbbells,1,70.78,0.1,39.9
ORD000472,2025-08-11,C00053,West,Store,Fitness,Resistance Bands,1,23.29,0.15,7.48
ORD000930,2025-08-11,C01123,North,Online,Beauty,Hair Dryer,2,74.3,0.05,39.0
ORD000930,2025-08-11,C01123,North,Online,Electronics,Keyboard,3,63.38,0.0,33.8
ORD001028,2025-08-11,C01459,West,Store,Electronics,Smartwatch,3,220.87,0.15,132.3
ORD003082,2025-08-11,C00111,South,Online,Beauty,Hair Dryer,1,82.53,0.05,39.0
ORD004057,2025-08-11,C00079,North,Online,Fitness,Yoga Mat,2,30.04,0.15,12.6
ORD004057,2025-08-11,C00079,North,Online,Home,Storage Box,1,24.48,0.0,9.36
ORD004131,2025-08-11,C00569,West,Online,Beauty,Hair Dryer,2,75.02,0.1,39.0
ORD004131,2025-08-11,C00569,West,Online,Electronics,Headphones,1,90.6,0.1,49.3
ORD004457,2025-08-11,C00544,South,Online,Beauty,Skin Care Set,1,43.65,0.0,16.65
ORD004457,2025-08-11,C00544,South,Online,Home,Lamp,3,51.47,0.2,21.12
ORD005747,2025-08-11,C00143,South,Store,Electronics,Headphones,1,80.58,0.0,49.3
ORD000461,2025-08-12,C00223,North,Store,Fitness,Dumbbells,1,68.61,0.0,39.9
ORD000591,2025-08-12,C01024,North,Store,Electronics,Keyboard,1,66.58,0.05,33.8
ORD000591,2025-08-12,C01024,North,Store,Home,Coffee Maker,3,98.53,0.0,52.25
ORD001058,2025-08-12,C01122,East,Online,Home,Storage Box,2,24.36,0.05,9.36
ORD001058,2025-08-12,C01122,East,Online,Beauty,Hair Dryer,2,81.87,0.1,39.0
ORD002061,2025-08-12,C00102,North,Online,Electronics,Smartwatch,3,202.19,0.05,132.3
ORD002061,2025-08-12,C00102,North,Online,Fitness,Yoga Mat,1,30.95,0.0,12.6
ORD004105,2025-08-12,C01379,North,Store,Home,Coffee Maker,1,90.96,0.0,52.25
ORD004573,2025-08-12,C00997,West,Online,Electronics,Headphones,1,86.97,0.15,49.3
ORD000125,2025-08-13,C01247,West,Online,Home,Coffee Maker,3,101.09,0.0,52.25
ORD000125,2025-08-13,C01247,West,Online,Beauty,Hair Dryer,1,78.82,0.1,39.0
ORD001352,2025-08-13,C01351,North,Online,Electronics,Smartwatch,1,220.43,0.0,132.3
ORD001352,2025-08-13,C01351,North,Online,Fitness,Resistance Bands,2,21.41,0.1,7.48
ORD002972,2025-08-13,C01581,East,Marketplace,Fitness,Dumbbells,3,71.6,0.05,39.9
ORD002972,2025-08-13,C01581,East,Marketplace,Fitness,Dumbbells,1,68.88,0.05,39.9
ORD005463,2025-08-13,C00229,West,Online,Fitness,Resistance Bands,1,22.93,0.15,7.48
ORD005463,2025-08-13,C00229,West,Online,Electronics,Headphones,1,80.89,0.1,49.3
ORD005919,2025-08-13,C00372,South,Online,Fitness,Dumbbells,1,67.62,0.0,39.9
ORD000939,2025-08-14,C00415,South,Marketplace,Electronics,Smartwatch,1,225.68,0.05,132.3
ORD000939,2025-08-14,C00415,South,Marketplace,Home,Lamp,3,50.74,0.0,21.12
ORD002119,2025-08-14,C00069,West,Online,Home,Storage Box,1,22.65,0.0,9.36
ORD002601,2025-08-14,C00242,East,Online,Fitness,Dumbbells,2,73.81,0.2,39.9
ORD003857,2025-08-14,C00494,East,Online,Fitness,Yoga Mat,1,29.32,0.1,12.6
ORD003857,2025-08-14,C00494,East,Online,Electronics,Headphones,1,84.49,0.05,49.3
ORD004279,2025-08-14,C00321,South,Online,Electronics,Keyboard,2,61.84,0.05,33.8
ORD004279,2025-08-14,C00321,South,Online,Beauty,Hair Dryer,4,77.33,0.05,39.0
ORD000960,2025-08-15,C00236,East,Online,Fitness,Resistance Bands,1,22.76,0.05,7.48
ORD001155,2025-08-15,C00414,South,Store,Electronics,Keyboard,1,63.71,0.15,33.8
ORD001365,2025-08-15,C00319,East,Store,Electronics,Smartwatch,2,209.95,0.1,132.3
ORD001365,2025-08-15,C00319,East,Store,Beauty,Skin Care Set,2,42.88,0.0,16.65
ORD001765,2025-08-15,C00615,West,Store,Electronics,Keyboard,1,63.18,0.2,33.8
ORD003962,2025-08-15,C00427,South,Online,Electronics,Smartwatch,3,201.24,0.05,132.3
ORD003962,2025-08-15,C00427,South,Online,Home,Coffee Maker,2,101.91,0.05,52.25
ORD004232,2025-08-15,C00338,West,Marketplace,Electronics,Smartwatch,1,202.25,0.05,132.3
ORD004854,2025-08-15,C00382,West,Store,Home,Storage Box,1,25.8,0.05,9.36
ORD005251,2025-08-15,C00281,South,Online,Fitness,Yoga Mat,1,29.49,0.15,12.6
ORD001005,2025-08-16,C00838,North,Online,Beauty,Hair Dryer,1,77.61,0.0,39.0
ORD001451,2025-08-16,C00029,East,Store,Beauty,Makeup Kit,2,42.16,0.3,14.0
ORD001451,2025-08-16,C00029,East,Store,Beauty,Skin Care Set,2,45.22,0.15,16.65
ORD002220,2025-08-16,C00294,West,Store,Fitness,Dumbbells,2,74.42,0.0,39.9
ORD003107,2025-08-16,C00542,South,Online,Fitness,Yoga Mat,3,31.48,0.0,12.6
ORD003107,2025-08-16,C00542,South,Online,Fitness,Resistance Bands,2,23.6,0.0,7.48
ORD004287,2025-08-16,C00267,North,Store,Fitness,Yoga Mat,1,32.28,0.1,12.6
ORD004776,2025-08-16,C00346,North,Online,Beauty,Skin Care Set,1,43.58,0.05,16.65
ORD004776,2025-08-16,C00346,North,Online,Home,Lamp,2,51.03,0.1,21.12
ORD000858,2025-08-17,C00516,North,Store,Beauty,Skin Care Set,1,42.31,0.15,16.65
ORD000858,2025-08-17,C00516,North,Store,Beauty,Skin Care Set,2,48.54,0.0,16.65
ORD000973,2025-08-17,C00110,North,Online,Beauty,Hair Dryer,1,77.54,0.0,39.0
ORD000973,2025-08-17,C00110,North,Online,Fitness,Dumbbells,1,68.79,0.05,39.9
ORD001284,2025-08-17,C02121,West,Online,Beauty,Makeup Kit,1,37.9,0.0,14.0
ORD001284,2025-08-17,C02121,West,Online,Electronics,Keyboard,1,66.77,0.05,33.8
ORD001400,2025-08-17,C00647,East,Online,Beauty,Skin Care Set,3,45.46,0.05,16.65
ORD002518,2025-08-17,C00075,South,Online,Electronics,Headphones,1,89.89,0.0,49.3
ORD002641,2025-08-17,C00487,West,Store,Electronics,Keyboard,1,68.13,0.0,33.8
ORD003898,2025-08-17,C01613,North,Marketplace,Fitness,Resistance Bands,2,21.53,0.1,7.48
ORD003898,2025-08-17,C01613,North,Marketplace,Electronics,Smartwatch,1,212.35,0.15,132.3
ORD004799,2025-08-17,C00398,East,Online,Beauty,Hair Dryer,1,77.75,0.15,39.0
ORD005842,2025-08-17,C00555,East,Marketplace,Beauty,Skin Care Set,3,45.21,0.15,16.65
ORD005842,2025-08-17,C00555,East,Marketplace,Home,Coffee Maker,2,99.33,0.15,52.25
ORD001016,2025-08-18,C00620,South,Store,Fitness,Yoga Mat,2,30.93,0.1,12.6
ORD003615,2025-08-18,C00175,North,Online,Electronics,Keyboard,1,67.47,0.2,33.8
ORD003994,2025-08-18,C00919,North,Online,Beauty,Skin Care Set,2,42.63,0.0,16.65
ORD004359,2025-08-18,C00241,North,Marketplace,Home,Storage Box,3,24.6,0.0,9.36
ORD005560,2025-08-18,C01766,West,Online,Electronics,Keyboard,1,67.37,0.1,33.8
ORD005560,2025-08-18,C01766,West,Online,Fitness,Yoga Mat,1,29.97,0.15,12.6
ORD000635,2025-08-19,C00266,South,Online,Fitness,Resistance Bands,2,22.77,0.05,7.48
ORD000635,2025-08-19,C00266,South,Online,Home,Coffee Maker,2,96.17,0.0,52.25
ORD000686,2025-08-19,C00653,North,Online,Fitness,Yoga Mat,2,28.88,0.1,12.6
ORD000686,2025-08-19,C00653,North,Online,Electronics,Headphones,1,90.46,0.0,49.3
ORD001202,2025-08-19,C00531,South,Online,Fitness,Yoga Mat,4,29.35,0.15,12.6
ORD001985,2025-08-19,C00315,North,Online,Electronics,Smartwatch,2,209.99,0.15,132.3
ORD001985,2025-08-19,C00315,North,Online,Home,Lamp,2,47.77,0.0,21.12
ORD003042,2025-08-19,C00888,South,Online,Fitness,Yoga Mat,2,29.36,0.0,12.6
ORD003042,2025-08-19,C00888,South,Online,Beauty,Makeup Kit,3,40.5,0.0,14.0
ORD003244,2025-08-19,C00528,North,Online,Beauty,Skin Care Set,1,43.97,0.0,16.65
ORD003503,2025-08-19,C00341,West,Online,Beauty,Skin Care Set,2,43.7,0.15,16.65
ORD003503,2025-08-19,C00341,West,Online,Beauty,Skin Care Set,2,42.3,0.05,16.65
ORD003617,2025-08-19,C01203,South,Store,Fitness,Yoga Mat,1,31.13,0.0,12.6
ORD004376,2025-08-19,C00005,West,Store,Home,Coffee Maker,1,90.79,0.0,52.25
ORD005301,2025-08-19,C00008,North,Online,Electronics,Headphones,3,90.36,0.0,49.3
ORD005301,2025-08-19,C00008,North,Online,Electronics,Keyboard,3,61.46,0.2,33.8
ORD005304,2025-08-19,C01959,East,Online,Beauty,Skin Care Set,2,46.12,0.0,16.65
ORD005304,2025-08-19,C01959,East,Online,Beauty,Hair Dryer,1,78.89,0.0,39.0
ORD005940,2025-08-19,C00311,West,Online,Home,Storage Box,1,23.61,0.1,9.36
ORD001579,2025-08-20,C01200,West,Online,Beauty,Hair Dryer,1,78.78,0.0,39.0
ORD001841,2025-08-20,C00260,East,Online,Electronics,Keyboard,4,64.28,0.0,33.8
ORD001841,2025-08-20,C00260,East,Online,Electronics,Headphones,1,85.0,0.3,49.3
ORD002642,2025-08-20,C00521,East,Online,Home,Coffee Maker,1,97.11,0.1,52.25
ORD002642,2025-08-20,C00521,East,Online,Electronics,Smartwatch,1,213.76,0.05,132.3
ORD005256,2025-08-20,C00650,North,Online,Beauty,Skin Care Set,3,43.24,0.0,16.65
ORD005256,2025-08-20,C00650,North,Online,Beauty,Hair Dryer,4,74.55,0.05,39.0
ORD000357,2025-08-21,C00268,West,Marketplace,Beauty,Makeup Kit,3,40.49,0.15,14.0
ORD001280,2025-08-21,C00560,West,Online,Beauty,Skin Care Set,2,42.44,0.15,16.65
ORD004014,2025-08-21,C00739,West,Online,Home,Coffee Maker,1,95.48,0.15,52.25
ORD004014,2025-08-21,C00739,West,Online,Home,Lamp,2,51.17,0.1,21.12
ORD004226,2025-08-21,C00867,West,Online,Electronics,Smartwatch,1,207.4,0.1,132.3
ORD004459,2025-08-21,C01749,South,Online,Home,Storage Box,4,24.24,0.0,9.36
ORD004983,2025-08-21,C00369,North,Store,Beauty,Skin Care Set,2,44.81,0.2,16.65
ORD005535,2025-08-21,C00121,North,Store,Home,Coffee Maker,1,90.7,0.05,52.25
ORD005587,2025-08-21,C01727,South,Online,Home,Coffee Maker,1,95.61,0.15,52.25
ORD005587,2025-08-21,C01727,South,Online,Fitness,Dumbbells,3,70.63,0.1,39.9
ORD002279,2025-08-22,C00029,South,Online,Beauty,Makeup Kit,2,39.77,0.05,14.0
ORD002853,2025-08-22,C00034,South,Store,Fitness,Yoga Mat,2,31.06,0.05,12.6
ORD002853,2025-08-22,C00034,South,Store,Beauty,Hair Dryer,1,81.14,0.0,39.0
ORD003250,2025-08-22,C01349,East,Online,Home,Lamp,2,46.12,0.05,21.12
ORD004577,2025-08-22,C00387,West,Online,Fitness,Yoga Mat,2,30.47,0.0,12.6
ORD005033,2025-08-22,C00114,South,Online,Beauty,Skin Care Set,2,46.85,0.1,16.65
ORD005033,2025-08-22,C00114,South,Online,Electronics,Smartwatch,1,225.13,0.1,132.3
ORD005189,2025-08-22,C02000,South,Online,Fitness,Resistance Bands,1,21.3,0.05,7.48
ORD005603,2025-08-22,C00397,North,Store,Beauty,Skin Care Set,3,42.6,0.0,16.65
ORD001006,2025-08-23,C00435,North,Online,Fitness,Dumbbells,2,69.51,0.05,39.9
ORD001006,2025-08-23,C00435,North,Online,Home,Storage Box,2,24.05,0.15,9.36
ORD002395,2025-08-23,C00971,West,Store,Beauty,Hair Dryer,1,79.4,0.0,39.0
ORD002395,2025-08-23,C00971,West,Store,Fitness,Dumbbells,1,73.75,0.1,39.9
ORD003116,2025-08-23,C00621,South,Store,Fitness,Resistance Bands,2,22.73,0.05,7.48
ORD003563,2025-08-23,C01345,East,Marketplace,Home,Lamp,2,46.59,0.05,21.12
ORD003563,2025-08-23,C01345,East,Marketplace,Beauty,Makeup Kit,1,38.73,0.05,14.0
ORD004463,2025-08-23,C00462,North,Online,Beauty,Hair Dryer,2,77.62,0.1,39.0
ORD004463,2025-08-23,C00462,North,Online,Electronics,Keyboard,1,64.28,0.2,33.8
ORD000393,2025-08-24,C01696,West,Store,Electronics,Smartwatch,1,225.0,0.15,132.3
ORD000393,2025-08-24,C01696,West,Store,Beauty,Makeup Kit,1,40.72,0.1,14.0
ORD001752,2025-08-24,C00021,South,Store,Beauty,Skin Care Set,1,47.47,0.05,16.65
ORD003245,2025-08-24,C00303,South,Marketplace,Electronics,Smartwatch,1,222.25,0.1,132.3
ORD003245,2025-08-24,C00303,South,Marketplace,Electronics,Keyboard,2,66.69,0.2,33.8
ORD003499,2025-08-24,C00611,South,Online,Fitness,Dumbbells,1,68.69,0.3,39.9
ORD003499,2025-08-24,C00611,South,Online,Fitness,Resistance Bands,1,22.01,0.05,7.48
ORD004411,2025-08-24,C01132,South,Store,Fitness,Resistance Bands,2,22.15,0.05,7.48
ORD004411,2025-08-24,C01132,South,Store,Fitness,Yoga Mat,1,32.26,0.0,12.6
ORD004861,2025-08-24,C01236,North,Store,Home,Coffee Maker,1,102.14,0.0,52.25
ORD005135,2025-08-24,C01653,North,Online,Home,Lamp,3,48.68,0.05,21.12
ORD005466,2025-08-24,C00532,East,Online,Beauty,Skin Care Set,1,45.64,0.15,16.65
ORD000743,2025-08-25,C00427,West,Online,Home,Storage Box,4,23.27,0.0,9.36
ORD000743,2025-08-25,C00427,West,Online,Beauty,Makeup Kit,2,38.15,0.1,14.0
ORD004353,2025-08-25,C00272,West,Online,Fitness,Resistance Bands,2,22.46,0.1,7.48
ORD004353,2025-08-25,C00272,West,Online,Home,Lamp,2,45.77,0.1,21.12
ORD005265,2025-08-25,C00580,West,Online,Beauty,Skin Care Set,1,45.68,0.0,16.65
ORD005265,2025-08-25,C00580,West,Online,Fitness,Resistance Bands,1,23.24,0.0,7.48
ORD000077,2025-08-26,C00351,North,Online,Home,Coffee Maker,3,96.14,0.05,52.25
ORD000077,2025-08-26,C00351,North,Online,Beauty,Hair Dryer,1,78.37,0.15,39.0
ORD000757,2025-08-26,C00575,North,Store,Beauty,Makeup Kit,2,41.98,0.3,14.0
ORD000757,2025-08-26,C00575,North,Store,Beauty,Hair Dryer,2,78.73,0.0,39.0
ORD001564,2025-08-26,C02081,West,Online,Fitness,Yoga Mat,2,31.72,0.3,12.6
ORD001564,2025-08-26,C02081,West,Online,Electronics,Keyboard,1,66.92,0.1,33.8
ORD002867,2025-08-26,C01042,South,Store,Fitness,Resistance Bands,3,20.84,0.0,7.48
ORD002939,2025-08-26,C01630,South,Online,Beauty,Skin Care Set,1,44.13,0.0,16.65
ORD002939,2025-08-26,C01630,South,Online,Electronics,Keyboard,1,69.32,0.0,33.8
ORD005236,2025-08-26,C00020,North,Store,Fitness,Yoga Mat,1,30.43,0.05,12.6
ORD000574,2025-08-27,C00332,East,Online,Home,Lamp,1,47.71,0.05,21.12
ORD002840,2025-08-27,C00548,East,Marketplace,Fitness,Dumbbells,1,73.01,0.1,39.9
ORD002840,2025-08-27,C00548,East,Marketplace,Electronics,Headphones,4,84.96,0.15,49.3
ORD003240,2025-08-27,C01458,West,Online,Beauty,Makeup Kit,1,41.39,0.05,14.0
ORD003368,2025-08-27,C00411,West,Marketplace,Beauty,Makeup Kit,2,39.55,0.3,14.0
ORD003428,2025-08-27,C00322,South,Marketplace,Beauty,Hair Dryer,1,75.26,0.15,39.0
ORD003811,2025-08-27,C00318,South,Online,Beauty,Skin Care Set,1,46.55,0.2,16.65
ORD003811,2025-08-27,C00318,South,Online,Electronics,Headphones,1,85.28,0.05,49.3
ORD005701,2025-08-27,C00116,West,Store,Fitness,Resistance Bands,1,22.31,0.0,7.48
ORD005701,2025-08-27,C00116,West,Store,Fitness,Dumbbells,1,69.1,0.0,39.9
ORD000244,2025-08-28,C00829,East,Online,Fitness,Dumbbells,1,69.15,0.05,39.9
ORD000244,2025-08-28,C00829,East,Online,Home,Coffee Maker,2,93.85,0.1,52.25
ORD000831,2025-08-28,C00230,East,Online,Fitness,Resistance Bands,2,22.5,0.1,7.48
ORD000831,2025-08-28,C00230,East,Online,Beauty,Skin Care Set,1,44.77,0.05,16.65
ORD002160,2025-08-28,C00441,East,Store,Electronics,Smartwatch,1,212.35,0.0,132.3
ORD002160,2025-08-28,C00441,East,Store,Electronics,Keyboard,2,61.15,0.1,33.8
ORD002492,2025-08-28,C00912,South,Store,Fitness,Yoga Mat,1,31.06,0.0,12.6
ORD004401,2025-08-28,C00114,North,Online,Beauty,Makeup Kit,1,39.76,0.0,14.0
ORD004401,2025-08-28,C00114,North,Online,Fitness,Resistance Bands,1,20.86,0.0,7.48
ORD004832,2025-08-28,C00291,South,Store,Home,Lamp,3,49.33,0.0,21.12
ORD005726,2025-08-28,C01105,North,Online,Home,Lamp,1,48.15,0.0,21.12
ORD005726,2025-08-28,C01105,North,Online,Home,Lamp,2,46.49,0.0,21.12
ORD005907,2025-08-28,C00670,West,Marketplace,Electronics,Headphones,1,85.75,0.05,49.3
ORD000302,2025-08-29,C00809,South,Online,Electronics,Keyboard,1,69.61,0.0,33.8
ORD000380,2025-08-29,C00905,East,Online,Beauty,Skin Care Set,1,42.74,0.0,16.65
ORD000380,2025-08-29,C00905,East,Online,Electronics,Headphones,2,89.21,0.0,49.3
ORD002795,2025-08-29,C02141,East,Online,Home,Coffee Maker,2,101.05,0.0,52.25
ORD003861,2025-08-29,C01421,West,Online,Fitness,Dumbbells,1,73.92,0.05,39.9
ORD004093,2025-08-29,C00224,East,Marketplace,Fitness,Yoga Mat,2,30.93,0.0,12.6
ORD004093,2025-08-29,C00224,East,Marketplace,Beauty,Skin Care Set,1,47.45,0.0,16.65
ORD005458,2025-08-29,C01832,West,Store,Electronics,Smartwatch,1,200.7,0.0,132.3
ORD000069,2025-08-30,C00470,West,Online,Fitness,Yoga Mat,2,30.68,0.1,12.6
ORD000981,2025-08-30,C00045,North,Store,Fitness,Dumbbells,1,74.44,0.05,39.9
ORD001724,2025-08-30,C01694,West,Online,Home,Storage Box,1,22.85,0.05,9.36
ORD001724,2025-08-30,C01694,West,Online,Beauty,Skin Care Set,1,45.63,0.15,16.65
ORD002122,2025-08-30,C01313,North,Store,Home,Coffee Maker,2,100.3,0.05,52.25
ORD002152,2025-08-30,C00074,West,Online,Beauty,Skin Care Set,1,44.99,0.2,16.65
ORD002152,2025-08-30,C00074,West,Online,Fitness,Resistance Bands,1,22.33,0.0,7.48
ORD002898,2025-08-30,C00558,West,Store,Electronics,Keyboard,1,64.14,0.1,33.8
ORD004531,2025-08-30,C00156,West,Online,Home,Coffee Maker,1,90.64,0.2,52.25
ORD005480,2025-08-30,C00208,West,Online,Home,Storage Box,3,24.55,0.1,9.36
ORD000579,2025-08-31,C00585,East,Online,Beauty,Makeup Kit,2,39.71,0.1,14.0
ORD000579,2025-08-31,C00585,East,Online,Fitness,Yoga Mat,1,28.78,0.05,12.6
ORD001428,2025-08-31,C01766,West,Online,Beauty,Makeup Kit,1,37.99,0.1,14.0
ORD003669,2025-08-31,C00293,South,Store,Home,Coffee Maker,1,97.43,0.05,52.25
ORD003785,2025-08-31,C00866,North,Online,Home,Lamp,4,47.59,0.0,21.12
ORD004660,2025-08-31,C00350,West,Marketplace,Electronics,Smartwatch,3,214.91,0.15,132.3
ORD004660,2025-08-31,C00350,West,Marketplace,Beauty,Hair Dryer,1,78.79,0.15,39.0
ORD004788,2025-08-31,C00696,North,Store,Fitness,Yoga Mat,1,32.21,0.0,12.6
ORD004788,2025-08-31,C00696,North,Store,Home,Coffee Maker,1,98.33,0.1,52.25
ORD005968,2025-08-31,C00664,East,Store,Electronics,Keyboard,1,62.9,0.1,33.8
ORD000507,2025-09-01,C00660,North,Online,Home,Lamp,2,45.27,0.0,21.12
ORD000507,2025-09-01,C00660,North,Online,Home,Coffee Maker,1,99.46,0.2,52.25
ORD002058,2025-09-01,C00068,South,Online,Fitness,Dumbbells,1,68.12,0.1,39.9
ORD002058,2025-09-01,C00068,South,Online,Electronics,Keyboard,2,68.85,0.0,33.8
ORD002388,2025-09-01,C01533,North,Marketplace,Beauty,Skin Care Set,1,47.7,0.15,16.65
ORD002969,2025-09-01,C00125,West,Store,Home,Coffee Maker,1,92.18,0.05,52.25
ORD003392,2025-09-01,C00563,East,Online,Home,Lamp,1,50.07,0.1,21.12
ORD004196,2025-09-01,C01160,West,Online,Electronics,Headphones,3,81.48,0.2,49.3
ORD004196,2025-09-01,C01160,West,Online,Fitness,Yoga Mat,1,30.82,0.2,12.6
ORD004368,2025-09-01,C01083,East,Store,Fitness,Yoga Mat,1,30.14,0.05,12.6
ORD004368,2025-09-01,C01083,East,Store,Beauty,Makeup Kit,1,41.08,0.05,14.0
ORD004665,2025-09-01,C00227,East,Online,Home,Coffee Maker,1,89.36,0.1,52.25
ORD004665,2025-09-01,C00227,East,Online,Beauty,Hair Dryer,1,80.87,0.0,39.0
ORD002236,2025-09-02,C01255,South,Store,Home,Storage Box,4,23.03,0.1,9.36
ORD002721,2025-09-02,C00565,East,Online,Fitness,Yoga Mat,1,29.07,0.0,12.6
ORD003601,2025-09-02,C00677,South,Store,Electronics,Headphones,1,81.36,0.3,49.3
ORD003601,2025-09-02,C00677,South,Store,Home,Storage Box,1,24.02,0.3,9.36
ORD003664,2025-09-02,C00351,West,Online,Home,Storage Box,1,24.95,0.05,9.36
ORD003664,2025-09-02,C00351,West,Online,Electronics,Headphones,1,82.43,0.0,49.3
ORD004496,2025-09-02,C00656,North,Online,Fitness,Dumbbells,2,74.28,0.1,39.9
ORD005099,2025-09-02,C00006,East,Online,Electronics,Keyboard,1,64.06,0.0,33.8
ORD005139,2025-09-02,C01519,West,Online,Fitness,Resistance Bands,2,22.18,0.15,7.48
ORD005139,2025-09-02,C01519,West,Online,Home,Lamp,1,47.29,0.2,21.12
ORD005313,2025-09-02,C01295,North,Online,Fitness,Yoga Mat,1,29.55,0.2,12.6
ORD005595,2025-09-02,C01422,North,Online,Home,Lamp,1,51.58,0.15,21.12
ORD005904,2025-09-02,C00576,North,Marketplace,Fitness,Resistance Bands,2,23.29,0.0,7.48
ORD001783,2025-09-03,C00211,West,Online,Fitness,Yoga Mat,2,29.28,0.15,12.6
ORD001949,2025-09-03,C00479,East,Online,Electronics,Headphones,4,84.39,0.15,49.3
ORD001949,2025-09-03,C00479,East,Online,Home,Coffee Maker,1,98.5,0.0,52.25
ORD002985,2025-09-03,C00260,West,Store,Home,Lamp,3,49.44,0.3,21.12
ORD002985,2025-09-03,C00260,West,Store,Home,Storage Box,1,25.92,0.15,9.36
ORD004130,2025-09-03,C00523,West,Online,Beauty,Makeup Kit,1,38.02,0.0,14.0
ORD004814,2025-09-03,C00003,East,Online,Fitness,Resistance Bands,1,22.92,0.2,7.48
ORD004814,2025-09-03,C00003,East,Online,Fitness,Dumbbells,1,73.49,0.0,39.9
ORD004990,2025-09-03,C00209,East,Marketplace,Home,Lamp,1,50.75,0.0,21.12
ORD004990,2025-09-03,C00209,East,Marketplace,Electronics,Headphones,2,81.58,0.05,49.3
ORD005103,2025-09-03,C00002,East,Online,Home,Storage Box,1,25.03,0.1,9.36
ORD005103,2025-09-03,C00002,East,Online,Fitness,Resistance Bands,4,21.48,0.05,7.48
ORD005412,2025-09-03,C00183,West,Online,Electronics,Keyboard,1,70.13,0.0,33.8
ORD005412,2025-09-03,C00183,West,Online,Electronics,Keyboard,1,64.87,0.15,33.8
ORD000816,2025-09-04,C00126,West,Online,Beauty,Makeup Kit,1,41.12,0.1,14.0
ORD000816,2025-09-04,C00126,West,Online,Beauty,Skin Care Set,1,42.87,0.0,16.65
ORD001390,2025-09-04,C00199,East,Store,Fitness,Dumbbells,2,74.03,0.15,39.9
ORD003265,2025-09-04,C01321,West,Store,Fitness,Dumbbells,1,71.89,0.1,39.9
ORD003265,2025-09-04,C01321,West,Store,Beauty,Hair Dryer,4,84.13,0.05,39.0
ORD003802,2025-09-04,C01499,East,Online,Electronics,Smartwatch,1,205.3,0.05,132.3
ORD003802,2025-09-04,C01499,East,Online,Beauty,Skin Care Set,1,45.84,0.1,16.65
ORD004669,2025-09-04,C01380,South,Marketplace,Home,Lamp,3,50.81,0.0,21.12
ORD004753,2025-09-04,C00611,South,Marketplace,Fitness,Yoga Mat,1,31.19,0.1,12.6
ORD004761,2025-09-04,C00684,South,Marketplace,Fitness,Yoga Mat,4,29.08,0.15,12.6
ORD005995,2025-09-04,C00146,West,Store,Home,Storage Box,2,24.72,0.0,9.36
ORD000243,2025-09-05,C00336,East,Online,Fitness,Yoga Mat,2,31.64,0.2,12.6
ORD000243,2025-09-05,C00336,East,Online,Electronics,Headphones,1,85.48,0.15,49.3
ORD001131,2025-09-05,C00436,North,Store,Fitness,Dumbbells,2,71.2,0.15,39.9
ORD001427,2025-09-05,C01464,East,Online,Beauty,Skin Care Set,1,44.65,0.0,16.65
ORD001427,2025-09-05,C01464,East,Online,Electronics,Headphones,1,86.85,0.1,49.3
ORD001734,2025-09-05,C00711,North,Store,Fitness,Dumbbells,2,70.48,0.0,39.9
ORD001947,2025-09-05,C01077,North,Online,Home,Storage Box,1,25.73,0.0,9.36
ORD002098,2025-09-05,C00447,North,Online,Fitness,Resistance Bands,1,21.21,0.05,7.48
ORD002218,2025-09-05,C00378,West,Online,Beauty,Hair Dryer,2,77.73,0.2,39.0
ORD002647,2025-09-05,C00167,East,Marketplace,Electronics,Smartwatch,1,221.84,0.0,132.3
ORD003665,2025-09-05,C00544,South,Store,Home,Lamp,1,50.6,0.2,21.12
ORD003665,2025-09-05,C00544,South,Store,Beauty,Skin Care Set,2,46.36,0.1,16.65
ORD004275,2025-09-05,C00435,East,Online,Beauty,Hair Dryer,2,83.38,0.0,39.0
ORD004605,2025-09-05,C00034,East,Online,Electronics,Smartwatch,1,201.85,0.05,132.3
ORD004605,2025-09-05,C00034,East,Online,Electronics,Smartwatch,1,223.73,0.15,132.3
ORD004656,2025-09-05,C00238,West,Online,Beauty,Makeup Kit,2,40.71,0.05,14.0
ORD001687,2025-09-06,C01690,North,Online,Electronics,Keyboard,1,64.55,0.0,33.8
ORD002566,2025-09-06,C00437,South,Online,Fitness,Yoga Mat,3,28.36,0.1,12.6
ORD003504,2025-09-06,C02107,North,Marketplace,Home,Lamp,1,47.68,0.0,21.12
ORD004286,2025-09-06,C00622,East,Online,Fitness,Dumbbells,1,71.2,0.05,39.9
ORD004482,2025-09-06,C00074,East,Marketplace,Home,Lamp,1,50.89,0.15,21.12
ORD004482,2025-09-06,C00074,East,Marketplace,Electronics,Headphones,2,81.53,0.05,49.3
ORD004536,2025-09-06,C01291,North,Online,Home,Storage Box,3,23.04,0.05,9.36
ORD004536,2025-09-06,C01291,North,Online,Electronics,Headphones,2,85.41,0.1,49.3
ORD004708,2025-09-06,C00083,East,Marketplace,Home,Coffee Maker,1,91.56,0.0,52.25
ORD005608,2025-09-06,C00524,East,Store,Beauty,Hair Dryer,1,78.01,0.15,39.0
ORD005679,2025-09-06,C01685,West,Online,Beauty,Hair Dryer,2,80.64,0.3,39.0
ORD005679,2025-09-06,C01685,West,Online,Fitness,Dumbbells,1,71.27,0.0,39.9
ORD001178,2025-09-07,C01547,North,Online,Home,Coffee Maker,1,90.45,0.1,52.25
ORD001918,2025-09-07,C00271,South,Marketplace,Electronics,Headphones,1,86.19,0.0,49.3
ORD002168,2025-09-07,C00603,East,Marketplace,Fitness,Resistance Bands,1,21.52,0.2,7.48
ORD002561,2025-09-07,C01841,South,Online,Electronics,Smartwatch,1,199.58,0.0,132.3
ORD002561,2025-09-07,C01841,South,Online,Fitness,Resistance Bands,1,21.79,0.05,7.48
ORD002843,2025-09-07,C00414,North,Online,Home,Lamp,1,51.32,0.0,21.12
ORD002843,2025-09-07,C00414,North,Online,Fitness,Yoga Mat,2,28.65,0.05,12.6
ORD003271,2025-09-07,C00197,West,Online,Fitness,Dumbbells,1,71.21,0.05,39.9
ORD003856,2025-09-07,C00032,West,Online,Beauty,Makeup Kit,3,38.8,0.0,14.0
ORD003856,2025-09-07,C00032,West,Online,Home,Coffee Maker,1,100.24,0.15,52.25
ORD000137,2025-09-08,C00152,North,Online,Fitness,Resistance Bands,2,20.93,0.3,7.48
ORD000709,2025-09-08,C00177,East,Marketplace,Electronics,Smartwatch,3,213.77,0.1,132.3
ORD000968,2025-09-08,C00572,North,Online,Home,Storage Box,1,24.29,0.2,9.36
ORD000968,2025-09-08,C00572,North,Online,Electronics,Smartwatch,2,224.58,0.15,132.3
ORD001597,2025-09-08,C01798,North,Online,Home,Coffee Maker,1,92.02,0.05,52.25
ORD002053,2025-09-08,C01801,West,Store,Beauty,Hair Dryer,2,78.99,0.15,39.0
ORD002053,2025-09-08,C01801,West,Store,Electronics,Smartwatch,1,203.66,0.1,132.3
ORD002057,2025-09-08,C00967,East,Marketplace,Electronics,Keyboard,1,69.84,0.05,33.8
ORD002057,2025-09-08,C00967,East,Marketplace,Fitness,Dumbbells,2,75.34,0.0,39.9
ORD002573,2025-09-08,C00424,West,Online,Fitness,Resistance Bands,1,21.77,0.1,7.48
ORD002573,2025-09-08,C00424,West,Online,Electronics,Smartwatch,2,201.35,0.0,132.3
ORD002665,2025-09-08,C00640,North,Online,Home,Storage Box,2,23.6,0.0,9.36
ORD002665,2025-09-08,C00640,North,Online,Fitness,Resistance Bands,2,23.25,0.0,7.48
ORD002847,2025-09-08,C00095,South,Online,Home,Coffee Maker,3,90.17,0.0,52.25
ORD003774,2025-09-08,C00898,South,Online,Fitness,Dumbbells,1,66.28,0.0,39.9
ORD003774,2025-09-08,C00898,South,Online,Electronics,Headphones,3,80.14,0.15,49.3
ORD003894,2025-09-08,C00097,West,Store,Fitness,Yoga Mat,2,31.06,0.05,12.6
ORD003894,2025-09-08,C00097,West,Store,Beauty,Skin Care Set,1,47.76,0.0,16.65
ORD004278,2025-09-08,C01693,West,Online,Electronics,Smartwatch,1,221.83,0.0,132.3
ORD004278,2025-09-08,C01693,West,Online,Beauty,Makeup Kit,1,38.93,0.0,14.0
ORD005469,2025-09-08,C00285,North,Online,Home,Coffee Maker,1,95.62,0.15,52.25
ORD000300,2025-09-09,C00674,West,Store,Home,Coffee Maker,1,89.31,0.0,52.25
ORD003291,2025-09-09,C00369,East,Online,Electronics,Keyboard,4,61.34,0.0,33.8
ORD003702,2025-09-09,C00892,East,Marketplace,Electronics,Keyboard,2,66.35,0.0,33.8
ORD003702,2025-09-09,C00892,East,Marketplace,Beauty,Hair Dryer,1,74.54,0.0,39.0
ORD005377,2025-09-09,C00389,East,Store,Beauty,Makeup Kit,1,38.26,0.05,14.0
ORD005377,2025-09-09,C00389,East,Store,Home,Coffee Maker,2,91.04,0.15,52.25
ORD000451,2025-09-10,C00563,North,Online,Fitness,Dumbbells,2,71.15,0.05,39.9
ORD000451,2025-09-10,C00563,North,Online,Beauty,Hair Dryer,1,78.48,0.05,39.0
ORD000958,2025-09-10,C00150,North,Marketplace,Beauty,Skin Care Set,1,46.1,0.05,16.65
ORD002798,2025-09-10,C01199,West,Online,Beauty,Skin Care Set,1,43.73,0.1,16.65
ORD002798,2025-09-10,C01199,West,Online,Beauty,Hair Dryer,3,80.08,0.0,39.0
ORD002878,2025-09-10,C00398,South,Store,Fitness,Yoga Mat,4,28.27,0.0,12.6
ORD003719,2025-09-10,C00247,East,Online,Home,Storage Box,2,25.06,0.0,9.36
ORD003719,2025-09-10,C00247,East,Online,Fitness,Dumbbells,3,68.51,0.0,39.9
ORD004263,2025-09-10,C00261,West,Online,Home,Coffee Maker,1,98.37,0.0,52.25
ORD004263,2025-09-10,C00261,West,Online,Home,Storage Box,2,25.65,0.1,9.36
ORD005051,2025-09-10,C00682,East,Online,Beauty,Makeup Kit,2,42.07,0.2,14.0
ORD005051,2025-09-10,C00682,East,Online,Home,Lamp,2,47.8,0.05,21.12
ORD005321,2025-09-10,C00675,West,Online,Fitness,Dumbbells,3,68.87,0.3,39.9
ORD005342,2025-09-10,C00679,West,Online,Beauty,Makeup Kit,3,42.75,0.2,14.0
ORD005342,2025-09-10,C00679,West,Online,Beauty,Hair Dryer,1,75.15,0.0,39.0
ORD000146,2025-09-11,C00146,East,Marketplace,Electronics,Keyboard,1,62.06,0.05,33.8
ORD000146,2025-09-11,C00146,East,Marketplace,Beauty,Hair Dryer,2,83.34,0.05,39.0
ORD000207,2025-09-11,C01085,East,Store,Beauty,Makeup Kit,2,39.02,0.1,14.0
ORD000207,2025-09-11,C01085,East,Store,Beauty,Makeup Kit,1,40.7,0.05,14.0
ORD000505,2025-09-11,C00617,East,Online,Home,Storage Box,1,24.55,0.15,9.36
ORD000505,2025-09-11,C00617,East,Online,Electronics,Smartwatch,1,212.54,0.1,132.3
ORD002055,2025-09-11,C00436,North,Marketplace,Electronics,Headphones,1,86.96,0.15,49.3
ORD002633,2025-09-11,C00664,East,Store,Fitness,Yoga Mat,2,31.38,0.05,12.6
ORD002633,2025-09-11,C00664,East,Store,Fitness,Resistance Bands,1,20.94,0.0,7.48
ORD004732,2025-09-11,C00479,East,Marketplace,Fitness,Dumbbells,2,71.27,0.0,39.9
ORD005004,2025-09-11,C00127,North,Online,Fitness,Dumbbells,3,68.89,0.0,39.9
ORD005004,2025-09-11,C00127,North,Online,Fitness,Dumbbells,2,72.49,0.3,39.9
ORD005107,2025-09-11,C01217,West,Online,Home,Lamp,3,47.09,0.0,21.12
ORD005107,2025-09-11,C01217,West,Online,Beauty,Makeup Kit,1,39.19,0.0,14.0
ORD005305,2025-09-11,C00417,South,Online,Beauty,Skin Care Set,4,42.89,0.05,16.65
ORD005305,2025-09-11,C00417,South,Online,Home,Lamp,3,51.49,0.1,21.12
ORD005557,2025-09-11,C00598,East,Marketplace,Electronics,Smartwatch,1,218.01,0.05,132.3
ORD005557,2025-09-11,C00598,East,Marketplace,Beauty,Makeup Kit,1,40.67,0.3,14.0
ORD000595,2025-09-12,C00313,East,Online,Home,Storage Box,1,25.1,0.05,9.36
ORD000595,2025-09-12,C00313,East,Online,Home,Lamp,2,45.19,0.0,21.12
ORD000794,2025-09-12,C00058,South,Online,Beauty,Makeup Kit,1,37.62,0.1,14.0
ORD001343,2025-09-12,C01158,North,Store,Electronics,Keyboard,2,61.73,0.15,33.8
ORD001401,2025-09-12,C00445,South,Store,Fitness,Yoga Mat,4,28.74,0.0,12.6
ORD002452,2025-09-12,C00650,West,Online,Fitness,Dumbbells,2,67.68,0.2,39.9
ORD002621,2025-09-12,C01061,South,Online,Beauty,Hair Dryer,1,75.23,0.0,39.0
ORD002621,2025-09-12,C01061,South,Online,Home,Coffee Maker,4,97.62,0.0,52.25
ORD002758,2025-09-12,C00172,South,Online,Fitness,Dumbbells,3,70.02,0.2,39.9
ORD002758,2025-09-12,C00172,South,Online,Beauty,Skin Care Set,2,48.38,0.0,16.65
ORD003066,2025-09-12,C01937,South,Online,Fitness,Yoga Mat,2,29.51,0.0,12.6
ORD004112,2025-09-12,C01312,West,Marketplace,Electronics,Headphones,3,89.34,0.2,49.3
ORD004112,2025-09-12,C01312,West,Marketplace,Beauty,Makeup Kit,1,42.56,0.0,14.0
ORD004592,2025-09-12,C00031,South,Marketplace,Fitness,Dumbbells,1,67.92,0.05,39.9
ORD004592,2025-09-12,C00031,South,Marketplace,Beauty,Skin Care Set,1,48.58,0.05,16.65
ORD005788,2025-09-12,C01497,East,Store,Fitness,Yoga Mat,1,30.37,0.05,12.6
ORD000286,2025-09-13,C00505,North,Online,Fitness,Resistance Bands,2,20.79,0.0,7.48
ORD000286,2025-09-13,C00505,North,Online,Electronics,Smartwatch,1,221.6,0.0,132.3
ORD000540,2025-09-13,C00628,West,Online,Fitness,Yoga Mat,1,31.89,0.0,12.6
ORD000602,2025-09-13,C00088,North,Online,Home,Storage Box,1,22.98,0.0,9.36
ORD000602,2025-09-13,C00088,North,Online,Electronics,Smartwatch,1,219.9,0.05,132.3
ORD000692,2025-09-13,C00225,East,Online,Electronics,Headphones,2,87.99,0.1,49.3
ORD001873,2025-09-13,C00547,West,Online,Beauty,Hair Dryer,1,80.45,0.2,39.0
ORD002701,2025-09-13,C01464,North,Store,Home,Coffee Maker,1,97.57,0.1,52.25
ORD003085,2025-09-13,C00264,East,Online,Beauty,Hair Dryer,2,75.29,0.0,39.0
ORD003378,2025-09-13,C01934,East,Store,Home,Coffee Maker,2,97.96,0.05,52.25
ORD003445,2025-09-13,C01383,East,Marketplace,Electronics,Smartwatch,3,223.14,0.0,132.3
ORD003445,2025-09-13,C01383,East,Marketplace,Beauty,Skin Care Set,1,45.09,0.05,16.65
ORD000845,2025-09-14,C00585,North,Marketplace,Home,Storage Box,1,25.36,0.1,9.36
ORD001326,2025-09-14,C00812,West,Store,Electronics,Headphones,2,84.44,0.0,49.3
ORD001326,2025-09-14,C00812,West,Store,Fitness,Dumbbells,2,71.46,0.1,39.9
ORD001750,2025-09-14,C00322,South,Online,Fitness,Yoga Mat,2,30.71,0.05,12.6
ORD001784,2025-09-14,C00225,West,Online,Home,Lamp,1,46.94,0.1,21.12
ORD002385,2025-09-14,C01206,South,Online,Beauty,Makeup Kit,1,41.11,0.2,14.0
ORD002385,2025-09-14,C01206,South,Online,Electronics,Keyboard,1,65.75,0.05,33.8
ORD002595,2025-09-14,C00582,East,Marketplace,Beauty,Skin Care Set,1,46.58,0.05,16.65
ORD005703,2025-09-14,C00379,West,Store,Home,Coffee Maker,1,89.71,0.1,52.25
ORD001161,2025-09-15,C00303,North,Online,Fitness,Resistance Bands,1,22.8,0.0,7.48
ORD001615,2025-09-15,C00324,East,Store,Beauty,Hair Dryer,2,74.99,0.1,39.0
ORD002275,2025-09-15,C00292,East,Store,Electronics,Headphones,1,82.37,0.1,49.3
ORD003377,2025-09-15,C01336,East,Marketplace,Home,Coffee Maker,1,99.11,0.15,52.25
ORD003396,2025-09-15,C00114,West,Marketplace,Home,Storage Box,1,23.11,0.05,9.36
ORD003396,2025-09-15,C00114,West,Marketplace,Beauty,Skin Care Set,2,42.91,0.1,16.65
ORD005620,2025-09-15,C00714,South,Online,Beauty,Skin Care Set,2,47.14,0.0,16.65
ORD005620,2025-09-15,C00714,South,Online,Beauty,Makeup Kit,1,40.24,0.05,14.0
ORD000082,2025-09-16,C00370,North,Online,Home,Storage Box,1,23.66,0.0,9.36
ORD000106,2025-09-16,C01683,North,Store,Beauty,Hair Dryer,3,75.48,0.3,39.0
ORD000106,2025-09-16,C01683,North,Store,Home,Storage Box,1,24.77,0.2,9.36
ORD000142,2025-09-16,C01351,East,Online,Beauty,Makeup Kit,2,41.24,0.0,14.0
ORD000142,2025-09-16,C01351,East,Online,Fitness,Dumbbells,1,73.28,0.0,39.9
ORD000506,2025-09-16,C00605,North,Store,Electronics,Headphones,2,81.09,0.0,49.3
ORD001487,2025-09-16,C00252,South,Online,Fitness,Dumbbells,1,68.24,0.05,39.9
ORD001955,2025-09-16,C00308,North,Online,Electronics,Smartwatch,2,209.53,0.15,132.3
ORD002159,2025-09-16,C01805,North,Online,Home,Lamp,1,51.21,0.0,21.12
ORD002814,2025-09-16,C00783,South,Store,Electronics,Smartwatch,1,204.76,0.05,132.3
ORD003162,2025-09-16,C00636,East,Store,Home,Storage Box,2,22.89,0.0,9.36
ORD003527,2025-09-16,C00032,West,Online,Fitness,Resistance Bands,1,21.71,0.2,7.48
ORD003527,2025-09-16,C00032,West,Online,Electronics,Keyboard,1,61.87,0.2,33.8
ORD004099,2025-09-16,C00667,North,Online,Fitness,Dumbbells,3,71.37,0.0,39.9
ORD004099,2025-09-16,C00667,North,Online,Electronics,Keyboard,2,63.63,0.05,33.8
ORD004169,2025-09-16,C00023,West,Online,Beauty,Skin Care Set,1,44.0,0.15,16.65
ORD004169,2025-09-16,C00023,West,Online,Fitness,Resistance Bands,1,22.91,0.1,7.48
ORD004951,2025-09-16,C00401,East,Marketplace,Home,Storage Box,1,24.7,0.0,9.36
ORD004951,2025-09-16,C00401,East,Marketplace,Home,Lamp,1,49.44,0.2,21.12
ORD000015,2025-09-17,C00815,North,Store,Electronics,Keyboard,2,68.06,0.0,33.8
ORD000015,2025-09-17,C00815,North,Store,Electronics,Headphones,2,86.49,0.2,49.3
ORD003255,2025-09-17,C00263,West,Online,Fitness,Dumbbells,2,69.28,0.0,39.9
ORD003255,2025-09-17,C00263,West,Online,Home,Coffee Maker,1,96.54,0.05,52.25
ORD003287,2025-09-17,C00456,South,Online,Fitness,Dumbbells,2,72.05,0.15,39.9
ORD003287,2025-09-17,C00456,South,Online,Beauty,Skin Care Set,2,43.08,0.05,16.65
ORD003921,2025-09-17,C01162,West,Online,Electronics,Headphones,1,86.27,0.0,49.3
ORD003921,2025-09-17,C01162,West,Online,Beauty,Hair Dryer,2,75.12,0.0,39.0
ORD004039,2025-09-17,C01842,North,Online,Fitness,Resistance Bands,1,21.35,0.1,7.48
ORD004039,2025-09-17,C01842,North,Online,Electronics,Keyboard,1,62.91,0.15,33.8
ORD004083,2025-09-17,C00417,West,Online,Fitness,Dumbbells,1,74.54,0.1,39.9
ORD004242,2025-09-17,C01345,South,Online,Beauty,Makeup Kit,2,38.73,0.05,14.0
ORD004242,2025-09-17,C01345,South,Online,Home,Coffee Maker,1,97.21,0.3,52.25
ORD004410,2025-09-17,C01230,West,Online,Electronics,Smartwatch,3,211.78,0.1,132.3
ORD004410,2025-09-17,C01230,West,Online,Fitness,Dumbbells,2,69.25,0.1,39.9
ORD005026,2025-09-17,C00555,South,Online,Home,Lamp,1,49.71,0.1,21.12
ORD005363,2025-09-17,C00220,North,Store,Electronics,Smartwatch,1,205.63,0.1,132.3
ORD005363,2025-09-17,C00220,North,Store,Home,Lamp,2,50.09,0.15,21.12
ORD000495,2025-09-18,C01660,East,Online,Electronics,Keyboard,1,61.75,0.0,33.8
ORD001170,2025-09-18,C00441,West,Online,Home,Lamp,1,49.56,0.2,21.12
ORD002604,2025-09-18,C01762,South,Online,Electronics,Headphones,2,86.76,0.0,49.3
ORD002604,2025-09-18,C01762,South,Online,Fitness,Resistance Bands,1,22.67,0.0,7.48
ORD003191,2025-09-18,C00020,East,Online,Electronics,Headphones,3,80.84,0.05,49.3
ORD003191,2025-09-18,C00020,East,Online,Beauty,Makeup Kit,1,39.52,0.0,14.0
ORD003549,2025-09-18,C01492,North,Online,Electronics,Smartwatch,1,213.78,0.15,132.3
ORD003549,2025-09-18,C01492,North,Online,Fitness,Resistance Bands,1,22.19,0.05,7.48
ORD003653,2025-09-18,C00405,South,Online,Fitness,Resistance Bands,1,21.68,0.1,7.48
ORD003653,2025-09-18,C00405,South,Online,Fitness,Dumbbells,2,72.23,0.05,39.9
ORD004373,2025-09-18,C01790,North,Store,Beauty,Makeup Kit,1,38.6,0.1,14.0
ORD004373,2025-09-18,C01790,North,Store,Home,Coffee Maker,2,93.93,0.0,52.25
ORD004681,2025-09-18,C01324,East,Store,Beauty,Skin Care Set,3,44.53,0.0,16.65
ORD004966,2025-09-18,C00426,West,Marketplace,Beauty,Makeup Kit,2,43.18,0.0,14.0
ORD005163,2025-09-18,C00527,East,Online,Beauty,Skin Care Set,3,44.32,0.05,16.65
ORD005163,2025-09-18,C00527,East,Online,Electronics,Headphones,1,86.48,0.05,49.3
ORD000005,2025-09-19,C00388,North,Online,Fitness,Dumbbells,2,71.99,0.0,39.9
ORD000005,2025-09-19,C00388,North,Online,Electronics,Headphones,4,84.12,0.1,49.3
ORD003652,2025-09-19,C00015,South,Store,Beauty,Makeup Kit,1,38.18,0.1,14.0
ORD005662,2025-09-19,C00668,East,Online,Fitness,Dumbbells,1,75.31,0.15,39.9
ORD001126,2025-09-20,C00669,South,Online,Home,Lamp,1,50.2,0.05,21.12
ORD001495,2025-09-20,C00284,South,Marketplace,Home,Coffee Maker,1,91.37,0.0,52.25
ORD002443,2025-09-20,C00491,West,Store,Fitness,Dumbbells,3,68.2,0.1,39.9
ORD003500,2025-09-20,C00946,East,Online,Home,Storage Box,3,23.44,0.1,9.36
ORD003500,2025-09-20,C00946,East,Online,Electronics,Keyboard,3,69.94,0.05,33.8
ORD004383,2025-09-20,C01710,West,Marketplace,Fitness,Resistance Bands,1,21.71,0.15,7.48
ORD004796,2025-09-20,C00431,East,Online,Electronics,Headphones,1,86.81,0.0,49.3
ORD004901,2025-09-20,C00379,East,Online,Fitness,Dumbbells,2,67.44,0.2,39.9
ORD004901,2025-09-20,C00379,East,Online,Fitness,Yoga Mat,2,30.66,0.15,12.6
ORD004929,2025-09-20,C00179,East,Online,Fitness,Yoga Mat,2,32.0,0.0,12.6
ORD005057,2025-09-20,C01166,South,Online,Fitness,Yoga Mat,1,29.32,0.0,12.6
ORD000216,2025-09-21,C00517,South,Online,Electronics,Headphones,1,81.09,0.3,49.3
ORD000216,2025-09-21,C00517,South,Online,Beauty,Hair Dryer,1,81.44,0.15,39.0
ORD000541,2025-09-21,C01406,South,Online,Home,Storage Box,1,23.99,0.1,9.36
ORD000541,2025-09-21,C01406,South,Online,Fitness,Resistance Bands,1,22.23,0.15,7.48
ORD000679,2025-09-21,C00525,West,Online,Fitness,Resistance Bands,1,23.09,0.05,7.48
ORD001960,2025-09-21,C00509,North,Online,Home,Lamp,1,49.83,0.05,21.12
ORD001960,2025-09-21,C00509,North,Online,Electronics,Smartwatch,1,213.69,0.05,132.3
ORD002382,2025-09-21,C00109,East,Online,Home,Lamp,1,48.95,0.0,21.12
ORD002382,2025-09-21,C00109,East,Online,Beauty,Hair Dryer,1,81.22,0.2,39.0
ORD003742,2025-09-21,C00960,South,Online,Beauty,Makeup Kit,1,41.97,0.0,14.0
ORD004161,2025-09-21,C00200,South,Online,Home,Storage Box,1,25.2,0.05,9.36
ORD004347,2025-09-21,C01939,North,Marketplace,Home,Lamp,1,47.34,0.15,21.12
ORD005077,2025-09-21,C00476,East,Online,Beauty,Skin Care Set,1,45.62,0.05,16.65
ORD000199,2025-09-22,C00556,South,Online,Home,Coffee Maker,1,93.91,0.1,52.25
ORD000835,2025-09-22,C00393,East,Store,Fitness,Yoga Mat,2,29.65,0.0,12.6
ORD001450,2025-09-22,C00248,West,Marketplace,Electronics,Keyboard,3,65.33,0.15,33.8
ORD001450,2025-09-22,C00248,West,Marketplace,Home,Lamp,2,46.76,0.05,21.12
ORD002077,2025-09-22,C01759,North,Online,Fitness,Yoga Mat,1,29.37,0.0,12.6
ORD002077,2025-09-22,C01759,North,Online,Electronics,Headphones,2,84.0,0.05,49.3
ORD000105,2025-09-23,C00467,West,Store,Home,Coffee Maker,1,92.5,0.05,52.25
ORD000189,2025-09-23,C00510,South,Store,Fitness,Yoga Mat,1,29.16,0.1,12.6
ORD000189,2025-09-23,C00510,South,Store,Electronics,Smartwatch,1,224.75,0.1,132.3
ORD000836,2025-09-23,C00341,West,Online,Fitness,Dumbbells,1,68.88,0.2,39.9
ORD000836,2025-09-23,C00341,West,Online,Electronics,Headphones,2,88.16,0.0,49.3
ORD001441,2025-09-23,C00398,South,Online,Electronics,Keyboard,2,69.26,0.0,33.8
ORD001441,2025-09-23,C00398,South,Online,Home,Coffee Maker,1,90.2,0.3,52.25
ORD001733,2025-09-23,C00571,West,Store,Home,Coffee Maker,1,101.9,0.1,52.25
ORD001733,2025-09-23,C00571,West,Store,Fitness,Yoga Mat,2,30.41,0.15,12.6
ORD001798,2025-09-23,C00605,North,Online,Home,Coffee Maker,1,91.87,0.0,52.25
ORD001798,2025-09-23,C00605,North,Online,Fitness,Dumbbells,1,71.55,0.0,39.9
ORD002926,2025-09-23,C00538,West,Online,Beauty,Hair Dryer,3,82.54,0.0,39.0
ORD002926,2025-09-23,C00538,West,Online,Fitness,Resistance Bands,1,21.29,0.05,7.48
ORD004335,2025-09-23,C00494,East,Marketplace,Electronics,Smartwatch,1,221.01,0.15,132.3
ORD004335,2025-09-23,C00494,East,Marketplace,Fitness,Dumbbells,2,66.26,0.05,39.9
ORD004938,2025-09-23,C00671,East,Store,Home,Coffee Maker,1,101.59,0.05,52.25
ORD004938,2025-09-23,C00671,East,Store,Beauty,Makeup Kit,2,37.94,0.1,14.0
ORD005539,2025-09-23,C00033,East,Marketplace,Fitness,Dumbbells,1,74.78,0.1,39.9
ORD000481,2025-09-24,C00258,East,Online,Home,Storage Box,1,24.59,0.05,9.36
ORD002093,2025-09-24,C00486,North,Store,Electronics,Headphones,1,88.91,0.15,49.3
ORD003678,2025-09-24,C00469,South,Store,Fitness,Resistance Bands,3,23.04,0.05,7.48
ORD003678,2025-09-24,C00469,South,Store,Home,Coffee Maker,1,101.49,0.1,52.25
ORD005009,2025-09-24,C00239,West,Marketplace,Electronics,Keyboard,3,62.46,0.05,33.8
ORD005068,2025-09-24,C02081,North,Online,Electronics,Smartwatch,1,207.59,0.1,132.3
ORD005769,2025-09-24,C00519,West,Online,Electronics,Smartwatch,1,199.55,0.0,132.3
ORD000430,2025-09-25,C00693,North,Store,Electronics,Smartwatch,1,219.44,0.15,132.3
ORD000641,2025-09-25,C00007,North,Online,Beauty,Makeup Kit,1,38.53,0.05,14.0
ORD003208,2025-09-25,C00585,East,Online,Home,Storage Box,1,23.25,0.1,9.36
ORD005337,2025-09-25,C00362,East,Online,Home,Coffee Maker,3,100.57,0.2,52.25
ORD005337,2025-09-25,C00362,East,Online,Electronics,Keyboard,1,62.0,0.15,33.8
ORD000824,2025-09-26,C00361,South,Store,Fitness,Resistance Bands,1,20.94,0.1,7.48
ORD001122,2025-09-26,C00770,North,Online,Home,Storage Box,1,25.91,0.2,9.36
ORD001122,2025-09-26,C00770,North,Online,Beauty,Skin Care Set,1,44.01,0.1,16.65
ORD002690,2025-09-26,C00636,South,Marketplace,Electronics,Keyboard,1,67.66,0.3,33.8
ORD003330,2025-09-26,C00760,West,Online,Electronics,Smartwatch,1,219.96,0.05,132.3
ORD003330,2025-09-26,C00760,West,Online,Beauty,Makeup Kit,1,41.27,0.0,14.0
ORD004795,2025-09-26,C00930,East,Marketplace,Electronics,Smartwatch,1,207.06,0.0,132.3
ORD004795,2025-09-26,C00930,East,Marketplace,Home,Lamp,4,51.31,0.15,21.12
ORD000558,2025-09-27,C00504,West,Online,Electronics,Smartwatch,1,206.13,0.15,132.3
ORD000558,2025-09-27,C00504,West,Online,Home,Lamp,1,47.6,0.05,21.12
ORD001158,2025-09-27,C00369,East,Marketplace,Electronics,Keyboard,1,62.88,0.15,33.8
ORD002715,2025-09-27,C00191,East,Online,Beauty,Skin Care Set,2,46.87,0.0,16.65
ORD003120,2025-09-27,C00538,South,Online,Electronics,Headphones,2,89.93,0.1,49.3
ORD003259,2025-09-27,C01359,South,Store,Home,Storage Box,1,24.07,0.15,9.36
ORD003259,2025-09-27,C01359,South,Store,Home,Lamp,3,46.49,0.05,21.12
ORD003469,2025-09-27,C00095,West,Online,Electronics,Headphones,2,87.02,0.15,49.3
ORD003686,2025-09-27,C00166,West,Store,Beauty,Makeup Kit,2,41.65,0.05,14.0
ORD004149,2025-09-27,C00541,North,Marketplace,Home,Lamp,4,45.85,0.0,21.12
ORD004149,2025-09-27,C00541,North,Marketplace,Beauty,Hair Dryer,1,76.37,0.0,39.0
ORD004310,2025-09-27,C00493,North,Marketplace,Fitness,Resistance Bands,1,23.45,0.1,7.48
ORD004326,2025-09-27,C00931,West,Store,Beauty,Hair Dryer,1,80.48,0.1,39.0
ORD005147,2025-09-27,C00693,North,Online,Home,Coffee Maker,1,91.46,0.1,52.25
ORD005147,2025-09-27,C00693,North,Online,Beauty,Hair Dryer,2,82.74,0.05,39.0
ORD000259,2025-09-28,C01520,North,Store,Home,Lamp,1,46.05,0.0,21.12
ORD000358,2025-09-28,C00464,North,Online,Home,Lamp,1,46.71,0.15,21.12
ORD000358,2025-09-28,C00464,North,Online,Electronics,Headphones,1,81.73,0.0,49.3
ORD002900,2025-09-28,C00246,North,Online,Beauty,Skin Care Set,4,47.75,0.1,16.65
ORD003747,2025-09-28,C00828,East,Online,Beauty,Makeup Kit,3,39.4,0.05,14.0
ORD003838,2025-09-28,C00123,West,Online,Fitness,Dumbbells,1,68.5,0.0,39.9
ORD003884,2025-09-28,C00601,West,Online,Home,Coffee Maker,1,91.47,0.1,52.25
ORD004758,2025-09-28,C00268,West,Marketplace,Electronics,Headphones,1,89.82,0.05,49.3
ORD004758,2025-09-28,C00268,West,Marketplace,Electronics,Headphones,1,81.33,0.05,49.3
ORD005091,2025-09-28,C00932,South,Store,Beauty,Skin Care Set,3,43.63,0.0,16.65
ORD005226,2025-09-28,C01627,South,Store,Home,Coffee Maker,1,101.07,0.15,52.25
ORD000599,2025-09-29,C01009,North,Online,Beauty,Hair Dryer,2,83.5,0.1,39.0
ORD000623,2025-09-29,C00530,West,Online,Beauty,Skin Care Set,1,42.91,0.1,16.65
ORD000852,2025-09-29,C00618,North,Store,Fitness,Dumbbells,2,74.86,0.0,39.9
ORD000852,2025-09-29,C00618,North,Store,Beauty,Hair Dryer,2,79.46,0.05,39.0
ORD001148,2025-09-29,C00897,South,Store,Electronics,Keyboard,1,67.74,0.05,33.8
ORD002869,2025-09-29,C00710,North,Online,Beauty,Skin Care Set,3,44.13,0.0,16.65
ORD002869,2025-09-29,C00710,North,Online,Electronics,Keyboard,1,67.78,0.15,33.8
ORD003826,2025-09-29,C00395,North,Online,Electronics,Smartwatch,2,202.81,0.05,132.3
ORD003826,2025-09-29,C00395,North,Online,Electronics,Keyboard,4,68.97,0.2,33.8
ORD005380,2025-09-29,C00315,South,Marketplace,Electronics,Keyboard,1,61.9,0.1,33.8
ORD002026,2025-09-30,C01886,South,Store,Home,Lamp,3,45.42,0.0,21.12
ORD002026,2025-09-30,C01886,South,Store,Electronics,Headphones,1,80.82,0.0,49.3
ORD002239,2025-09-30,C01085,East,Store,Home,Lamp,1,49.79,0.2,21.12
ORD002239,2025-09-30,C01085,East,Store,Electronics,Smartwatch,1,218.66,0.15,132.3
ORD002356,2025-09-30,C00443,South,Online,Home,Coffee Maker,2,99.73,0.0,52.25
ORD002356,2025-09-30,C00443,South,Online,Electronics,Smartwatch,2,216.94,0.2,132.3
ORD002585,2025-09-30,C01410,West,Online,Home,Storage Box,1,24.51,0.0,9.36
ORD003065,2025-09-30,C00507,North,Marketplace,Fitness,Dumbbells,1,66.04,0.0,39.9
ORD003065,2025-09-30,C00507,North,Marketplace,Home,Lamp,2,51.2,0.15,21.12
ORD003183,2025-09-30,C00679,South,Online,Home,Lamp,1,48.57,0.0,21.12
ORD003183,2025-09-30,C00679,South,Online,Home,Storage Box,1,23.43,0.1,9.36
ORD003463,2025-09-30,C01991,East,Online,Beauty,Skin Care Set,4,47.38,0.05,16.65
ORD004199,2025-09-30,C00255,South,Store,Beauty,Skin Care Set,1,46.47,0.05,16.65
ORD004199,2025-09-30,C00255,South,Store,Beauty,Hair Dryer,2,84.22,0.0,39.0
ORD004562,2025-09-30,C02188,South,Marketplace,Home,Storage Box,2,25.53,0.1,9.36
ORD005741,2025-09-30,C00219,West,Store,Electronics,Headphones,3,84.41,0.0,49.3
ORD005759,2025-09-30,C00574,North,Marketplace,Fitness,Yoga Mat,2,31.89,0.05,12.6
ORD000847,2025-10-01,C00676,South,Store,Fitness,Dumbbells,2,66.79,0.1,39.9
ORD000847,2025-10-01,C00676,South,Store,Fitness,Yoga Mat,1,28.76,0.1,12.6
ORD001082,2025-10-01,C00548,East,Online,Electronics,Keyboard,1,68.75,0.05,33.8
ORD001809,2025-10-01,C00272,South,Store,Electronics,Headphones,1,84.69,0.1,49.3
ORD001809,2025-10-01,C00272,South,Store,Fitness,Resistance Bands,1,20.8,0.0,7.48
ORD003137,2025-10-01,C00473,West,Online,Fitness,Resistance Bands,1,22.4,0.15,7.48
ORD003694,2025-10-01,C00956,North,Online,Fitness,Resistance Bands,1,21.27,0.0,7.48
ORD003694,2025-10-01,C00956,North,Online,Home,Coffee Maker,3,94.15,0.1,52.25
ORD003925,2025-10-01,C00605,North,Online,Fitness,Dumbbells,1,75.34,0.1,39.9
ORD004988,2025-10-01,C00064,North,Store,Beauty,Skin Care Set,1,43.22,0.1,16.65
ORD001466,2025-10-02,C00251,North,Store,Home,Lamp,2,45.79,0.1,21.12
ORD001896,2025-10-02,C00197,West,Marketplace,Electronics,Keyboard,1,63.82,0.0,33.8
ORD001896,2025-10-02,C00197,West,Marketplace,Beauty,Hair Dryer,3,82.65,0.05,39.0
ORD003184,2025-10-02,C01782,East,Online,Fitness,Resistance Bands,1,21.91,0.1,7.48
ORD003184,2025-10-02,C01782,East,Online,Electronics,Keyboard,1,63.79,0.0,33.8
ORD003908,2025-10-02,C00435,West,Store,Fitness,Dumbbells,1,74.53,0.05,39.9
ORD000099,2025-10-03,C00295,South,Store,Electronics,Headphones,2,81.35,0.3,49.3
ORD000099,2025-10-03,C00295,South,Store,Home,Coffee Maker,1,98.43,0.0,52.25
ORD000274,2025-10-03,C00010,East,Online,Beauty,Makeup Kit,1,43.09,0.15,14.0
ORD000274,2025-10-03,C00010,East,Online,Electronics,Keyboard,2,62.36,0.2,33.8
ORD000723,2025-10-03,C01335,North,Online,Home,Lamp,4,49.88,0.0,21.12
ORD000914,2025-10-03,C00515,South,Online,Electronics,Keyboard,1,67.81,0.05,33.8
ORD001068,2025-10-03,C00468,North,Online,Beauty,Makeup Kit,3,39.87,0.0,14.0
ORD001590,2025-10-03,C00653,North,Online,Beauty,Skin Care Set,2,48.31,0.0,16.65
ORD001590,2025-10-03,C00653,North,Online,Fitness,Yoga Mat,2,30.28,0.2,12.6
ORD002497,2025-10-03,C01341,South,Online,Beauty,Skin Care Set,2,44.42,0.15,16.65
ORD002497,2025-10-03,C01341,South,Online,Electronics,Smartwatch,2,200.66,0.1,132.3
ORD003106,2025-10-03,C02198,East,Online,Beauty,Makeup Kit,1,40.56,0.05,14.0
ORD003106,2025-10-03,C02198,East,Online,Electronics,Headphones,2,87.62,0.15,49.3
ORD003881,2025-10-03,C00563,West,Online,Home,Coffee Maker,1,102.03,0.1,52.25
ORD003881,2025-10-03,C00563,West,Online,Home,Lamp,1,51.81,0.1,21.12
ORD004810,2025-10-03,C00540,South,Marketplace,Electronics,Smartwatch,1,215.19,0.15,132.3
ORD005248,2025-10-03,C01028,East,Online,Fitness,Dumbbells,1,72.81,0.0,39.9
ORD005485,2025-10-03,C00431,West,Store,Beauty,Skin Care Set,4,43.05,0.1,16.65
ORD005485,2025-10-03,C00431,West,Store,Home,Storage Box,2,25.29,0.1,9.36
ORD000235,2025-10-04,C00110,West,Online,Beauty,Makeup Kit,3,42.37,0.05,14.0
ORD000235,2025-10-04,C00110,West,Online,Beauty,Skin Care Set,1,44.44,0.15,16.65
ORD001455,2025-10-04,C00076,South,Store,Home,Storage Box,1,25.35,0.0,9.36
ORD001455,2025-10-04,C00076,South,Store,Beauty,Hair Dryer,1,81.56,0.15,39.0
ORD002628,2025-10-04,C00045,North,Store,Fitness,Dumbbells,1,67.06,0.0,39.9
ORD002628,2025-10-04,C00045,North,Store,Home,Storage Box,2,25.9,0.05,9.36
ORD003415,2025-10-04,C00505,East,Store,Electronics,Keyboard,3,63.88,0.05,33.8
ORD003415,2025-10-04,C00505,East,Store,Fitness,Resistance Bands,1,22.09,0.2,7.48
ORD004125,2025-10-04,C00536,West,Store,Beauty,Makeup Kit,1,38.53,0.05,14.0
ORD004350,2025-10-04,C00726,West,Online,Beauty,Skin Care Set,1,47.35,0.15,16.65
ORD004350,2025-10-04,C00726,West,Online,Beauty,Skin Care Set,1,44.48,0.15,16.65
ORD004540,2025-10-04,C01550,South,Marketplace,Beauty,Skin Care Set,1,45.08,0.0,16.65
ORD004649,2025-10-04,C00661,North,Store,Electronics,Keyboard,1,67.15,0.0,33.8
ORD004649,2025-10-04,C00661,North,Store,Beauty,Makeup Kit,4,41.19,0.05,14.0
ORD004728,2025-10-04,C00655,East,Online,Home,Storage Box,1,24.4,0.3,9.36
ORD004780,2025-10-04,C00080,South,Online,Beauty,Makeup Kit,1,41.79,0.0,14.0
ORD005319,2025-10-04,C00065,East,Marketplace,Beauty,Skin Care Set,1,43.38,0.1,16.65
ORD005319,2025-10-04,C00065,East,Marketplace,Beauty,Hair Dryer,1,81.71,0.15,39.0
ORD000712,2025-10-05,C00563,South,Marketplace,Home,Lamp,1,46.97,0.1,21.12
ORD001867,2025-10-05,C01228,West,Online,Electronics,Headphones,1,85.07,0.05,49.3
ORD002413,2025-10-05,C00380,West,Marketplace,Fitness,Dumbbells,3,66.79,0.1,39.9
ORD002413,2025-10-05,C00380,West,Marketplace,Fitness,Dumbbells,1,70.68,0.0,39.9
ORD003386,2025-10-05,C00283,North,Online,Beauty,Skin Care Set,1,47.52,0.05,16.65
ORD003386,2025-10-05,C00283,North,Online,Fitness,Resistance Bands,1,22.42,0.1,7.48
ORD004004,2025-10-05,C00116,West,Online,Home,Lamp,1,50.42,0.0,21.12
ORD004004,2025-10-05,C00116,West,Online,Electronics,Keyboard,2,65.92,0.05,33.8
ORD005100,2025-10-05,C00122,West,Marketplace,Electronics,Keyboard,3,68.41,0.05,33.8
ORD005280,2025-10-05,C00538,East,Store,Fitness,Dumbbells,1,69.0,0.1,39.9
ORD005382,2025-10-05,C01715,North,Online,Fitness,Dumbbells,3,67.48,0.1,39.9
ORD005386,2025-10-05,C00238,South,Online,Home,Storage Box,1,23.15,0.2,9.36
ORD005386,2025-10-05,C00238,South,Online,Fitness,Dumbbells,2,71.45,0.0,39.9
ORD000335,2025-10-06,C00402,South,Online,Home,Storage Box,1,25.37,0.05,9.36
ORD000335,2025-10-06,C00402,South,Online,Home,Storage Box,3,23.58,0.1,9.36
ORD000444,2025-10-06,C00422,South,Online,Fitness,Yoga Mat,1,31.41,0.1,12.6
ORD000856,2025-10-06,C00308,West,Online,Fitness,Dumbbells,1,74.41,0.0,39.9
ORD000995,2025-10-06,C00324,North,Online,Home,Lamp,1,47.96,0.1,21.12
ORD000995,2025-10-06,C00324,North,Online,Fitness,Dumbbells,1,68.97,0.1,39.9
ORD001043,2025-10-06,C00680,East,Online,Beauty,Skin Care Set,3,45.35,0.05,16.65
ORD001043,2025-10-06,C00680,East,Online,Beauty,Hair Dryer,1,82.13,0.0,39.0
ORD001298,2025-10-06,C00637,South,Online,Home,Coffee Maker,2,98.83,0.0,52.25
ORD001742,2025-10-06,C01093,West,Online,Home,Lamp,1,45.58,0.0,21.12
ORD001742,2025-10-06,C01093,West,Online,Fitness,Yoga Mat,1,31.17,0.0,12.6
ORD001897,2025-10-06,C00298,South,Marketplace,Electronics,Headphones,1,83.39,0.1,49.3
ORD001897,2025-10-06,C00298,South,Marketplace,Fitness,Yoga Mat,1,30.05,0.05,12.6
ORD002672,2025-10-06,C00377,West,Online,Electronics,Headphones,1,82.04,0.15,49.3
ORD003199,2025-10-06,C00043,South,Marketplace,Beauty,Hair Dryer,1,73.49,0.0,39.0
ORD003596,2025-10-06,C00948,East,Store,Electronics,Keyboard,2,69.59,0.1,33.8
ORD003749,2025-10-06,C00334,South,Store,Beauty,Skin Care Set,1,48.45,0.15,16.65
ORD000402,2025-10-07,C00974,North,Online,Fitness,Resistance Bands,1,21.32,0.0,7.48
ORD000911,2025-10-07,C00496,North,Online,Home,Storage Box,1,24.61,0.05,9.36
ORD001484,2025-10-07,C00492,West,Store,Electronics,Keyboard,1,69.01,0.05,33.8
ORD001484,2025-10-07,C00492,West,Store,Beauty,Skin Care Set,1,45.23,0.0,16.65
ORD001592,2025-10-07,C00207,West,Online,Beauty,Skin Care Set,3,44.37,0.0,16.65
ORD001685,2025-10-07,C00241,South,Marketplace,Fitness,Resistance Bands,2,22.62,0.0,7.48
ORD001775,2025-10-07,C00527,North,Store,Electronics,Headphones,1,91.17,0.2,49.3
ORD001775,2025-10-07,C00527,North,Store,Beauty,Hair Dryer,2,81.05,0.1,39.0
ORD003974,2025-10-07,C00166,South,Online,Home,Coffee Maker,2,93.92,0.1,52.25
ORD004414,2025-10-07,C00500,East,Online,Electronics,Headphones,1,91.52,0.15,49.3
ORD005312,2025-10-07,C00538,South,Online,Electronics,Headphones,2,88.5,0.2,49.3
ORD005312,2025-10-07,C00538,South,Online,Home,Lamp,3,49.43,0.0,21.12
ORD005782,2025-10-07,C00189,North,Online,Fitness,Dumbbells,2,72.98,0.1,39.9
ORD000343,2025-10-08,C00490,North,Online,Electronics,Headphones,1,85.01,0.05,49.3
ORD000343,2025-10-08,C00490,North,Online,Fitness,Dumbbells,1,66.15,0.05,39.9
ORD001232,2025-10-08,C00345,South,Online,Beauty,Makeup Kit,2,41.58,0.05,14.0
ORD001232,2025-10-08,C00345,South,Online,Fitness,Yoga Mat,1,31.89,0.05,12.6
ORD001463,2025-10-08,C00123,East,Online,Beauty,Makeup Kit,1,38.71,0.2,14.0
ORD001887,2025-10-08,C00218,South,Online,Beauty,Makeup Kit,1,39.57,0.05,14.0
ORD002014,2025-10-08,C02041,East,Store,Home,Storage Box,1,25.69,0.1,9.36
ORD002947,2025-10-08,C00310,North,Online,Home,Lamp,1,47.44,0.05,21.12
ORD003072,2025-10-08,C00020,North,Marketplace,Electronics,Smartwatch,4,198.59,0.0,132.3
ORD003072,2025-10-08,C00020,North,Marketplace,Fitness,Yoga Mat,1,32.22,0.05,12.6
ORD003514,2025-10-08,C00985,South,Online,Fitness,Yoga Mat,2,30.65,0.2,12.6
ORD005523,2025-10-08,C00449,East,Store,Fitness,Resistance Bands,1,23.28,0.0,7.48
ORD002034,2025-10-09,C00220,East,Online,Fitness,Yoga Mat,1,32.17,0.15,12.6
ORD003738,2025-10-09,C01456,North,Store,Beauty,Hair Dryer,1,77.51,0.1,39.0
ORD003738,2025-10-09,C01456,North,Store,Fitness,Yoga Mat,2,28.64,0.15,12.6
ORD003971,2025-10-09,C00641,East,Online,Home,Lamp,3,49.52,0.05,21.12
ORD003971,2025-10-09,C00641,East,Online,Beauty,Skin Care Set,2,48.54,0.15,16.65
ORD000585,2025-10-10,C00517,South,Online,Beauty,Hair Dryer,4,78.79,0.2,39.0
ORD000827,2025-10-10,C01309,South,Store,Home,Storage Box,3,23.31,0.0,9.36
ORD000827,2025-10-10,C01309,South,Store,Fitness,Resistance Bands,1,21.53,0.0,7.48
ORD002779,2025-10-10,C02175,West,Online,Electronics,Smartwatch,3,215.41,0.0,132.3
ORD002779,2025-10-10,C02175,West,Online,Beauty,Hair Dryer,2,75.21,0.0,39.0
ORD002803,2025-10-10,C01836,North,Marketplace,Fitness,Resistance Bands,2,21.05,0.3,7.48
ORD002803,2025-10-10,C01836,North,Marketplace,Fitness,Dumbbells,1,67.55,0.0,39.9
ORD003755,2025-10-10,C02030,South,Online,Electronics,Keyboard,3,68.82,0.0,33.8
ORD003926,2025-10-10,C00752,South,Online,Beauty,Skin Care Set,2,45.06,0.1,16.65
ORD005006,2025-10-10,C00438,South,Store,Electronics,Keyboard,1,69.36,0.0,33.8
ORD005659,2025-10-10,C01409,West,Store,Fitness,Dumbbells,1,66.66,0.3,39.9
ORD001226,2025-10-11,C00249,East,Store,Home,Coffee Maker,2,91.29,0.0,52.25
ORD001632,2025-10-11,C00818,West,Marketplace,Home,Lamp,1,50.4,0.1,21.12
ORD001632,2025-10-11,C00818,West,Marketplace,Electronics,Headphones,2,82.03,0.05,49.3
ORD003114,2025-10-11,C01314,North,Online,Electronics,Keyboard,2,68.77,0.05,33.8
ORD003274,2025-10-11,C00138,North,Store,Home,Storage Box,1,24.42,0.05,9.36
ORD003411,2025-10-11,C00670,East,Online,Home,Storage Box,2,24.2,0.0,9.36
ORD003411,2025-10-11,C00670,East,Online,Electronics,Keyboard,3,67.43,0.0,33.8
ORD004755,2025-10-11,C01987,West,Online,Home,Coffee Maker,1,92.92,0.15,52.25
ORD005698,2025-10-11,C00638,West,Online,Beauty,Makeup Kit,1,42.82,0.0,14.0
ORD000956,2025-10-12,C00266,North,Online,Fitness,Resistance Bands,2,22.94,0.05,7.48
ORD000956,2025-10-12,C00266,North,Online,Home,Storage Box,1,23.35,0.1,9.36
ORD001080,2025-10-12,C00293,East,Online,Electronics,Smartwatch,2,199.13,0.1,132.3
ORD001080,2025-10-12,C00293,East,Online,Home,Storage Box,3,25.38,0.05,9.36
ORD001434,2025-10-12,C00425,East,Online,Beauty,Makeup Kit,2,43.1,0.15,14.0
ORD001434,2025-10-12,C00425,East,Online,Fitness,Yoga Mat,1,28.64,0.0,12.6
ORD002480,2025-10-12,C00299,East,Marketplace,Beauty,Skin Care Set,2,46.07,0.1,16.65
ORD002480,2025-10-12,C00299,East,Marketplace,Electronics,Headphones,2,86.41,0.05,49.3
ORD002971,2025-10-12,C00354,North,Store,Home,Storage Box,1,22.69,0.2,9.36
ORD002971,2025-10-12,C00354,North,Store,Fitness,Dumbbells,2,71.88,0.05,39.9
ORD005546,2025-10-12,C00339,West,Online,Beauty,Hair Dryer,1,74.6,0.1,39.0
ORD005582,2025-10-12,C00222,North,Store,Fitness,Yoga Mat,4,28.26,0.1,12.6
ORD000173,2025-10-13,C00567,West,Online,Beauty,Hair Dryer,2,79.1,0.05,39.0
ORD000173,2025-10-13,C00567,West,Online,Electronics,Keyboard,2,66.48,0.15,33.8
ORD000872,2025-10-13,C00161,East,Online,Beauty,Hair Dryer,1,79.97,0.0,39.0
ORD000872,2025-10-13,C00161,East,Online,Home,Coffee Maker,2,96.53,0.0,52.25
ORD001025,2025-10-13,C00600,North,Online,Electronics,Headphones,2,85.85,0.0,49.3
ORD001025,2025-10-13,C00600,North,Online,Electronics,Keyboard,2,63.54,0.1,33.8
ORD004277,2025-10-13,C00281,West,Store,Home,Lamp,1,45.45,0.1,21.12
ORD004277,2025-10-13,C00281,West,Store,Beauty,Hair Dryer,2,74.01,0.1,39.0
ORD005920,2025-10-13,C00524,East,Online,Beauty,Hair Dryer,1,74.14,0.05,39.0
ORD003209,2025-10-14,C01482,West,Online,Beauty,Hair Dryer,1,82.55,0.3,39.0
ORD003209,2025-10-14,C01482,West,Online,Electronics,Keyboard,1,65.92,0.0,33.8
ORD003252,2025-10-14,C00974,North,Online,Electronics,Smartwatch,2,209.0,0.1,132.3
ORD003252,2025-10-14,C00974,North,Online,Home,Coffee Maker,1,101.42,0.0,52.25
ORD003595,2025-10-14,C00488,West,Marketplace,Beauty,Skin Care Set,1,47.73,0.1,16.65
ORD003595,2025-10-14,C00488,West,Marketplace,Home,Coffee Maker,2,99.29,0.0,52.25
ORD004389,2025-10-14,C00574,North,Online,Electronics,Headphones,3,85.95,0.0,49.3
ORD004486,2025-10-14,C00591,West,Online,Fitness,Dumbbells,1,74.8,0.05,39.9
ORD004486,2025-10-14,C00591,West,Online,Fitness,Resistance Bands,1,22.68,0.0,7.48
ORD005663,2025-10-14,C01185,North,Marketplace,Home,Storage Box,1,24.7,0.0,9.36
ORD005779,2025-10-14,C00487,East,Online,Fitness,Resistance Bands,1,21.22,0.0,7.48
ORD005779,2025-10-14,C00487,East,Online,Fitness,Yoga Mat,4,31.11,0.15,12.6
ORD000074,2025-10-15,C00496,South,Store,Fitness,Resistance Bands,1,23.25,0.15,7.48
ORD001370,2025-10-15,C01111,East,Store,Fitness,Dumbbells,1,74.93,0.1,39.9
ORD002797,2025-10-15,C00440,North,Store,Beauty,Makeup Kit,1,40.45,0.1,14.0
ORD002797,2025-10-15,C00440,North,Store,Fitness,Yoga Mat,3,31.15,0.05,12.6
ORD002962,2025-10-15,C00139,North,Store,Electronics,Keyboard,1,66.88,0.05,33.8
ORD002962,2025-10-15,C00139,North,Store,Home,Lamp,3,51.26,0.15,21.12
ORD003827,2025-10-15,C00743,West,Store,Home,Coffee Maker,3,90.95,0.0,52.25
ORD003827,2025-10-15,C00743,West,Store,Home,Lamp,1,50.6,0.3,21.12
ORD003847,2025-10-15,C00410,West,Store,Beauty,Hair Dryer,2,78.53,0.1,39.0
ORD003847,2025-10-15,C00410,West,Store,Electronics,Smartwatch,2,223.39,0.05,132.3
ORD005153,2025-10-15,C01106,West,Online,Home,Coffee Maker,1,89.45,0.0,52.25
ORD005153,2025-10-15,C01106,West,Online,Beauty,Skin Care Set,1,45.23,0.2,16.65
ORD002042,2025-10-16,C00133,North,Online,Fitness,Resistance Bands,1,22.26,0.2,7.48
ORD002881,2025-10-16,C00552,North,Online,Home,Coffee Maker,1,93.37,0.1,52.25
ORD002881,2025-10-16,C00552,North,Online,Electronics,Smartwatch,2,226.73,0.0,132.3
ORD004044,2025-10-16,C01074,South,Marketplace,Fitness,Resistance Bands,1,20.94,0.05,7.48
ORD004282,2025-10-16,C00131,South,Store,Fitness,Resistance Bands,1,21.04,0.05,7.48
ORD004282,2025-10-16,C00131,South,Store,Fitness,Dumbbells,1,72.97,0.0,39.9
ORD004499,2025-10-16,C00286,South,Store,Home,Storage Box,1,25.78,0.05,9.36
ORD004499,2025-10-16,C00286,South,Store,Home,Lamp,1,47.72,0.15,21.12
ORD005416,2025-10-16,C00697,West,Online,Beauty,Hair Dryer,1,75.64,0.2,39.0
ORD005416,2025-10-16,C00697,West,Online,Beauty,Skin Care Set,3,47.54,0.0,16.65
ORD001069,2025-10-17,C00645,East,Marketplace,Home,Coffee Maker,1,98.61,0.05,52.25
ORD001823,2025-10-17,C00658,South,Marketplace,Electronics,Smartwatch,3,198.9,0.0,132.3
ORD001823,2025-10-17,C00658,South,Marketplace,Fitness,Yoga Mat,1,31.67,0.3,12.6
ORD002010,2025-10-17,C00104,East,Store,Electronics,Keyboard,2,69.86,0.0,33.8
ORD002010,2025-10-17,C00104,East,Store,Home,Lamp,1,49.09,0.15,21.12
ORD002125,2025-10-17,C00141,North,Online,Electronics,Keyboard,1,65.89,0.3,33.8
ORD002125,2025-10-17,C00141,North,Online,Beauty,Makeup Kit,2,42.72,0.0,14.0
ORD003111,2025-10-17,C00252,East,Store,Beauty,Makeup Kit,4,42.58,0.05,14.0
ORD003111,2025-10-17,C00252,East,Store,Fitness,Dumbbells,1,70.2,0.05,39.9
ORD003713,2025-10-17,C02156,East,Store,Home,Lamp,3,48.92,0.05,21.12
ORD003731,2025-10-17,C00154,West,Marketplace,Beauty,Makeup Kit,1,42.5,0.05,14.0
ORD004657,2025-10-17,C00257,West,Store,Home,Storage Box,1,23.46,0.15,9.36
ORD004657,2025-10-17,C00257,West,Store,Fitness,Dumbbells,1,70.0,0.15,39.9
ORD005131,2025-10-17,C00604,West,Online,Beauty,Skin Care Set,1,45.42,0.0,16.65
ORD005131,2025-10-17,C00604,West,Online,Electronics,Headphones,2,87.18,0.0,49.3
ORD000753,2025-10-18,C00623,East,Store,Home,Storage Box,2,25.67,0.0,9.36
ORD001359,2025-10-18,C01238,North,Online,Fitness,Dumbbells,1,73.39,0.1,39.9
ORD002968,2025-10-18,C00074,West,Online,Home,Coffee Maker,2,94.17,0.0,52.25
ORD002968,2025-10-18,C00074,West,Online,Electronics,Headphones,2,84.08,0.15,49.3
ORD003194,2025-10-18,C00199,East,Online,Fitness,Dumbbells,1,69.54,0.0,39.9
ORD000675,2025-10-19,C00560,East,Online,Electronics,Keyboard,2,63.82,0.05,33.8
ORD001112,2025-10-19,C00164,East,Store,Electronics,Keyboard,1,65.9,0.05,33.8
ORD001112,2025-10-19,C00164,East,Store,Fitness,Resistance Bands,2,21.14,0.15,7.48
ORD001118,2025-10-19,C00436,East,Store,Fitness,Dumbbells,4,73.92,0.1,39.9
ORD003126,2025-10-19,C00579,South,Online,Beauty,Skin Care Set,1,43.44,0.0,16.65
ORD003126,2025-10-19,C00579,South,Online,Home,Lamp,1,51.04,0.0,21.12
ORD003537,2025-10-19,C00133,North,Online,Home,Lamp,1,47.01,0.1,21.12
ORD003955,2025-10-19,C01333,East,Online,Home,Coffee Maker,2,100.04,0.0,52.25
ORD003955,2025-10-19,C01333,East,Online,Beauty,Makeup Kit,1,37.72,0.0,14.0
ORD004194,2025-10-19,C00336,West,Marketplace,Beauty,Hair Dryer,1,79.41,0.0,39.0
ORD004194,2025-10-19,C00336,West,Marketplace,Fitness,Resistance Bands,1,22.0,0.15,7.48
ORD000853,2025-10-20,C00434,North,Online,Fitness,Dumbbells,1,68.23,0.0,39.9
ORD000853,2025-10-20,C00434,North,Online,Beauty,Skin Care Set,1,45.84,0.0,16.65
ORD001902,2025-10-20,C00988,East,Store,Home,Storage Box,1,24.42,0.0,9.36
ORD001902,2025-10-20,C00988,East,Store,Beauty,Makeup Kit,4,38.42,0.0,14.0
ORD002562,2025-10-20,C02049,East,Online,Fitness,Resistance Bands,1,21.71,0.0,7.48
ORD002562,2025-10-20,C02049,East,Online,Beauty,Skin Care Set,1,47.22,0.1,16.65
ORD004186,2025-10-20,C00278,North,Marketplace,Fitness,Dumbbells,2,74.56,0.05,39.9
ORD004186,2025-10-20,C00278,North,Marketplace,Beauty,Hair Dryer,1,76.81,0.0,39.0
ORD005517,2025-10-20,C00333,East,Marketplace,Home,Lamp,2,49.58,0.05,21.12
ORD005789,2025-10-20,C00173,South,Online,Fitness,Yoga Mat,1,32.19,0.1,12.6
ORD001072,2025-10-21,C00342,West,Online,Home,Storage Box,1,22.84,0.0,9.36
ORD001072,2025-10-21,C00342,West,Online,Beauty,Skin Care Set,2,42.77,0.05,16.65
ORD001318,2025-10-21,C01283,South,Store,Fitness,Yoga Mat,2,30.14,0.05,12.6
ORD001937,2025-10-21,C00522,North,Marketplace,Electronics,Headphones,2,83.06,0.05,49.3
ORD002932,2025-10-21,C01822,North,Marketplace,Home,Coffee Maker,1,90.57,0.05,52.25
ORD004098,2025-10-21,C00022,South,Marketplace,Electronics,Smartwatch,1,199.52,0.0,132.3
ORD004098,2025-10-21,C00022,South,Marketplace,Home,Storage Box,2,23.96,0.2,9.36
ORD004702,2025-10-21,C01922,South,Online,Home,Lamp,2,47.47,0.1,21.12
ORD004702,2025-10-21,C01922,South,Online,Electronics,Keyboard,1,66.37,0.15,33.8
ORD004743,2025-10-21,C00594,South,Online,Electronics,Smartwatch,2,202.12,0.15,132.3
ORD004934,2025-10-21,C01176,West,Online,Fitness,Resistance Bands,2,21.16,0.0,7.48
ORD004934,2025-10-21,C01176,West,Online,Beauty,Skin Care Set,1,43.08,0.0,16.65
ORD002944,2025-10-22,C00347,East,Online,Home,Lamp,1,51.41,0.15,21.12
ORD004329,2025-10-22,C00561,West,Online,Fitness,Yoga Mat,2,30.42,0.0,12.6
ORD004329,2025-10-22,C00561,West,Online,Home,Lamp,3,51.03,0.15,21.12
ORD004840,2025-10-22,C00627,North,Marketplace,Electronics,Smartwatch,1,207.29,0.05,132.3
ORD005011,2025-10-22,C00009,South,Store,Home,Lamp,1,51.49,0.15,21.12
ORD005011,2025-10-22,C00009,South,Store,Home,Lamp,1,48.93,0.1,21.12
ORD005556,2025-10-22,C01956,South,Online,Beauty,Skin Care Set,3,43.82,0.15,16.65
ORD005556,2025-10-22,C01956,South,Online,Beauty,Skin Care Set,3,46.84,0.15,16.65
ORD005744,2025-10-22,C01082,North,Store,Beauty,Makeup Kit,1,42.31,0.0,14.0
ORD005744,2025-10-22,C01082,North,Store,Electronics,Smartwatch,1,215.39,0.15,132.3
ORD005841,2025-10-22,C00087,East,Store,Electronics,Headphones,1,88.54,0.2,49.3
ORD001634,2025-10-23,C00203,East,Online,Home,Storage Box,1,23.27,0.0,9.36
ORD001634,2025-10-23,C00203,East,Online,Electronics,Smartwatch,1,225.89,0.0,132.3
ORD001921,2025-10-23,C00019,East,Online,Fitness,Dumbbells,1,74.96,0.1,39.9
ORD001921,2025-10-23,C00019,East,Online,Electronics,Smartwatch,2,210.66,0.0,132.3
ORD002892,2025-10-23,C01115,East,Online,Electronics,Headphones,1,88.27,0.0,49.3
ORD003128,2025-10-23,C00323,East,Online,Home,Coffee Maker,3,97.86,0.2,52.25
ORD003128,2025-10-23,C00323,East,Online,Electronics,Keyboard,1,65.25,0.1,33.8
ORD003996,2025-10-23,C00523,South,Online,Electronics,Smartwatch,2,213.17,0.0,132.3
ORD005045,2025-10-23,C00017,East,Online,Electronics,Headphones,1,91.15,0.15,49.3
ORD005045,2025-10-23,C00017,East,Online,Beauty,Hair Dryer,1,81.79,0.15,39.0
ORD005398,2025-10-23,C00642,West,Online,Electronics,Smartwatch,1,214.5,0.15,132.3
ORD005398,2025-10-23,C00642,West,Online,Beauty,Hair Dryer,1,81.74,0.1,39.0
ORD000683,2025-10-24,C01128,West,Online,Electronics,Keyboard,2,67.46,0.0,33.8
ORD000683,2025-10-24,C01128,West,Online,Home,Coffee Maker,2,96.28,0.05,52.25
ORD001271,2025-10-24,C00526,North,Store,Fitness,Dumbbells,3,67.22,0.1,39.9
ORD001861,2025-10-24,C02200,East,Marketplace,Home,Lamp,2,46.54,0.05,21.12
ORD001861,2025-10-24,C02200,East,Marketplace,Fitness,Dumbbells,1,73.03,0.0,39.9
ORD002297,2025-10-24,C01825,North,Store,Electronics,Smartwatch,1,206.31,0.1,132.3
ORD002508,2025-10-24,C00637,West,Marketplace,Beauty,Makeup Kit,2,41.16,0.05,14.0
ORD002909,2025-10-24,C00312,East,Online,Fitness,Yoga Mat,1,28.82,0.0,12.6
ORD004011,2025-10-24,C01660,East,Online,Electronics,Headphones,1,83.5,0.05,49.3
ORD004455,2025-10-24,C00193,North,Online,Fitness,Dumbbells,1,65.83,0.1,39.9
ORD004455,2025-10-24,C00193,North,Online,Beauty,Skin Care Set,2,45.32,0.2,16.65
ORD005113,2025-10-24,C01923,South,Online,Home,Lamp,1,45.31,0.1,21.12
ORD005113,2025-10-24,C01923,South,Online,Fitness,Resistance Bands,3,21.82,0.05,7.48
ORD001852,2025-10-25,C00675,South,Online,Beauty,Skin Care Set,3,44.18,0.0,16.65
ORD001852,2025-10-25,C00675,South,Online,Electronics,Headphones,2,86.28,0.15,49.3
ORD004026,2025-10-25,C00619,North,Marketplace,Home,Coffee Maker,1,101.93,0.15,52.25
ORD005144,2025-10-25,C00300,North,Store,Home,Coffee Maker,1,97.24,0.05,52.25
ORD005144,2025-10-25,C00300,North,Store,Fitness,Dumbbells,2,71.59,0.0,39.9
ORD005435,2025-10-25,C00157,North,Online,Fitness,Resistance Bands,1,23.35,0.1,7.48
ORD005435,2025-10-25,C00157,North,Online,Electronics,Headphones,2,82.4,0.3,49.3
ORD005436,2025-10-25,C00586,East,Online,Beauty,Skin Care Set,2,47.59,0.0,16.65
ORD005736,2025-10-25,C01671,North,Online,Fitness,Yoga Mat,2,29.03,0.0,12.6
ORD005736,2025-10-25,C01671,North,Online,Fitness,Dumbbells,1,70.66,0.15,39.9
ORD000600,2025-10-26,C00461,East,Online,Fitness,Yoga Mat,1,29.95,0.0,12.6
ORD000600,2025-10-26,C00461,East,Online,Electronics,Smartwatch,1,211.72,0.0,132.3
ORD002282,2025-10-26,C01442,West,Store,Beauty,Hair Dryer,1,84.07,0.0,39.0
ORD002434,2025-10-26,C00262,North,Store,Beauty,Skin Care Set,1,43.81,0.0,16.65
ORD002434,2025-10-26,C00262,North,Store,Electronics,Keyboard,3,66.63,0.3,33.8
ORD003452,2025-10-26,C00329,North,Online,Fitness,Resistance Bands,1,22.55,0.1,7.48
ORD005074,2025-10-26,C00978,South,Online,Fitness,Resistance Bands,2,23.4,0.1,7.48
ORD005455,2025-10-26,C00619,North,Store,Beauty,Hair Dryer,1,79.12,0.1,39.0
ORD005455,2025-10-26,C00619,North,Store,Home,Coffee Maker,1,96.34,0.05,52.25
ORD001222,2025-10-27,C00338,East,Store,Beauty,Hair Dryer,1,76.52,0.1,39.0
ORD001234,2025-10-27,C00506,South,Online,Electronics,Keyboard,2,64.05,0.0,33.8
ORD001234,2025-10-27,C00506,South,Online,Electronics,Headphones,2,88.81,0.0,49.3
ORD002614,2025-10-27,C00069,South,Online,Electronics,Headphones,2,79.95,0.1,49.3
ORD002614,2025-10-27,C00069,South,Online,Electronics,Headphones,1,83.27,0.1,49.3
ORD003634,2025-10-27,C00675,South,Store,Fitness,Dumbbells,2,71.89,0.2,39.9
ORD003634,2025-10-27,C00675,South,Store,Electronics,Headphones,1,89.1,0.15,49.3
ORD003967,2025-10-27,C01447,South,Marketplace,Fitness,Resistance Bands,2,20.96,0.15,7.48
ORD003967,2025-10-27,C01447,South,Marketplace,Electronics,Smartwatch,1,226.43,0.3,132.3
ORD004481,2025-10-27,C00482,South,Online,Beauty,Hair Dryer,2,74.21,0.05,39.0
ORD005994,2025-10-27,C00538,North,Store,Fitness,Dumbbells,1,71.68,0.15,39.9
ORD005994,2025-10-27,C00538,North,Store,Fitness,Yoga Mat,2,29.1,0.3,12.6
ORD001591,2025-10-28,C00698,East,Store,Fitness,Dumbbells,2,74.81,0.0,39.9
ORD001591,2025-10-28,C00698,East,Store,Fitness,Yoga Mat,1,30.02,0.1,12.6
ORD001702,2025-10-28,C00416,South,Online,Electronics,Headphones,1,86.05,0.0,49.3
ORD001702,2025-10-28,C00416,South,Online,Electronics,Smartwatch,1,209.01,0.0,132.3
ORD001857,2025-10-28,C00505,North,Marketplace,Electronics,Keyboard,1,61.23,0.0,33.8
ORD002193,2025-10-28,C01728,West,Online,Home,Lamp,1,45.8,0.1,21.12
ORD002193,2025-10-28,C01728,West,Online,Beauty,Makeup Kit,1,41.33,0.0,14.0
ORD002229,2025-10-28,C00242,North,Online,Home,Lamp,1,50.59,0.15,21.12
ORD004269,2025-10-28,C00091,North,Store,Fitness,Yoga Mat,1,31.28,0.05,12.6
ORD004269,2025-10-28,C00091,North,Store,Home,Storage Box,1,25.2,0.0,9.36
ORD004692,2025-10-28,C00305,South,Online,Beauty,Hair Dryer,1,77.87,0.0,39.0
ORD000659,2025-10-29,C01354,West,Marketplace,Beauty,Hair Dryer,1,76.01,0.0,39.0
ORD000727,2025-10-29,C01879,South,Store,Home,Storage Box,2,25.52,0.1,9.36
ORD000727,2025-10-29,C01879,South,Store,Home,Coffee Maker,1,95.57,0.3,52.25
ORD003492,2025-10-29,C01957,East,Online,Electronics,Smartwatch,1,220.01,0.0,132.3
ORD003492,2025-10-29,C01957,East,Online,Fitness,Resistance Bands,1,22.86,0.1,7.48
ORD005315,2025-10-29,C00460,West,Store,Home,Lamp,4,49.43,0.0,21.12
ORD001044,2025-10-30,C00897,South,Online,Fitness,Yoga Mat,1,28.49,0.1,12.6
ORD001560,2025-10-30,C01886,East,Online,Beauty,Skin Care Set,1,45.86,0.2,16.65
ORD001681,2025-10-30,C00281,West,Online,Beauty,Makeup Kit,4,41.09,0.05,14.0
ORD002252,2025-10-30,C00588,East,Online,Home,Storage Box,1,23.03,0.05,9.36
ORD002889,2025-10-30,C00684,North,Store,Beauty,Makeup Kit,1,37.88,0.0,14.0
ORD002889,2025-10-30,C00684,North,Store,Beauty,Skin Care Set,1,47.64,0.1,16.65
ORD003346,2025-10-30,C01389,West,Store,Beauty,Skin Care Set,2,47.52,0.05,16.65
ORD003346,2025-10-30,C01389,West,Store,Beauty,Skin Care Set,2,46.17,0.15,16.65
ORD003594,2025-10-30,C00213,East,Online,Fitness,Dumbbells,3,65.91,0.0,39.9
ORD004361,2025-10-30,C00245,East,Online,Beauty,Skin Care Set,2,47.02,0.0,16.65
ORD004361,2025-10-30,C00245,East,Online,Electronics,Keyboard,2,67.7,0.0,33.8
ORD004532,2025-10-30,C00696,West,Online,Beauty,Hair Dryer,3,82.44,0.0,39.0
ORD004914,2025-10-30,C00399,West,Online,Fitness,Resistance Bands,1,22.71,0.2,7.48
ORD004914,2025-10-30,C00399,West,Online,Fitness,Resistance Bands,2,20.75,0.0,7.48
ORD005935,2025-10-30,C00579,East,Online,Fitness,Yoga Mat,1,28.39,0.0,12.6
ORD000242,2025-10-31,C01531,South,Online,Beauty,Makeup Kit,1,40.2,0.15,14.0
ORD000242,2025-10-31,C01531,South,Online,Home,Lamp,1,48.69,0.1,21.12
ORD001380,2025-10-31,C00562,South,Online,Beauty,Hair Dryer,1,75.91,0.0,39.0
ORD001380,2025-10-31,C00562,South,Online,Electronics,Headphones,1,90.14,0.05,49.3
ORD001381,2025-10-31,C00395,East,Online,Fitness,Dumbbells,1,68.8,0.0,39.9
ORD001381,2025-10-31,C00395,East,Online,Home,Lamp,1,46.83,0.2,21.12
ORD001692,2025-10-31,C00597,South,Store,Beauty,Skin Care Set,1,47.29,0.1,16.65
ORD001692,2025-10-31,C00597,South,Store,Fitness,Resistance Bands,1,22.52,0.3,7.48
ORD002063,2025-10-31,C00626,South,Online,Fitness,Yoga Mat,3,28.66,0.15,12.6
ORD002063,2025-10-31,C00626,South,Online,Home,Lamp,2,48.61,0.0,21.12
ORD003772,2025-10-31,C01672,East,Online,Home,Storage Box,4,23.54,0.05,9.36
ORD005442,2025-10-31,C00256,North,Store,Beauty,Makeup Kit,3,40.18,0.15,14.0
ORD005442,2025-10-31,C00256,North,Store,Home,Coffee Maker,2,91.11,0.15,52.25
ORD005728,2025-10-31,C00438,East,Online,Beauty,Skin Care Set,1,45.73,0.1,16.65
ORD000019,2025-11-01,C01530,South,Online,Electronics,Headphones,2,99.19,0.0,49.3
ORD001255,2025-11-01,C00571,East,Online,Home,Storage Box,1,27.28,0.05,9.36
ORD001954,2025-11-01,C00417,South,Online,Home,Storage Box,1,27.55,0.1,9.36
ORD001954,2025-11-01,C00417,South,Online,Beauty,Makeup Kit,1,47.0,0.05,14.0
ORD002144,2025-11-01,C00647,East,Online,Home,Storage Box,2,28.13,0.0,9.36
ORD003044,2025-11-01,C02109,North,Store,Home,Storage Box,3,27.16,0.1,9.36
ORD004718,2025-11-01,C00371,East,Store,Beauty,Makeup Kit,1,46.81,0.0,14.0
ORD004718,2025-11-01,C00371,East,Store,Fitness,Yoga Mat,2,34.42,0.05,12.6
ORD004750,2025-11-01,C00345,West,Online,Beauty,Skin Care Set,1,51.94,0.15,16.65
ORD000588,2025-11-02,C00407,North,Online,Fitness,Dumbbells,1,77.27,0.0,39.9
ORD000588,2025-11-02,C00407,North,Online,Home,Storage Box,1,26.88,0.0,9.36
ORD001631,2025-11-02,C00289,North,Store,Beauty,Makeup Kit,3,42.75,0.15,14.0
ORD001631,2025-11-02,C00289,North,Store,Electronics,Keyboard,2,69.52,0.0,33.8
ORD002618,2025-11-02,C00133,South,Online,Fitness,Yoga Mat,1,32.09,0.0,12.6
ORD003109,2025-11-02,C00315,West,Store,Electronics,Keyboard,1,72.1,0.15,33.8
ORD003643,2025-11-02,C00558,East,Store,Home,Storage Box,1,28.83,0.3,9.36
ORD003643,2025-11-02,C00558,East,Store,Electronics,Keyboard,1,74.74,0.0,33.8
ORD003893,2025-11-02,C00573,South,Online,Fitness,Yoga Mat,2,35.2,0.05,12.6
ORD003893,2025-11-02,C00573,South,Online,Electronics,Keyboard,2,72.93,0.0,33.8
ORD004173,2025-11-02,C01218,North,Store,Fitness,Resistance Bands,1,24.85,0.2,7.48
ORD005578,2025-11-02,C00197,East,Online,Fitness,Resistance Bands,3,25.63,0.0,7.48
ORD005578,2025-11-02,C00197,East,Online,Electronics,Keyboard,1,73.61,0.0,33.8
ORD001507,2025-11-03,C00145,West,Online,Electronics,Headphones,1,98.71,0.05,49.3
ORD003095,2025-11-03,C00630,South,Marketplace,Electronics,Headphones,1,103.66,0.1,49.3
ORD003095,2025-11-03,C00630,South,Marketplace,Home,Coffee Maker,1,108.9,0.3,52.25
ORD003585,2025-11-03,C00415,North,Online,Home,Coffee Maker,2,102.17,0.1,52.25
ORD003585,2025-11-03,C00415,North,Online,Electronics,Smartwatch,2,246.98,0.05,132.3
ORD003907,2025-11-03,C01683,North,Marketplace,Electronics,Headphones,4,100.38,0.05,49.3
ORD003907,2025-11-03,C01683,North,Marketplace,Home,Storage Box,1,26.26,0.05,9.36
ORD004190,2025-11-03,C00088,East,Online,Electronics,Headphones,1,97.23,0.1,49.3
ORD005534,2025-11-03,C00469,South,Store,Electronics,Smartwatch,3,244.89,0.15,132.3
ORD005534,2025-11-03,C00469,South,Store,Beauty,Skin Care Set,1,52.24,0.0,16.65
ORD000325,2025-11-04,C01753,North,Store,Home,Coffee Maker,1,100.98,0.0,52.25
ORD000325,2025-11-04,C01753,North,Store,Fitness,Yoga Mat,2,35.1,0.1,12.6
ORD000367,2025-11-04,C01209,South,Marketplace,Beauty,Skin Care Set,2,48.27,0.0,16.65
ORD000397,2025-11-04,C01310,West,Marketplace,Electronics,Headphones,2,92.17,0.05,49.3
ORD000397,2025-11-04,C01310,West,Marketplace,Beauty,Makeup Kit,1,47.64,0.0,14.0
ORD000477,2025-11-04,C01536,South,Online,Beauty,Skin Care Set,1,50.36,0.0,16.65
ORD000552,2025-11-04,C00221,North,Online,Electronics,Headphones,3,91.82,0.0,49.3
ORD000605,2025-11-04,C00671,West,Online,Fitness,Dumbbells,2,84.95,0.15,39.9
ORD000605,2025-11-04,C00671,West,Online,Fitness,Yoga Mat,1,35.02,0.0,12.6
ORD000974,2025-11-04,C00378,South,Online,Beauty,Hair Dryer,1,91.0,0.0,39.0
ORD000974,2025-11-04,C00378,South,Online,Electronics,Headphones,3,93.22,0.05,49.3
ORD001339,2025-11-04,C00089,West,Marketplace,Electronics,Smartwatch,1,253.67,0.15,132.3
ORD001339,2025-11-04,C00089,West,Marketplace,Home,Coffee Maker,2,106.08,0.0,52.25
ORD001744,2025-11-04,C00417,North,Online,Home,Lamp,3,56.42,0.2,21.12
ORD001744,2025-11-04,C00417,North,Online,Fitness,Yoga Mat,4,34.69,0.0,12.6
ORD001963,2025-11-04,C00714,North,Online,Fitness,Dumbbells,2,75.98,0.05,39.9
ORD001963,2025-11-04,C00714,North,Online,Beauty,Makeup Kit,4,43.66,0.2,14.0
ORD002408,2025-11-04,C00491,South,Online,Home,Coffee Maker,2,103.43,0.15,52.25
ORD002408,2025-11-04,C00491,South,Online,Electronics,Smartwatch,2,254.61,0.0,132.3
ORD000066,2025-11-05,C01434,North,Online,Electronics,Headphones,1,102.67,0.2,49.3
ORD000352,2025-11-05,C00201,East,Online,Home,Lamp,1,55.13,0.0,21.12
ORD000352,2025-11-05,C00201,East,Online,Beauty,Skin Care Set,4,54.2,0.0,16.65
ORD000656,2025-11-05,C00402,North,Store,Beauty,Makeup Kit,3,46.69,0.05,14.0
ORD000656,2025-11-05,C00402,North,Store,Fitness,Yoga Mat,1,36.58,0.1,12.6
ORD001737,2025-11-05,C00194,West,Online,Beauty,Hair Dryer,1,90.92,0.2,39.0
ORD001945,2025-11-05,C02016,East,Store,Beauty,Skin Care Set,1,54.27,0.3,16.65
ORD002041,2025-11-05,C00650,West,Store,Electronics,Headphones,2,93.06,0.1,49.3
ORD003272,2025-11-05,C00707,West,Online,Fitness,Dumbbells,4,80.9,0.15,39.9
ORD003272,2025-11-05,C00707,West,Online,Home,Storage Box,1,26.82,0.15,9.36
ORD003592,2025-11-05,C00096,South,Online,Electronics,Smartwatch,1,243.0,0.1,132.3
ORD000618,2025-11-06,C00688,West,Store,Electronics,Headphones,1,103.18,0.2,49.3
ORD000618,2025-11-06,C00688,West,Store,Beauty,Makeup Kit,3,42.81,0.05,14.0
ORD002169,2025-11-06,C00561,South,Online,Home,Storage Box,1,29.0,0.2,9.36
ORD002169,2025-11-06,C00561,South,Online,Fitness,Resistance Bands,1,25.65,0.2,7.48
ORD003963,2025-11-06,C02002,North,Online,Home,Storage Box,1,27.78,0.2,9.36
ORD003963,2025-11-06,C02002,North,Online,Home,Storage Box,3,25.81,0.05,9.36
ORD004285,2025-11-06,C00125,North,Store,Fitness,Dumbbells,2,74.69,0.1,39.9
ORD004285,2025-11-06,C00125,North,Store,Fitness,Dumbbells,2,77.83,0.0,39.9
ORD005829,2025-11-06,C00326,North,Store,Electronics,Headphones,1,97.56,0.0,49.3
ORD001900,2025-11-07,C00602,South,Store,Beauty,Makeup Kit,1,48.2,0.0,14.0
ORD001900,2025-11-07,C00602,South,Store,Home,Lamp,1,51.12,0.0,21.12
ORD003804,2025-11-07,C01805,East,Marketplace,Fitness,Yoga Mat,1,36.51,0.05,12.6
ORD003804,2025-11-07,C01805,East,Marketplace,Electronics,Keyboard,2,69.45,0.0,33.8
ORD004530,2025-11-07,C00692,South,Store,Home,Storage Box,1,28.62,0.0,9.36
ORD005754,2025-11-07,C01988,East,Store,Electronics,Smartwatch,2,246.07,0.05,132.3
ORD005754,2025-11-07,C01988,East,Store,Electronics,Headphones,1,97.3,0.0,49.3
ORD000536,2025-11-08,C00081,East,Store,Electronics,Keyboard,1,76.96,0.2,33.8
ORD000536,2025-11-08,C00081,East,Store,Beauty,Hair Dryer,1,90.95,0.1,39.0
ORD000980,2025-11-08,C01770,South,Marketplace,Home,Coffee Maker,2,103.78,0.05,52.25
ORD001064,2025-11-08,C00674,North,Online,Fitness,Dumbbells,3,84.98,0.05,39.9
ORD001130,2025-11-08,C00370,West,Marketplace,Electronics,Keyboard,2,76.58,0.0,33.8
ORD001130,2025-11-08,C00370,West,Marketplace,Beauty,Makeup Kit,2,47.07,0.0,14.0
ORD001640,2025-11-08,C00050,West,Store,Fitness,Dumbbells,1,84.24,0.15,39.9
ORD001640,2025-11-08,C00050,West,Store,Fitness,Dumbbells,1,84.58,0.1,39.9
ORD002106,2025-11-08,C02199,North,Online,Beauty,Hair Dryer,1,86.97,0.1,39.0
ORD002106,2025-11-08,C02199,North,Online,Home,Lamp,3,53.11,0.15,21.12
ORD002323,2025-11-08,C00066,North,Online,Electronics,Keyboard,2,75.43,0.15,33.8
ORD002323,2025-11-08,C00066,North,Online,Fitness,Resistance Bands,3,23.53,0.05,7.48
ORD003382,2025-11-08,C00500,South,Store,Home,Lamp,3,53.98,0.0,21.12
ORD003618,2025-11-08,C00003,North,Online,Electronics,Smartwatch,2,230.17,0.05,132.3
ORD003618,2025-11-08,C00003,North,Online,Fitness,Yoga Mat,1,32.46,0.1,12.6
ORD003837,2025-11-08,C01052,North,Store,Home,Storage Box,1,27.8,0.05,9.36
ORD003837,2025-11-08,C01052,North,Store,Fitness,Resistance Bands,3,23.63,0.0,7.48
ORD004124,2025-11-08,C01464,South,Store,Beauty,Skin Care Set,1,49.81,0.1,16.65
ORD004124,2025-11-08,C01464,South,Store,Beauty,Hair Dryer,1,89.62,0.15,39.0
ORD005064,2025-11-08,C00056,South,Store,Beauty,Hair Dryer,1,90.09,0.0,39.0
ORD005288,2025-11-08,C00657,North,Online,Beauty,Makeup Kit,1,45.68,0.3,14.0
ORD005454,2025-11-08,C01797,North,Online,Beauty,Makeup Kit,2,42.57,0.1,14.0
ORD000490,2025-11-09,C00961,North,Store,Home,Storage Box,1,28.28,0.05,9.36
ORD000490,2025-11-09,C00961,North,Store,Fitness,Dumbbells,1,76.29,0.1,39.9
ORD000742,2025-11-09,C00079,North,Online,Home,Storage Box,1,26.67,0.0,9.36
ORD000742,2025-11-09,C00079,North,Online,Home,Coffee Maker,1,109.37,0.2,52.25
ORD002373,2025-11-09,C00633,South,Store,Fitness,Yoga Mat,2,32.94,0.1,12.6
ORD002373,2025-11-09,C00633,South,Store,Beauty,Hair Dryer,1,84.05,0.0,39.0
ORD003775,2025-11-09,C00218,North,Store,Fitness,Yoga Mat,2,34.83,0.1,12.6
ORD004158,2025-11-09,C00321,East,Store,Fitness,Resistance Bands,2,25.09,0.1,7.48
ORD004205,2025-11-09,C00657,North,Online,Electronics,Keyboard,1,70.73,0.05,33.8
ORD004205,2025-11-09,C00657,North,Online,Home,Coffee Maker,1,102.47,0.1,52.25
ORD000372,2025-11-10,C00230,East,Marketplace,Beauty,Hair Dryer,1,87.43,0.2,39.0
ORD000372,2025-11-10,C00230,East,Marketplace,Home,Lamp,1,57.15,0.0,21.12
ORD000639,2025-11-10,C00121,East,Online,Beauty,Hair Dryer,1,94.28,0.0,39.0
ORD002031,2025-11-10,C02150,North,Online,Electronics,Keyboard,2,78.69,0.1,33.8
ORD002313,2025-11-10,C00017,North,Online,Electronics,Headphones,2,100.95,0.0,49.3
ORD002386,2025-11-10,C00659,West,Online,Home,Storage Box,1,27.43,0.05,9.36
ORD002386,2025-11-10,C00659,West,Online,Electronics,Headphones,1,101.26,0.0,49.3
ORD003156,2025-11-10,C00012,East,Online,Home,Coffee Maker,3,110.39,0.0,52.25
ORD003156,2025-11-10,C00012,East,Online,Home,Coffee Maker,3,105.63,0.15,52.25
ORD003264,2025-11-10,C01946,South,Online,Fitness,Dumbbells,2,74.4,0.0,39.9
ORD003520,2025-11-10,C01626,South,Online,Home,Lamp,1,56.71,0.0,21.12
ORD005623,2025-11-10,C00809,North,Online,Home,Lamp,1,51.01,0.05,21.12
ORD000144,2025-11-11,C00118,East,Online,Beauty,Makeup Kit,2,45.54,0.3,14.0
ORD000144,2025-11-11,C00118,East,Online,Electronics,Keyboard,1,77.8,0.2,33.8
ORD000297,2025-11-11,C00354,West,Online,Fitness,Resistance Bands,1,25.06,0.2,7.48
ORD000297,2025-11-11,C00354,West,Online,Electronics,Headphones,2,95.92,0.15,49.3
ORD000339,2025-11-11,C01735,East,Online,Home,Storage Box,1,26.02,0.0,9.36
ORD000741,2025-11-11,C00269,North,Marketplace,Electronics,Headphones,2,98.5,0.05,49.3
ORD001844,2025-11-11,C00148,North,Store,Electronics,Smartwatch,1,244.4,0.0,132.3
ORD001844,2025-11-11,C00148,North,Store,Beauty,Hair Dryer,3,84.48,0.1,39.0
ORD002083,2025-11-11,C00002,South,Marketplace,Electronics,Smartwatch,3,254.24,0.0,132.3
ORD002860,2025-11-11,C01373,West,Online,Fitness,Yoga Mat,3,32.22,0.0,12.6
ORD002894,2025-11-11,C00281,East,Online,Electronics,Keyboard,1,77.77,0.05,33.8
ORD002894,2025-11-11,C00281,East,Online,Fitness,Yoga Mat,1,33.96,0.1,12.6
ORD003144,2025-11-11,C00366,East,Online,Fitness,Dumbbells,1,75.27,0.0,39.9
ORD004537,2025-11-11,C00296,North,Online,Home,Coffee Maker,1,106.33,0.0,52.25
ORD005240,2025-11-11,C00559,South,Store,Beauty,Skin Care Set,1,47.9,0.0,16.65
ORD005240,2025-11-11,C00559,South,Store,Home,Coffee Maker,2,103.75,0.0,52.25
ORD000619,2025-11-12,C00469,West,Online,Electronics,Keyboard,2,74.41,0.1,33.8
ORD000619,2025-11-12,C00469,West,Online,Beauty,Makeup Kit,2,43.83,0.0,14.0
ORD000987,2025-11-12,C00286,West,Online,Electronics,Keyboard,1,69.97,0.0,33.8
ORD002959,2025-11-12,C00355,West,Store,Beauty,Makeup Kit,1,43.06,0.0,14.0
ORD004002,2025-11-12,C00618,North,Online,Beauty,Makeup Kit,1,48.54,0.15,14.0
ORD004002,2025-11-12,C00618,North,Online,Fitness,Dumbbells,1,82.65,0.15,39.9
ORD004016,2025-11-12,C00453,East,Online,Electronics,Keyboard,2,78.25,0.05,33.8
ORD004016,2025-11-12,C00453,East,Online,Electronics,Headphones,1,100.6,0.0,49.3
ORD005110,2025-11-12,C00503,East,Online,Beauty,Skin Care Set,1,53.81,0.1,16.65
ORD005110,2025-11-12,C00503,East,Online,Electronics,Keyboard,4,73.05,0.15,33.8
ORD005140,2025-11-12,C00371,North,Store,Beauty,Skin Care Set,1,50.14,0.0,16.65
ORD005140,2025-11-12,C00371,North,Store,Fitness,Yoga Mat,1,34.02,0.15,12.6
ORD005574,2025-11-12,C01633,East,Online,Home,Lamp,3,56.69,0.1,21.12
ORD005574,2025-11-12,C01633,East,Online,Beauty,Makeup Kit,2,46.31,0.15,14.0
ORD000062,2025-11-13,C00618,West,Online,Fitness,Resistance Bands,1,25.47,0.05,7.48
ORD000062,2025-11-13,C00618,West,Online,Beauty,Hair Dryer,1,87.47,0.1,39.0
ORD001378,2025-11-13,C01136,West,Store,Beauty,Skin Care Set,3,54.09,0.0,16.65
ORD002478,2025-11-13,C00068,West,Online,Beauty,Makeup Kit,2,46.64,0.2,14.0
ORD002478,2025-11-13,C00068,West,Online,Home,Lamp,3,56.25,0.05,21.12
ORD002963,2025-11-13,C00652,South,Online,Fitness,Resistance Bands,1,25.23,0.0,7.48
ORD002963,2025-11-13,C00652,South,Online,Beauty,Skin Care Set,2,51.23,0.0,16.65
ORD004222,2025-11-13,C00125,East,Online,Beauty,Hair Dryer,1,86.15,0.0,39.0
ORD004247,2025-11-13,C00784,South,Online,Electronics,Headphones,2,95.1,0.15,49.3
ORD004247,2025-11-13,C00784,South,Online,Electronics,Headphones,1,90.77,0.1,49.3
ORD005934,2025-11-13,C00465,East,Store,Beauty,Skin Care Set,1,49.0,0.1,16.65
ORD000834,2025-11-14,C01877,North,Online,Fitness,Dumbbells,2,81.86,0.05,39.9
ORD001313,2025-11-14,C00266,West,Online,Fitness,Dumbbells,1,74.4,0.1,39.9
ORD001442,2025-11-14,C00361,East,Online,Fitness,Resistance Bands,4,26.74,0.15,7.48
ORD001442,2025-11-14,C00361,East,Online,Electronics,Keyboard,1,69.42,0.15,33.8
ORD001542,2025-11-14,C00663,West,Store,Electronics,Smartwatch,1,237.1,0.15,132.3
ORD001888,2025-11-14,C02154,North,Online,Fitness,Yoga Mat,1,32.76,0.2,12.6
ORD002349,2025-11-14,C00175,West,Online,Beauty,Hair Dryer,3,92.36,0.1,39.0
ORD002349,2025-11-14,C00175,West,Online,Beauty,Skin Care Set,2,48.4,0.15,16.65
ORD002365,2025-11-14,C00230,South,Online,Electronics,Keyboard,1,74.76,0.05,33.8
ORD002365,2025-11-14,C00230,South,Online,Electronics,Smartwatch,1,248.12,0.2,132.3
ORD002445,2025-11-14,C00454,East,Online,Home,Coffee Maker,1,108.89,0.0,52.25
ORD003108,2025-11-14,C00164,North,Online,Home,Storage Box,1,28.95,0.15,9.36
ORD003108,2025-11-14,C00164,North,Online,Home,Lamp,1,55.83,0.15,21.12
ORD003186,2025-11-14,C01083,West,Store,Beauty,Skin Care Set,2,54.0,0.05,16.65
ORD004116,2025-11-14,C00392,South,Online,Beauty,Hair Dryer,3,85.5,0.05,39.0
ORD004116,2025-11-14,C00392,South,Online,Fitness,Dumbbells,2,80.03,0.0,39.9
ORD001504,2025-11-15,C00325,South,Online,Electronics,Keyboard,2,77.9,0.05,33.8
ORD001504,2025-11-15,C00325,South,Online,Fitness,Dumbbells,1,79.4,0.0,39.9
ORD003300,2025-11-15,C00608,West,Online,Electronics,Smartwatch,4,230.86,0.1,132.3
ORD003545,2025-11-15,C01671,East,Marketplace,Beauty,Skin Care Set,2,53.35,0.1,16.65
ORD004870,2025-11-15,C00103,East,Marketplace,Beauty,Makeup Kit,1,47.58,0.0,14.0
ORD004870,2025-11-15,C00103,East,Marketplace,Electronics,Keyboard,2,69.63,0.0,33.8
ORD005210,2025-11-15,C00424,North,Marketplace,Home,Coffee Maker,1,109.63,0.05,52.25
ORD005210,2025-11-15,C00424,North,Marketplace,Fitness,Resistance Bands,2,26.17,0.2,7.48
ORD000023,2025-11-16,C01452,South,Online,Electronics,Keyboard,1,76.2,0.1,33.8
ORD000180,2025-11-16,C00991,East,Online,Electronics,Keyboard,1,70.1,0.05,33.8
ORD000180,2025-11-16,C00991,East,Online,Beauty,Skin Care Set,1,49.55,0.1,16.65
ORD000487,2025-11-16,C01409,North,Marketplace,Home,Lamp,2,54.15,0.0,21.12
ORD000487,2025-11-16,C01409,North,Marketplace,Fitness,Yoga Mat,2,32.59,0.0,12.6
ORD000632,2025-11-16,C00358,North,Store,Fitness,Resistance Bands,1,25.26,0.2,7.48
ORD001244,2025-11-16,C00656,North,Marketplace,Home,Coffee Maker,1,113.81,0.3,52.25
ORD002510,2025-11-16,C00851,South,Online,Electronics,Keyboard,4,72.25,0.0,33.8
ORD002855,2025-11-16,C00087,South,Marketplace,Fitness,Yoga Mat,2,33.84,0.05,12.6
ORD002855,2025-11-16,C00087,South,Marketplace,Beauty,Skin Care Set,1,50.45,0.1,16.65
ORD002956,2025-11-16,C00295,West,Online,Electronics,Keyboard,1,75.66,0.0,33.8
ORD002956,2025-11-16,C00295,West,Online,Fitness,Yoga Mat,1,32.09,0.1,12.6
ORD003015,2025-11-16,C00467,South,Online,Beauty,Makeup Kit,1,46.02,0.15,14.0
ORD003015,2025-11-16,C00467,South,Online,Home,Storage Box,1,28.94,0.15,9.36
ORD004723,2025-11-16,C00534,West,Online,Home,Lamp,1,55.14,0.0,21.12
ORD004723,2025-11-16,C00534,West,Online,Home,Storage Box,1,26.13,0.0,9.36
ORD004858,2025-11-16,C01447,East,Online,Home,Storage Box,1,26.76,0.1,9.36
ORD004858,2025-11-16,C01447,East,Online,Electronics,Headphones,3,95.93,0.2,49.3
ORD005532,2025-11-16,C00016,West,Online,Fitness,Dumbbells,1,75.41,0.0,39.9
ORD000441,2025-11-17,C00468,North,Online,Beauty,Hair Dryer,1,88.37,0.1,39.0
ORD000441,2025-11-17,C00468,North,Online,Home,Lamp,1,54.54,0.0,21.12
ORD000842,2025-11-17,C00188,North,Online,Beauty,Hair Dryer,1,88.27,0.0,39.0
ORD000842,2025-11-17,C00188,North,Online,Beauty,Skin Care Set,2,48.78,0.05,16.65
ORD001102,2025-11-17,C00622,North,Online,Beauty,Hair Dryer,1,82.88,0.0,39.0
ORD001257,2025-11-17,C00321,South,Store,Fitness,Resistance Bands,2,24.9,0.05,7.48
ORD001464,2025-11-17,C02147,West,Store,Fitness,Dumbbells,2,77.35,0.0,39.9
ORD001779,2025-11-17,C00068,North,Marketplace,Home,Coffee Maker,2,112.28,0.05,52.25
ORD001779,2025-11-17,C00068,North,Marketplace,Electronics,Keyboard,1,71.84,0.05,33.8
ORD001913,2025-11-17,C00190,South,Online,Home,Storage Box,1,27.68,0.15,9.36
ORD001913,2025-11-17,C00190,South,Online,Electronics,Headphones,1,90.32,0.2,49.3
ORD003487,2025-11-17,C00076,South,Online,Beauty,Skin Care Set,1,52.27,0.3,16.65
ORD003487,2025-11-17,C00076,South,Online,Fitness,Dumbbells,1,80.58,0.0,39.9
ORD004253,2025-11-17,C00331,North,Online,Fitness,Yoga Mat,1,35.97,0.0,12.6
ORD002054,2025-11-18,C00142,East,Online,Electronics,Headphones,4,90.58,0.3,49.3
ORD003566,2025-11-18,C00583,North,Online,Home,Storage Box,2,26.74,0.1,9.36
ORD001081,2025-11-19,C02181,East,Online,Home,Coffee Maker,1,115.03,0.0,52.25
ORD001274,2025-11-19,C01426,East,Store,Electronics,Headphones,1,103.52,0.0,49.3
ORD001274,2025-11-19,C01426,East,Store,Home,Lamp,1,54.69,0.0,21.12
ORD001727,2025-11-19,C00032,South,Online,Home,Coffee Maker,2,105.84,0.0,52.25
ORD001986,2025-11-19,C00635,West,Store,Beauty,Makeup Kit,1,47.84,0.15,14.0
ORD001986,2025-11-19,C00635,West,Store,Electronics,Headphones,1,92.77,0.15,49.3
ORD002469,2025-11-19,C01230,East,Online,Home,Storage Box,1,27.82,0.2,9.36
ORD002469,2025-11-19,C01230,East,Online,Fitness,Dumbbells,1,79.89,0.05,39.9
ORD002748,2025-11-19,C00632,North,Store,Home,Coffee Maker,2,108.9,0.0,52.25
ORD005059,2025-11-19,C02042,South,Store,Beauty,Hair Dryer,1,90.19,0.05,39.0
ORD005059,2025-11-19,C02042,South,Store,Home,Lamp,1,52.2,0.0,21.12
ORD005536,2025-11-19,C00213,East,Store,Fitness,Yoga Mat,2,35.47,0.0,12.6
ORD005536,2025-11-19,C00213,East,Store,Electronics,Keyboard,3,75.87,0.15,33.8
ORD000667,2025-11-20,C01248,West,Marketplace,Fitness,Yoga Mat,2,36.0,0.1,12.6
ORD002232,2025-11-20,C00601,East,Store,Fitness,Dumbbells,2,83.96,0.15,39.9
ORD002250,2025-11-20,C00187,North,Marketplace,Beauty,Makeup Kit,2,46.27,0.0,14.0
ORD002250,2025-11-20,C00187,North,Marketplace,Home,Lamp,4,53.12,0.0,21.12
ORD002960,2025-11-20,C00246,North,Online,Electronics,Smartwatch,1,242.34,0.05,132.3
ORD003829,2025-11-20,C00568,South,Store,Electronics,Keyboard,2,73.21,0.0,33.8
ORD003829,2025-11-20,C00568,South,Store,Electronics,Keyboard,2,69.99,0.1,33.8
ORD004542,2025-11-20,C00109,East,Online,Home,Coffee Maker,2,111.49,0.1,52.25
ORD004542,2025-11-20,C00109,East,Online,Fitness,Yoga Mat,1,36.26,0.15,12.6
ORD004557,2025-11-20,C00662,West,Marketplace,Beauty,Makeup Kit,1,43.31,0.05,14.0
ORD004557,2025-11-20,C00662,West,Marketplace,Electronics,Keyboard,2,74.19,0.1,33.8
ORD005880,2025-11-20,C00587,North,Store,Fitness,Yoga Mat,1,36.27,0.0,12.6
ORD005880,2025-11-20,C00587,North,Store,Electronics,Keyboard,3,78.14,0.1,33.8
ORD001773,2025-11-21,C00026,South,Store,Fitness,Yoga Mat,1,33.8,0.05,12.6
ORD001773,2025-11-21,C00026,South,Store,Fitness,Dumbbells,1,74.49,0.05,39.9
ORD004049,2025-11-21,C00569,South,Online,Fitness,Dumbbells,2,75.88,0.05,39.9
ORD004183,2025-11-21,C00212,East,Online,Fitness,Yoga Mat,2,36.37,0.2,12.6
ORD000273,2025-11-22,C00666,East,Online,Beauty,Hair Dryer,2,88.07,0.05,39.0
ORD000295,2025-11-22,C01455,North,Store,Beauty,Hair Dryer,2,91.92,0.2,39.0
ORD000681,2025-11-22,C00645,South,Online,Electronics,Keyboard,2,76.49,0.3,33.8
ORD000804,2025-11-22,C00544,South,Online,Electronics,Keyboard,1,78.49,0.15,33.8
ORD000804,2025-11-22,C00544,South,Online,Fitness,Resistance Bands,2,23.77,0.1,7.48
ORD002076,2025-11-22,C01631,North,Store,Beauty,Makeup Kit,1,45.39,0.1,14.0
ORD002076,2025-11-22,C01631,North,Store,Beauty,Hair Dryer,1,91.34,0.05,39.0
ORD002744,2025-11-22,C00580,West,Online,Fitness,Yoga Mat,2,36.44,0.0,12.6
ORD002993,2025-11-22,C00078,East,Store,Home,Coffee Maker,1,105.36,0.1,52.25
ORD002993,2025-11-22,C00078,East,Store,Electronics,Smartwatch,2,234.1,0.05,132.3
ORD003364,2025-11-22,C00604,North,Store,Beauty,Skin Care Set,1,49.53,0.1,16.65
ORD003674,2025-11-22,C00321,East,Store,Fitness,Yoga Mat,1,32.41,0.05,12.6
ORD003674,2025-11-22,C00321,East,Store,Electronics,Smartwatch,1,238.34,0.05,132.3
ORD005003,2025-11-22,C01504,South,Online,Electronics,Smartwatch,1,234.83,0.0,132.3
ORD005084,2025-11-22,C00583,North,Online,Home,Coffee Maker,3,113.33,0.1,52.25
ORD005084,2025-11-22,C00583,North,Online,Electronics,Smartwatch,3,232.81,0.15,132.3
ORD005303,2025-11-22,C00670,East,Online,Home,Storage Box,2,27.12,0.05,9.36
ORD005303,2025-11-22,C00670,East,Online,Beauty,Makeup Kit,1,43.66,0.2,14.0
ORD000119,2025-11-23,C00303,South,Online,Home,Lamp,1,53.3,0.15,21.12
ORD000427,2025-11-23,C00603,South,Online,Electronics,Smartwatch,2,230.38,0.2,132.3
ORD000610,2025-11-23,C00563,North,Online,Home,Storage Box,1,27.79,0.0,9.36
ORD000610,2025-11-23,C00563,North,Online,Home,Storage Box,1,26.53,0.3,9.36
ORD000627,2025-11-23,C00524,East,Online,Beauty,Skin Care Set,2,52.29,0.1,16.65
ORD000627,2025-11-23,C00524,East,Online,Fitness,Dumbbells,2,81.43,0.15,39.9
ORD002777,2025-11-23,C00285,South,Store,Beauty,Hair Dryer,1,87.47,0.0,39.0
ORD002777,2025-11-23,C00285,South,Store,Fitness,Resistance Bands,1,26.21,0.05,7.48
ORD003882,2025-11-23,C02063,South,Marketplace,Home,Storage Box,2,29.02,0.05,9.36
ORD003882,2025-11-23,C02063,South,Marketplace,Fitness,Resistance Bands,1,23.75,0.0,7.48
ORD004181,2025-11-23,C00140,East,Store,Home,Lamp,3,58.32,0.05,21.12
ORD004181,2025-11-23,C00140,East,Store,Fitness,Dumbbells,2,83.4,0.1,39.9
ORD004909,2025-11-23,C00459,South,Online,Fitness,Dumbbells,1,83.39,0.05,39.9
ORD004909,2025-11-23,C00459,South,Online,Home,Coffee Maker,1,113.48,0.1,52.25
ORD000121,2025-11-24,C00118,South,Online,Home,Coffee Maker,1,105.67,0.1,52.25
ORD000121,2025-11-24,C00118,South,Online,Beauty,Makeup Kit,1,45.14,0.05,14.0
ORD000582,2025-11-24,C00073,West,Online,Home,Coffee Maker,1,111.79,0.0,52.25
ORD001329,2025-11-24,C00571,North,Online,Fitness,Resistance Bands,2,23.76,0.1,7.48
ORD001910,2025-11-24,C00884,East,Online,Electronics,Headphones,2,94.59,0.05,49.3
ORD001910,2025-11-24,C00884,East,Online,Fitness,Resistance Bands,1,23.74,0.05,7.48
ORD002060,2025-11-24,C00475,East,Store,Beauty,Hair Dryer,3,86.9,0.1,39.0
ORD002060,2025-11-24,C00475,East,Store,Fitness,Yoga Mat,1,33.14,0.05,12.6
ORD003113,2025-11-24,C01871,North,Online,Fitness,Yoga Mat,1,31.95,0.15,12.6
ORD004254,2025-11-24,C01286,South,Store,Fitness,Yoga Mat,1,34.29,0.1,12.6
ORD004348,2025-11-24,C01600,East,Online,Electronics,Smartwatch,1,239.52,0.05,132.3
ORD004348,2025-11-24,C01600,East,Online,Home,Storage Box,3,26.05,0.15,9.36
ORD004417,2025-11-24,C02029,North,Store,Beauty,Skin Care Set,1,49.96,0.1,16.65
ORD004417,2025-11-24,C02029,North,Store,Electronics,Smartwatch,1,246.1,0.0,132.3
ORD004789,2025-11-24,C01212,South,Marketplace,Fitness,Yoga Mat,2,34.82,0.1,12.6
ORD004956,2025-11-24,C00116,East,Online,Beauty,Skin Care Set,1,48.23,0.15,16.65
ORD004956,2025-11-24,C00116,East,Online,Home,Storage Box,1,26.71,0.05,9.36
ORD005911,2025-11-24,C01714,East,Marketplace,Beauty,Skin Care Set,3,52.73,0.0,16.65
ORD000177,2025-11-25,C00564,North,Marketplace,Beauty,Makeup Kit,2,46.76,0.15,14.0
ORD000177,2025-11-25,C00564,North,Marketplace,Beauty,Hair Dryer,2,93.99,0.1,39.0
ORD001197,2025-11-25,C00439,North,Online,Home,Lamp,1,51.56,0.0,21.12
ORD002278,2025-11-25,C00496,North,Store,Home,Lamp,2,52.68,0.05,21.12
ORD002831,2025-11-25,C00471,South,Online,Fitness,Yoga Mat,1,32.7,0.2,12.6
ORD002831,2025-11-25,C00471,South,Online,Home,Lamp,1,52.67,0.05,21.12
ORD003277,2025-11-25,C01610,North,Marketplace,Beauty,Hair Dryer,1,90.57,0.2,39.0
ORD003405,2025-11-25,C00136,North,Store,Home,Lamp,1,55.84,0.1,21.12
ORD003405,2025-11-25,C00136,North,Store,Electronics,Keyboard,1,78.97,0.2,33.8
ORD003763,2025-11-25,C00312,East,Store,Home,Coffee Maker,2,110.98,0.05,52.25
ORD003763,2025-11-25,C00312,East,Store,Electronics,Smartwatch,1,246.57,0.15,132.3
ORD004682,2025-11-25,C00606,East,Store,Home,Coffee Maker,1,104.06,0.2,52.25
ORD005403,2025-11-25,C00362,South,Online,Fitness,Yoga Mat,3,32.35,0.0,12.6
ORD005403,2025-11-25,C00362,South,Online,Electronics,Headphones,1,98.59,0.1,49.3
ORD005913,2025-11-25,C00544,North,Online,Beauty,Hair Dryer,1,93.29,0.0,39.0
ORD005913,2025-11-25,C00544,North,Online,Fitness,Dumbbells,1,75.99,0.15,39.9
ORD001708,2025-11-26,C00386,South,Store,Home,Coffee Maker,2,107.03,0.3,52.25
ORD003575,2025-11-26,C00598,North,Online,Fitness,Resistance Bands,2,24.0,0.0,7.48
ORD004174,2025-11-26,C00587,South,Store,Home,Storage Box,1,27.94,0.0,9.36
ORD000159,2025-11-27,C00481,South,Online,Fitness,Dumbbells,2,75.56,0.0,39.9
ORD000294,2025-11-27,C00429,East,Store,Fitness,Dumbbells,1,84.02,0.15,39.9
ORD000294,2025-11-27,C00429,East,Store,Electronics,Headphones,2,93.26,0.1,49.3
ORD002734,2025-11-27,C00656,North,Online,Beauty,Skin Care Set,4,54.43,0.0,16.65
ORD002734,2025-11-27,C00656,North,Online,Fitness,Yoga Mat,2,33.89,0.05,12.6
ORD003258,2025-11-27,C00674,East,Online,Fitness,Dumbbells,1,85.28,0.1,39.9
ORD003258,2025-11-27,C00674,East,Online,Beauty,Makeup Kit,1,43.96,0.05,14.0
ORD004998,2025-11-27,C00638,East,Online,Fitness,Yoga Mat,2,32.96,0.05,12.6
ORD004998,2025-11-27,C00638,East,Online,Fitness,Dumbbells,1,74.82,0.0,39.9
ORD005253,2025-11-27,C00351,South,Store,Home,Lamp,2,57.39,0.3,21.12
ORD005253,2025-11-27,C00351,South,Store,Beauty,Hair Dryer,1,89.2,0.05,39.0
ORD005835,2025-11-27,C00142,South,Online,Electronics,Smartwatch,4,232.12,0.15,132.3
ORD001502,2025-11-28,C00855,South,Online,Beauty,Skin Care Set,2,48.57,0.0,16.65
ORD001785,2025-11-28,C00423,East,Online,Fitness,Resistance Bands,1,25.35,0.0,7.48
ORD001785,2025-11-28,C00423,East,Online,Home,Coffee Maker,4,103.12,0.05,52.25
ORD004051,2025-11-28,C02011,North,Online,Electronics,Headphones,1,100.79,0.05,49.3
ORD004051,2025-11-28,C02011,North,Online,Beauty,Makeup Kit,2,46.13,0.15,14.0
ORD004195,2025-11-28,C00172,North,Store,Electronics,Smartwatch,1,237.65,0.15,132.3
ORD004311,2025-11-28,C00634,North,Online,Electronics,Keyboard,1,76.02,0.1,33.8
ORD004311,2025-11-28,C00634,North,Online,Beauty,Skin Care Set,2,51.56,0.0,16.65
ORD004333,2025-11-28,C00361,West,Store,Beauty,Makeup Kit,1,45.63,0.05,14.0
ORD004333,2025-11-28,C00361,West,Store,Home,Coffee Maker,3,111.88,0.1,52.25
ORD004584,2025-11-28,C00429,North,Online,Beauty,Makeup Kit,2,43.81,0.0,14.0
ORD005572,2025-11-28,C00101,East,Online,Fitness,Yoga Mat,1,32.06,0.15,12.6
ORD005840,2025-11-28,C00772,East,Marketplace,Electronics,Keyboard,3,70.73,0.2,33.8
ORD005840,2025-11-28,C00772,East,Marketplace,Beauty,Makeup Kit,4,44.52,0.1,14.0
ORD001520,2025-11-29,C00493,South,Online,Beauty,Hair Dryer,1,88.86,0.3,39.0
ORD001520,2025-11-29,C00493,South,Online,Beauty,Makeup Kit,1,44.32,0.0,14.0
ORD001817,2025-11-29,C00277,West,Online,Beauty,Hair Dryer,1,90.58,0.0,39.0
ORD001851,2025-11-29,C00658,West,Online,Fitness,Dumbbells,3,83.03,0.0,39.9
ORD001928,2025-11-29,C00572,South,Online,Electronics,Smartwatch,2,231.28,0.1,132.3
ORD002475,2025-11-29,C00414,East,Store,Home,Storage Box,1,26.81,0.1,9.36
ORD002475,2025-11-29,C00414,East,Store,Home,Lamp,2,57.56,0.15,21.12
ORD003501,2025-11-29,C00598,West,Online,Home,Coffee Maker,2,104.93,0.15,52.25
ORD003501,2025-11-29,C00598,West,Online,Electronics,Smartwatch,4,246.37,0.0,132.3
ORD003770,2025-11-29,C00089,South,Online,Home,Storage Box,3,28.71,0.05,9.36
ORD003770,2025-11-29,C00089,South,Online,Beauty,Hair Dryer,2,89.23,0.0,39.0
ORD004900,2025-11-29,C00700,East,Store,Home,Coffee Maker,1,114.46,0.05,52.25
ORD005223,2025-11-29,C00473,East,Online,Home,Coffee Maker,1,104.83,0.05,52.25
ORD005223,2025-11-29,C00473,East,Online,Home,Coffee Maker,2,111.92,0.05,52.25
ORD005838,2025-11-29,C00797,North,Store,Home,Coffee Maker,1,111.4,0.1,52.25
ORD005838,2025-11-29,C00797,North,Store,Beauty,Skin Care Set,2,48.13,0.05,16.65
ORD000314,2025-11-30,C00270,South,Store,Beauty,Skin Care Set,2,50.63,0.15,16.65
ORD000867,2025-11-30,C00606,East,Marketplace,Beauty,Skin Care Set,1,52.14,0.1,16.65
ORD000867,2025-11-30,C00606,East,Marketplace,Electronics,Smartwatch,2,250.18,0.1,132.3
ORD003781,2025-11-30,C00591,North,Online,Home,Storage Box,2,27.8,0.1,9.36
ORD003781,2025-11-30,C00591,North,Online,Home,Storage Box,2,26.33,0.0,9.36
ORD003972,2025-11-30,C00994,West,Store,Beauty,Skin Care Set,1,48.03,0.05,16.65
ORD003972,2025-11-30,C00994,West,Store,Fitness,Dumbbells,2,77.55,0.1,39.9
ORD004518,2025-11-30,C00676,South,Online,Electronics,Keyboard,3,77.78,0.05,33.8
ORD004518,2025-11-30,C00676,South,Online,Home,Storage Box,1,28.22,0.0,9.36
ORD005487,2025-11-30,C00408,North,Store,Home,Lamp,3,54.59,0.05,21.12
ORD005487,2025-11-30,C00408,North,Store,Electronics,Smartwatch,1,252.24,0.0,132.3
ORD005915,2025-11-30,C00621,South,Marketplace,Fitness,Yoga Mat,3,32.77,0.1,12.6
ORD005915,2025-11-30,C00621,South,Marketplace,Electronics,Keyboard,2,73.74,0.0,33.8
ORD000136,2025-12-01,C00491,West,Online,Electronics,Smartwatch,4,250.94,0.1,132.3
ORD000136,2025-12-01,C00491,West,Online,Beauty,Skin Care Set,1,48.81,0.15,16.65
ORD000923,2025-12-01,C01824,East,Online,Beauty,Makeup Kit,3,47.26,0.05,14.0
ORD000923,2025-12-01,C01824,East,Online,Home,Coffee Maker,2,113.42,0.3,52.25
ORD001093,2025-12-01,C01638,South,Marketplace,Beauty,Skin Care Set,1,50.08,0.0,16.65
ORD001093,2025-12-01,C01638,South,Marketplace,Electronics,Headphones,3,96.63,0.0,49.3
ORD001741,2025-12-01,C00011,North,Marketplace,Fitness,Resistance Bands,2,25.79,0.05,7.48
ORD001741,2025-12-01,C00011,North,Marketplace,Home,Lamp,3,56.35,0.1,21.12
ORD002338,2025-12-01,C00327,West,Online,Fitness,Dumbbells,2,74.92,0.0,39.9
ORD004267,2025-12-01,C01179,West,Online,Electronics,Smartwatch,3,239.79,0.2,132.3
ORD005275,2025-12-01,C00030,East,Marketplace,Electronics,Smartwatch,2,224.11,0.15,132.3
ORD005901,2025-12-01,C00403,North,Online,Beauty,Skin Care Set,2,51.92,0.0,16.65
ORD005901,2025-12-01,C00403,North,Online,Beauty,Makeup Kit,2,47.16,0.1,14.0
ORD000240,2025-12-02,C00164,South,Online,Fitness,Dumbbells,1,77.16,0.0,39.9
ORD001432,2025-12-02,C00485,North,Marketplace,Fitness,Dumbbells,1,80.29,0.1,39.9
ORD001432,2025-12-02,C00485,North,Marketplace,Home,Storage Box,2,28.92,0.05,9.36
ORD001815,2025-12-02,C00168,South,Store,Fitness,Resistance Bands,1,24.14,0.3,7.48
ORD002327,2025-12-02,C00303,South,Online,Beauty,Hair Dryer,1,83.83,0.1,39.0
ORD002399,2025-12-02,C00316,East,Online,Beauty,Hair Dryer,2,93.03,0.0,39.0
ORD002760,2025-12-02,C01653,West,Store,Beauty,Makeup Kit,3,45.61,0.0,14.0
ORD002760,2025-12-02,C01653,West,Store,Beauty,Hair Dryer,1,87.51,0.0,39.0
ORD003029,2025-12-02,C00118,South,Store,Electronics,Keyboard,1,72.2,0.1,33.8
ORD003029,2025-12-02,C00118,South,Store,Home,Lamp,1,56.45,0.0,21.12
ORD003158,2025-12-02,C00316,West,Online,Electronics,Keyboard,1,74.77,0.15,33.8
ORD003158,2025-12-02,C00316,West,Online,Fitness,Resistance Bands,4,24.33,0.0,7.48
ORD004416,2025-12-02,C00115,North,Store,Electronics,Smartwatch,1,246.38,0.05,132.3
ORD005162,2025-12-02,C01230,North,Online,Home,Coffee Maker,4,108.83,0.05,52.25
ORD005162,2025-12-02,C01230,North,Online,Electronics,Keyboard,2,69.44,0.2,33.8
ORD000083,2025-12-03,C00300,East,Online,Beauty,Skin Care Set,2,52.44,0.15,16.65
ORD000083,2025-12-03,C00300,East,Online,Fitness,Resistance Bands,2,25.22,0.05,7.48
ORD000398,2025-12-03,C00470,West,Online,Beauty,Skin Care Set,1,54.67,0.05,16.65
ORD000420,2025-12-03,C00267,East,Online,Electronics,Smartwatch,2,231.26,0.0,132.3
ORD000420,2025-12-03,C00267,East,Online,Electronics,Smartwatch,1,245.59,0.15,132.3
ORD002050,2025-12-03,C00295,South,Online,Fitness,Resistance Bands,1,25.14,0.0,7.48
ORD002050,2025-12-03,C00295,South,Online,Beauty,Skin Care Set,3,50.64,0.0,16.65
ORD002446,2025-12-03,C00487,South,Store,Electronics,Headphones,1,99.61,0.1,49.3
ORD002446,2025-12-03,C00487,South,Store,Electronics,Keyboard,2,72.89,0.2,33.8
ORD002502,2025-12-03,C00451,South,Online,Fitness,Resistance Bands,1,24.45,0.15,7.48
ORD002951,2025-12-03,C00591,North,Online,Fitness,Dumbbells,2,76.3,0.0,39.9
ORD002951,2025-12-03,C00591,North,Online,Beauty,Skin Care Set,1,53.05,0.1,16.65
ORD003698,2025-12-03,C00072,East,Store,Fitness,Resistance Bands,1,24.04,0.0,7.48
ORD005197,2025-12-03,C01417,South,Store,Beauty,Skin Care Set,2,48.01,0.0,16.65
ORD005197,2025-12-03,C01417,South,Store,Electronics,Smartwatch,1,233.8,0.15,132.3
ORD005498,2025-12-03,C00308,North,Online,Electronics,Smartwatch,1,245.43,0.05,132.3
ORD001563,2025-12-04,C00137,West,Online,Beauty,Hair Dryer,1,85.64,0.05,39.0
ORD001563,2025-12-04,C00137,West,Online,Fitness,Resistance Bands,1,23.63,0.0,7.48
ORD002515,2025-12-04,C02020,West,Online,Electronics,Keyboard,2,74.18,0.0,33.8
ORD003423,2025-12-04,C01329,East,Online,Fitness,Dumbbells,2,75.7,0.3,39.9
ORD003423,2025-12-04,C01329,East,Online,Electronics,Smartwatch,3,241.51,0.0,132.3
ORD003937,2025-12-04,C00640,South,Online,Fitness,Resistance Bands,1,26.15,0.15,7.48
ORD003937,2025-12-04,C00640,South,Online,Fitness,Dumbbells,1,85.02,0.1,39.9
ORD004490,2025-12-04,C00471,South,Store,Beauty,Skin Care Set,1,50.83,0.1,16.65
ORD004490,2025-12-04,C00471,South,Store,Electronics,Keyboard,2,74.63,0.05,33.8
ORD000156,2025-12-05,C00649,North,Online,Fitness,Resistance Bands,1,26.8,0.1,7.48
ORD000171,2025-12-05,C00973,West,Store,Beauty,Skin Care Set,1,50.24,0.05,16.65
ORD000171,2025-12-05,C00973,West,Store,Fitness,Resistance Bands,2,26.71,0.2,7.48
ORD001429,2025-12-05,C02145,East,Online,Fitness,Resistance Bands,1,26.47,0.0,7.48
ORD001429,2025-12-05,C02145,East,Online,Electronics,Smartwatch,1,226.57,0.05,132.3
ORD001440,2025-12-05,C00291,East,Online,Home,Storage Box,1,28.96,0.2,9.36
ORD001440,2025-12-05,C00291,East,Online,Home,Storage Box,2,28.22,0.1,9.36
ORD004317,2025-12-05,C00370,North,Store,Home,Lamp,3,58.27,0.0,21.12
ORD004653,2025-12-05,C01201,West,Store,Beauty,Hair Dryer,1,83.44,0.0,39.0
ORD004653,2025-12-05,C01201,West,Store,Home,Coffee Maker,2,105.82,0.0,52.25
ORD004824,2025-12-05,C00612,West,Online,Fitness,Dumbbells,2,81.42,0.0,39.9
ORD004824,2025-12-05,C00612,West,Online,Fitness,Dumbbells,3,74.77,0.05,39.9
ORD004955,2025-12-05,C00127,West,Online,Fitness,Resistance Bands,2,25.01,0.0,7.48
ORD004955,2025-12-05,C00127,West,Online,Fitness,Dumbbells,2,83.58,0.0,39.9
ORD002310,2025-12-06,C00293,North,Online,Electronics,Smartwatch,1,249.11,0.0,132.3
ORD002310,2025-12-06,C00293,North,Online,Fitness,Yoga Mat,1,36.51,0.0,12.6
ORD002517,2025-12-06,C00184,East,Online,Fitness,Dumbbells,1,82.17,0.15,39.9
ORD002517,2025-12-06,C00184,East,Online,Electronics,Smartwatch,2,223.84,0.05,132.3
ORD003235,2025-12-06,C00311,North,Online,Home,Coffee Maker,1,114.8,0.1,52.25
ORD003235,2025-12-06,C00311,North,Online,Home,Storage Box,3,26.27,0.2,9.36
ORD003933,2025-12-06,C00466,East,Store,Fitness,Resistance Bands,1,24.42,0.05,7.48
ORD003933,2025-12-06,C00466,East,Store,Fitness,Dumbbells,1,83.52,0.2,39.9
ORD005178,2025-12-06,C00653,North,Online,Electronics,Headphones,1,92.65,0.0,49.3
ORD005178,2025-12-06,C00653,North,Online,Beauty,Skin Care Set,4,51.99,0.0,16.65
ORD005714,2025-12-06,C00623,West,Online,Beauty,Skin Care Set,2,54.32,0.0,16.65
ORD005972,2025-12-06,C00912,East,Store,Fitness,Resistance Bands,3,23.87,0.05,7.48
ORD002696,2025-12-07,C00735,West,Online,Fitness,Dumbbells,2,76.73,0.1,39.9
ORD002696,2025-12-07,C00735,West,Online,Electronics,Keyboard,1,75.58,0.0,33.8
ORD002784,2025-12-07,C00275,North,Online,Beauty,Skin Care Set,2,54.21,0.0,16.65
ORD002784,2025-12-07,C00275,North,Online,Fitness,Dumbbells,1,81.84,0.0,39.9
ORD002836,2025-12-07,C01425,West,Store,Beauty,Makeup Kit,1,43.16,0.15,14.0
ORD003219,2025-12-07,C00310,West,Online,Fitness,Dumbbells,1,81.34,0.0,39.9
ORD003219,2025-12-07,C00310,West,Online,Electronics,Headphones,2,91.33,0.2,49.3
ORD003531,2025-12-07,C00484,North,Online,Beauty,Skin Care Set,3,49.52,0.05,16.65
ORD004404,2025-12-07,C00024,North,Online,Beauty,Skin Care Set,2,51.46,0.15,16.65
ORD004597,2025-12-07,C00600,North,Store,Fitness,Dumbbells,2,77.75,0.0,39.9
ORD004597,2025-12-07,C00600,North,Store,Electronics,Headphones,1,97.28,0.05,49.3
ORD004771,2025-12-07,C00846,West,Online,Electronics,Smartwatch,1,239.63,0.0,132.3
ORD004975,2025-12-07,C00619,North,Online,Home,Coffee Maker,1,105.96,0.05,52.25
ORD004975,2025-12-07,C00619,North,Online,Beauty,Makeup Kit,2,45.77,0.0,14.0
ORD005581,2025-12-07,C00338,South,Online,Beauty,Makeup Kit,1,47.93,0.0,14.0
ORD005626,2025-12-07,C00142,North,Online,Home,Lamp,1,53.55,0.0,21.12
ORD000101,2025-12-08,C00631,South,Store,Fitness,Resistance Bands,1,24.91,0.15,7.48
ORD000109,2025-12-08,C00083,West,Store,Beauty,Hair Dryer,2,92.38,0.1,39.0
ORD000109,2025-12-08,C00083,West,Store,Beauty,Makeup Kit,1,47.79,0.0,14.0
ORD000322,2025-12-08,C01468,West,Store,Beauty,Skin Care Set,2,49.33,0.2,16.65
ORD001957,2025-12-08,C01794,North,Online,Home,Coffee Maker,1,112.99,0.0,52.25
ORD002217,2025-12-08,C00155,East,Store,Home,Lamp,1,55.51,0.05,21.12
ORD002217,2025-12-08,C00155,East,Store,Electronics,Keyboard,1,73.91,0.0,33.8
ORD003317,2025-12-08,C00527,West,Store,Home,Lamp,1,52.18,0.0,21.12
ORD003317,2025-12-08,C00527,West,Store,Home,Storage Box,4,28.99,0.15,9.36
ORD003409,2025-12-08,C00590,East,Online,Fitness,Dumbbells,1,76.82,0.05,39.9
ORD003784,2025-12-08,C00618,South,Marketplace,Beauty,Makeup Kit,3,45.43,0.1,14.0
ORD004765,2025-12-08,C01017,North,Online,Beauty,Skin Care Set,3,53.44,0.0,16.65
ORD005272,2025-12-08,C00298,North,Marketplace,Electronics,Smartwatch,2,243.32,0.05,132.3
ORD005272,2025-12-08,C00298,North,Marketplace,Fitness,Resistance Bands,1,23.75,0.0,7.48
ORD005307,2025-12-08,C02113,South,Online,Fitness,Resistance Bands,3,24.07,0.05,7.48
ORD005307,2025-12-08,C02113,South,Online,Fitness,Dumbbells,3,80.35,0.05,39.9
ORD005440,2025-12-08,C00643,West,Online,Electronics,Smartwatch,2,247.64,0.15,132.3
ORD005630,2025-12-08,C00072,North,Online,Fitness,Resistance Bands,1,26.17,0.0,7.48
ORD005900,2025-12-08,C00655,North,Online,Home,Lamp,2,54.13,0.0,21.12
ORD005900,2025-12-08,C00655,North,Online,Beauty,Skin Care Set,1,51.74,0.1,16.65
ORD005976,2025-12-08,C00083,North,Online,Beauty,Hair Dryer,1,94.31,0.15,39.0
ORD005976,2025-12-08,C00083,North,Online,Electronics,Keyboard,2,72.7,0.2,33.8
ORD000408,2025-12-09,C00126,North,Online,Beauty,Skin Care Set,1,51.13,0.2,16.65
ORD001825,2025-12-09,C02133,East,Online,Home,Storage Box,3,27.88,0.05,9.36
ORD002307,2025-12-09,C00111,North,Online,Beauty,Makeup Kit,1,45.12,0.1,14.0
ORD002307,2025-12-09,C00111,North,Online,Beauty,Makeup Kit,3,47.2,0.15,14.0
ORD002611,2025-12-09,C00281,North,Online,Home,Coffee Maker,1,103.73,0.0,52.25
ORD002786,2025-12-09,C01775,East,Store,Beauty,Makeup Kit,1,44.01,0.05,14.0
ORD002786,2025-12-09,C01775,East,Store,Beauty,Skin Care Set,4,49.09,0.15,16.65
ORD003375,2025-12-09,C01738,East,Store,Beauty,Makeup Kit,1,45.54,0.05,14.0
ORD003375,2025-12-09,C01738,East,Store,Home,Lamp,2,54.78,0.0,21.12
ORD003606,2025-12-09,C00055,West,Online,Beauty,Skin Care Set,1,52.48,0.05,16.65
ORD004341,2025-12-09,C00486,West,Online,Beauty,Skin Care Set,1,54.6,0.3,16.65
ORD004341,2025-12-09,C00486,West,Online,Home,Coffee Maker,2,104.58,0.1,52.25
ORD005472,2025-12-09,C00134,East,Store,Fitness,Yoga Mat,3,35.04,0.0,12.6
ORD005472,2025-12-09,C00134,East,Store,Fitness,Dumbbells,3,79.59,0.05,39.9
ORD001728,2025-12-10,C00288,South,Store,Fitness,Resistance Bands,2,23.59,0.15,7.48
ORD002051,2025-12-10,C00018,East,Online,Fitness,Resistance Bands,2,24.81,0.05,7.48
ORD002491,2025-12-10,C00660,East,Store,Electronics,Keyboard,2,79.27,0.05,33.8
ORD003020,2025-12-10,C00099,North,Online,Home,Storage Box,4,27.12,0.0,9.36
ORD003020,2025-12-10,C00099,North,Online,Electronics,Headphones,1,91.98,0.05,49.3
ORD003237,2025-12-10,C00422,North,Marketplace,Beauty,Makeup Kit,2,46.27,0.05,14.0
ORD003587,2025-12-10,C00418,North,Online,Electronics,Smartwatch,1,244.19,0.05,132.3
ORD004041,2025-12-10,C00583,West,Store,Fitness,Dumbbells,1,79.74,0.05,39.9
ORD004567,2025-12-10,C00061,East,Online,Beauty,Hair Dryer,1,88.86,0.05,39.0
ORD004567,2025-12-10,C00061,East,Online,Home,Lamp,1,56.64,0.15,21.12
ORD004939,2025-12-10,C01997,East,Online,Fitness,Dumbbells,4,80.81,0.0,39.9
ORD005015,2025-12-10,C00429,West,Online,Electronics,Smartwatch,2,223.28,0.0,132.3
ORD002337,2025-12-11,C00613,East,Online,Fitness,Yoga Mat,1,34.38,0.05,12.6
ORD004559,2025-12-11,C00340,South,Online,Beauty,Hair Dryer,2,86.84,0.2,39.0
ORD004637,2025-12-11,C00534,East,Online,Electronics,Headphones,1,101.2,0.2,49.3
ORD004637,2025-12-11,C00534,East,Online,Fitness,Dumbbells,1,83.38,0.0,39.9
ORD004696,2025-12-11,C01299,East,Store,Electronics,Smartwatch,2,231.04,0.1,132.3
ORD004696,2025-12-11,C01299,East,Store,Beauty,Makeup Kit,1,46.99,0.0,14.0
ORD005537,2025-12-11,C00043,East,Marketplace,Beauty,Skin Care Set,1,49.64,0.2,16.65
ORD005537,2025-12-11,C00043,East,Marketplace,Fitness,Yoga Mat,1,33.79,0.0,12.6
ORD005609,2025-12-11,C01768,West,Online,Home,Coffee Maker,1,106.37,0.05,52.25
ORD005609,2025-12-11,C01768,West,Online,Fitness,Resistance Bands,1,24.68,0.0,7.48
ORD005980,2025-12-11,C00416,East,Online,Beauty,Makeup Kit,1,48.65,0.0,14.0
ORD005980,2025-12-11,C00416,East,Online,Beauty,Hair Dryer,1,94.82,0.15,39.0
ORD001212,2025-12-12,C00617,North,Online,Fitness,Dumbbells,3,83.07,0.1,39.9
ORD001415,2025-12-12,C00501,East,Marketplace,Electronics,Headphones,1,91.24,0.15,49.3
ORD003430,2025-12-12,C01764,North,Online,Electronics,Keyboard,1,74.31,0.1,33.8
ORD003975,2025-12-12,C00223,West,Online,Beauty,Makeup Kit,2,46.81,0.0,14.0
ORD000699,2025-12-13,C00073,East,Online,Beauty,Skin Care Set,1,53.06,0.15,16.65
ORD000699,2025-12-13,C00073,East,Online,Home,Coffee Maker,2,104.22,0.1,52.25
ORD000880,2025-12-13,C00273,South,Store,Fitness,Dumbbells,3,75.62,0.1,39.9
ORD000880,2025-12-13,C00273,South,Store,Home,Coffee Maker,2,113.89,0.05,52.25
ORD001791,2025-12-13,C00137,South,Store,Fitness,Dumbbells,1,81.72,0.1,39.9
ORD002036,2025-12-13,C00368,East,Online,Beauty,Hair Dryer,3,90.87,0.1,39.0
ORD005441,2025-12-13,C00695,North,Online,Fitness,Dumbbells,3,76.66,0.05,39.9
ORD000611,2025-12-14,C01349,South,Online,Home,Coffee Maker,1,111.11,0.05,52.25
ORD000611,2025-12-14,C01349,South,Online,Home,Lamp,1,55.48,0.0,21.12
ORD001061,2025-12-14,C00509,East,Online,Electronics,Headphones,1,101.05,0.15,49.3
ORD000184,2025-12-15,C00659,North,Store,Beauty,Makeup Kit,1,44.98,0.05,14.0
ORD001070,2025-12-15,C02095,East,Online,Home,Storage Box,1,27.83,0.3,9.36
ORD001917,2025-12-15,C00497,South,Online,Home,Coffee Maker,2,111.43,0.0,52.25
ORD002629,2025-12-15,C00479,North,Online,Fitness,Yoga Mat,4,34.0,0.1,12.6
ORD002844,2025-12-15,C01477,South,Online,Beauty,Skin Care Set,1,54.08,0.0,16.65
ORD003129,2025-12-15,C00060,South,Store,Fitness,Yoga Mat,2,32.9,0.0,12.6
ORD005160,2025-12-15,C00235,North,Store,Electronics,Smartwatch,4,227.79,0.05,132.3
ORD001780,2025-12-16,C01525,West,Marketplace,Fitness,Dumbbells,2,79.67,0.05,39.9
ORD002244,2025-12-16,C00674,North,Marketplace,Beauty,Makeup Kit,2,46.96,0.15,14.0
ORD002739,2025-12-16,C00505,East,Store,Beauty,Hair Dryer,1,90.47,0.2,39.0
ORD002739,2025-12-16,C00505,East,Store,Fitness,Dumbbells,2,84.53,0.05,39.9
ORD003660,2025-12-16,C00438,West,Store,Fitness,Yoga Mat,1,35.75,0.05,12.6
ORD003845,2025-12-16,C01587,North,Store,Beauty,Skin Care Set,1,53.04,0.0,16.65
ORD003845,2025-12-16,C01587,North,Store,Beauty,Hair Dryer,1,87.8,0.0,39.0
ORD003930,2025-12-16,C00849,West,Online,Beauty,Makeup Kit,4,46.3,0.05,14.0
ORD004264,2025-12-16,C01354,South,Marketplace,Beauty,Hair Dryer,2,93.57,0.0,39.0
ORD004349,2025-12-16,C00137,North,Online,Home,Storage Box,2,26.4,0.15,9.36
ORD004444,2025-12-16,C00111,East,Online,Fitness,Dumbbells,1,74.58,0.0,39.9
ORD004444,2025-12-16,C00111,East,Online,Beauty,Makeup Kit,2,45.61,0.0,14.0
ORD000108,2025-12-17,C00148,South,Store,Home,Lamp,3,52.8,0.05,21.12
ORD000108,2025-12-17,C00148,South,Store,Fitness,Resistance Bands,2,23.57,0.1,7.48
ORD000531,2025-12-17,C00472,West,Store,Beauty,Skin Care Set,1,50.13,0.0,16.65
ORD001162,2025-12-17,C00472,North,Online,Fitness,Resistance Bands,1,24.07,0.1,7.48
ORD001412,2025-12-17,C01533,North,Online,Electronics,Smartwatch,1,237.78,0.05,132.3
ORD001803,2025-12-17,C00257,South,Online,Fitness,Yoga Mat,1,33.41,0.0,12.6
ORD001803,2025-12-17,C00257,South,Online,Home,Lamp,2,54.3,0.05,21.12
ORD002312,2025-12-17,C00345,East,Store,Home,Lamp,2,58.56,0.0,21.12
ORD002312,2025-12-17,C00345,East,Store,Home,Coffee Maker,1,112.66,0.15,52.25
ORD002975,2025-12-17,C00586,West,Online,Beauty,Skin Care Set,1,48.96,0.1,16.65
ORD004609,2025-12-17,C00242,West,Online,Beauty,Makeup Kit,1,44.49,0.0,14.0
ORD004609,2025-12-17,C00242,West,Online,Electronics,Headphones,2,103.2,0.2,49.3
ORD004618,2025-12-17,C00152,West,Marketplace,Beauty,Hair Dryer,2,92.96,0.0,39.0
ORD004618,2025-12-17,C00152,West,Marketplace,Home,Storage Box,2,25.97,0.0,9.36
ORD004969,2025-12-17,C00548,North,Online,Beauty,Hair Dryer,1,89.94,0.1,39.0
ORD004969,2025-12-17,C00548,North,Online,Home,Coffee Maker,2,115.83,0.2,52.25
ORD005196,2025-12-17,C00654,East,Store,Fitness,Yoga Mat,1,34.12,0.1,12.6
ORD000316,2025-12-18,C00848,West,Online,Fitness,Dumbbells,2,83.95,0.05,39.9
ORD001506,2025-12-18,C01232,North,Store,Beauty,Hair Dryer,3,92.51,0.0,39.0
ORD001506,2025-12-18,C01232,North,Store,Fitness,Dumbbells,2,82.77,0.1,39.9
ORD001898,2025-12-18,C00183,West,Online,Home,Storage Box,2,25.63,0.1,9.36
ORD001898,2025-12-18,C00183,West,Online,Electronics,Keyboard,4,78.36,0.1,33.8
ORD002404,2025-12-18,C00571,North,Store,Beauty,Makeup Kit,3,43.64,0.05,14.0
ORD002996,2025-12-18,C00462,East,Online,Electronics,Headphones,3,93.65,0.15,49.3
ORD003883,2025-12-18,C00221,East,Online,Electronics,Smartwatch,4,243.05,0.1,132.3
ORD004778,2025-12-18,C00655,East,Online,Fitness,Yoga Mat,2,33.78,0.1,12.6
ORD004778,2025-12-18,C00655,East,Online,Home,Storage Box,1,29.06,0.2,9.36
ORD004958,2025-12-18,C00515,West,Online,Home,Storage Box,1,29.14,0.05,9.36
ORD004967,2025-12-18,C01820,North,Online,Electronics,Smartwatch,1,234.26,0.1,132.3
ORD005614,2025-12-18,C00046,North,Online,Beauty,Hair Dryer,1,87.29,0.15,39.0
ORD005614,2025-12-18,C00046,North,Online,Home,Storage Box,1,25.8,0.0,9.36
ORD000017,2025-12-19,C02182,East,Online,Beauty,Makeup Kit,3,45.07,0.0,14.0
ORD001307,2025-12-19,C00669,West,Store,Electronics,Smartwatch,1,253.95,0.05,132.3
ORD001714,2025-12-19,C01544,North,Online,Fitness,Dumbbells,1,79.78,0.1,39.9
ORD001714,2025-12-19,C01544,North,Online,Beauty,Skin Care Set,2,51.89,0.1,16.65
ORD003233,2025-12-19,C00011,South,Online,Electronics,Headphones,1,102.75,0.1,49.3
ORD000181,2025-12-20,C00370,North,Online,Electronics,Smartwatch,1,240.21,0.15,132.3
ORD001792,2025-12-20,C00318,South,Online,Electronics,Headphones,2,94.45,0.1,49.3
ORD002827,2025-12-20,C00091,South,Online,Fitness,Dumbbells,2,83.77,0.0,39.9
ORD002830,2025-12-20,C00126,South,Store,Fitness,Dumbbells,1,74.47,0.0,39.9
ORD002830,2025-12-20,C00126,South,Store,Electronics,Keyboard,2,73.19,0.05,33.8
ORD003313,2025-12-20,C00803,East,Store,Electronics,Keyboard,1,74.68,0.0,33.8
ORD003313,2025-12-20,C00803,East,Store,Beauty,Makeup Kit,1,47.14,0.1,14.0
ORD004380,2025-12-20,C00319,West,Online,Electronics,Keyboard,1,73.88,0.0,33.8
ORD004380,2025-12-20,C00319,West,Online,Home,Storage Box,2,27.73,0.0,9.36
ORD004826,2025-12-20,C00957,North,Online,Fitness,Dumbbells,1,81.66,0.15,39.9
ORD004826,2025-12-20,C00957,North,Online,Electronics,Smartwatch,1,233.15,0.0,132.3
ORD005098,2025-12-20,C00578,East,Online,Electronics,Smartwatch,2,254.75,0.05,132.3
ORD005098,2025-12-20,C00578,East,Online,Home,Coffee Maker,2,108.35,0.1,52.25
ORD005916,2025-12-20,C01051,South,Store,Fitness,Dumbbells,1,80.53,0.1,39.9
ORD005916,2025-12-20,C01051,South,Store,Home,Storage Box,2,26.5,0.0,9.36
ORD000514,2025-12-21,C02171,South,Marketplace,Beauty,Hair Dryer,1,89.07,0.05,39.0
ORD000616,2025-12-21,C00489,North,Store,Beauty,Makeup Kit,1,43.16,0.1,14.0
ORD000954,2025-12-21,C01002,West,Store,Home,Coffee Maker,1,112.86,0.0,52.25
ORD003343,2025-12-21,C00260,South,Online,Fitness,Yoga Mat,2,35.98,0.0,12.6
ORD003865,2025-12-21,C00485,South,Marketplace,Electronics,Keyboard,1,77.3,0.0,33.8
ORD003865,2025-12-21,C00485,South,Marketplace,Beauty,Hair Dryer,1,87.56,0.0,39.0
ORD004920,2025-12-21,C00698,West,Online,Home,Coffee Maker,3,104.07,0.2,52.25
ORD004920,2025-12-21,C00698,West,Online,Fitness,Yoga Mat,2,33.83,0.1,12.6
ORD005583,2025-12-21,C00163,South,Store,Beauty,Makeup Kit,1,46.56,0.2,14.0
ORD005583,2025-12-21,C00163,South,Store,Fitness,Yoga Mat,1,35.99,0.15,12.6
ORD000516,2025-12-22,C01674,North,Online,Electronics,Keyboard,1,71.7,0.05,33.8
ORD000516,2025-12-22,C01674,North,Online,Electronics,Smartwatch,1,251.62,0.1,132.3
ORD001569,2025-12-22,C00206,North,Marketplace,Electronics,Smartwatch,1,226.74,0.05,132.3
ORD001569,2025-12-22,C00206,North,Marketplace,Electronics,Keyboard,3,71.57,0.0,33.8
ORD001653,2025-12-22,C00330,West,Online,Home,Coffee Maker,1,106.16,0.1,52.25
ORD001653,2025-12-22,C00330,West,Online,Home,Lamp,1,53.02,0.05,21.12
ORD001911,2025-12-22,C00038,East,Store,Fitness,Yoga Mat,3,32.13,0.05,12.6
ORD002081,2025-12-22,C00308,North,Marketplace,Electronics,Keyboard,3,74.67,0.15,33.8
ORD002661,2025-12-22,C00031,East,Online,Home,Coffee Maker,1,111.17,0.05,52.25
ORD002692,2025-12-22,C00539,South,Online,Beauty,Skin Care Set,2,51.34,0.1,16.65
ORD002692,2025-12-22,C00539,South,Online,Fitness,Yoga Mat,1,33.88,0.0,12.6
ORD002982,2025-12-22,C00277,South,Store,Beauty,Hair Dryer,2,91.89,0.05,39.0
ORD002982,2025-12-22,C00277,South,Store,Beauty,Skin Care Set,1,49.16,0.05,16.65
ORD003394,2025-12-22,C00647,West,Marketplace,Electronics,Headphones,1,97.98,0.05,49.3
ORD003394,2025-12-22,C00647,West,Marketplace,Home,Coffee Maker,3,112.15,0.1,52.25
ORD003512,2025-12-22,C00016,West,Online,Electronics,Keyboard,2,74.41,0.1,33.8
ORD004060,2025-12-22,C02200,South,Online,Fitness,Yoga Mat,1,32.74,0.15,12.6
ORD004060,2025-12-22,C02200,South,Online,Fitness,Resistance Bands,1,26.79,0.15,7.48
ORD004074,2025-12-22,C01106,North,Online,Home,Storage Box,1,27.12,0.05,9.36
ORD004074,2025-12-22,C01106,North,Online,Electronics,Headphones,4,92.43,0.05,49.3
ORD004760,2025-12-22,C00547,North,Online,Fitness,Resistance Bands,1,25.7,0.0,7.48
ORD005005,2025-12-22,C00228,West,Online,Fitness,Yoga Mat,2,35.13,0.05,12.6
ORD005727,2025-12-22,C00300,West,Online,Beauty,Skin Care Set,4,49.8,0.05,16.65
ORD005727,2025-12-22,C00300,West,Online,Home,Coffee Maker,1,113.09,0.0,52.25
ORD002742,2025-12-23,C00364,East,Online,Electronics,Keyboard,2,72.78,0.0,33.8
ORD002742,2025-12-23,C00364,East,Online,Home,Lamp,4,57.99,0.0,21.12
ORD002929,2025-12-23,C00098,West,Online,Beauty,Makeup Kit,2,45.85,0.05,14.0
ORD002929,2025-12-23,C00098,West,Online,Beauty,Hair Dryer,1,92.88,0.1,39.0
ORD004322,2025-12-23,C01225,North,Store,Fitness,Yoga Mat,1,32.15,0.1,12.6
ORD004322,2025-12-23,C01225,North,Store,Electronics,Smartwatch,1,235.55,0.2,132.3
ORD004593,2025-12-23,C01530,North,Online,Beauty,Hair Dryer,2,89.79,0.0,39.0
ORD005242,2025-12-23,C00014,West,Store,Home,Storage Box,1,26.82,0.05,9.36
ORD005461,2025-12-23,C00462,West,Online,Home,Storage Box,1,26.36,0.1,9.36
ORD005461,2025-12-23,C00462,West,Online,Fitness,Yoga Mat,1,32.72,0.0,12.6
ORD000348,2025-12-24,C01718,North,Online,Fitness,Resistance Bands,1,26.74,0.15,7.48
ORD000563,2025-12-24,C00009,North,Online,Beauty,Skin Care Set,1,54.82,0.0,16.65
ORD000563,2025-12-24,C00009,North,Online,Fitness,Resistance Bands,2,23.69,0.3,7.48
ORD003227,2025-12-24,C00398,East,Online,Electronics,Keyboard,2,73.7,0.15,33.8
ORD003227,2025-12-24,C00398,East,Online,Electronics,Keyboard,1,77.55,0.0,33.8
ORD003402,2025-12-24,C00020,East,Online,Beauty,Makeup Kit,1,44.58,0.15,14.0
ORD003402,2025-12-24,C00020,East,Online,Electronics,Keyboard,2,78.91,0.0,33.8
ORD003467,2025-12-24,C00113,West,Online,Home,Storage Box,2,28.68,0.1,9.36
ORD003611,2025-12-24,C00592,South,Online,Electronics,Headphones,3,98.35,0.1,49.3
ORD003683,2025-12-24,C00679,West,Online,Electronics,Smartwatch,3,243.05,0.15,132.3
ORD003706,2025-12-24,C00623,North,Store,Home,Lamp,2,51.43,0.05,21.12
ORD003706,2025-12-24,C00623,North,Store,Home,Coffee Maker,1,105.16,0.05,52.25
ORD004123,2025-12-24,C00049,East,Store,Home,Coffee Maker,1,111.87,0.1,52.25
ORD005188,2025-12-24,C00104,East,Store,Electronics,Keyboard,2,76.06,0.0,33.8
ORD005188,2025-12-24,C00104,East,Store,Fitness,Yoga Mat,1,35.06,0.05,12.6
ORD005317,2025-12-24,C00329,South,Marketplace,Electronics,Smartwatch,1,243.45,0.15,132.3
ORD005317,2025-12-24,C00329,South,Marketplace,Home,Coffee Maker,1,103.72,0.15,52.25
ORD000583,2025-12-25,C02178,South,Online,Home,Coffee Maker,1,113.47,0.1,52.25
ORD000583,2025-12-25,C02178,South,Online,Home,Coffee Maker,1,101.27,0.1,52.25
ORD000874,2025-12-25,C00499,North,Online,Fitness,Yoga Mat,1,32.38,0.15,12.6
ORD000915,2025-12-25,C00584,South,Marketplace,Home,Coffee Maker,1,108.23,0.2,52.25
ORD000949,2025-12-25,C00200,East,Marketplace,Fitness,Yoga Mat,2,33.19,0.3,12.6
ORD002296,2025-12-25,C01954,East,Online,Fitness,Yoga Mat,1,34.2,0.0,12.6
ORD002296,2025-12-25,C01954,East,Online,Electronics,Headphones,1,98.52,0.3,49.3
ORD002876,2025-12-25,C00278,West,Online,Fitness,Dumbbells,2,76.94,0.0,39.9
ORD002876,2025-12-25,C00278,West,Online,Home,Coffee Maker,1,102.47,0.1,52.25
ORD003519,2025-12-25,C00623,North,Store,Beauty,Skin Care Set,1,50.48,0.05,16.65
ORD003519,2025-12-25,C00623,North,Store,Electronics,Smartwatch,1,226.58,0.0,132.3
ORD004585,2025-12-25,C00837,South,Online,Electronics,Smartwatch,1,238.15,0.1,132.3
ORD005219,2025-12-25,C00583,East,Store,Electronics,Keyboard,3,76.7,0.0,33.8
ORD005219,2025-12-25,C00583,East,Store,Electronics,Smartwatch,1,239.76,0.15,132.3
ORD005598,2025-12-25,C00228,South,Online,Beauty,Hair Dryer,1,90.79,0.0,39.0
ORD005598,2025-12-25,C00228,South,Online,Electronics,Smartwatch,2,248.46,0.0,132.3
ORD000655,2025-12-26,C00628,West,Online,Electronics,Headphones,1,101.89,0.0,49.3
ORD000655,2025-12-26,C00628,West,Online,Electronics,Headphones,2,102.14,0.05,49.3
ORD000736,2025-12-26,C00225,South,Marketplace,Fitness,Yoga Mat,2,34.09,0.0,12.6
ORD001305,2025-12-26,C00244,North,Online,Fitness,Yoga Mat,1,32.68,0.3,12.6
ORD002702,2025-12-26,C00361,South,Marketplace,Electronics,Keyboard,3,79.22,0.15,33.8
ORD003079,2025-12-26,C01064,East,Online,Electronics,Keyboard,2,77.62,0.15,33.8
ORD003201,2025-12-26,C01828,East,Store,Electronics,Headphones,2,94.8,0.05,49.3
ORD003201,2025-12-26,C01828,East,Store,Beauty,Hair Dryer,2,92.47,0.05,39.0
ORD003623,2025-12-26,C00086,South,Online,Home,Storage Box,2,26.45,0.0,9.36
ORD003623,2025-12-26,C00086,South,Online,Fitness,Yoga Mat,1,35.02,0.2,12.6
ORD003718,2025-12-26,C00212,East,Online,Beauty,Makeup Kit,1,44.05,0.15,14.0
ORD004220,2025-12-26,C01563,North,Marketplace,Beauty,Hair Dryer,2,88.43,0.0,39.0
ORD004220,2025-12-26,C01563,North,Marketplace,Electronics,Smartwatch,1,238.43,0.15,132.3
ORD004237,2025-12-26,C00090,North,Online,Electronics,Keyboard,3,76.74,0.1,33.8
ORD005182,2025-12-26,C01438,North,Marketplace,Fitness,Yoga Mat,3,33.59,0.0,12.6
ORD005182,2025-12-26,C01438,North,Marketplace,Beauty,Makeup Kit,1,44.83,0.0,14.0
ORD005323,2025-12-26,C02102,East,Store,Electronics,Smartwatch,1,239.86,0.1,132.3
ORD005323,2025-12-26,C02102,East,Store,Fitness,Yoga Mat,1,32.09,0.0,12.6
ORD005745,2025-12-26,C00694,South,Online,Fitness,Resistance Bands,2,25.63,0.1,7.48
ORD001089,2025-12-27,C00374,South,Online,Fitness,Yoga Mat,1,32.43,0.3,12.6
ORD001089,2025-12-27,C00374,South,Online,Beauty,Skin Care Set,1,51.99,0.0,16.65
ORD001920,2025-12-27,C02166,North,Online,Home,Coffee Maker,2,103.05,0.05,52.25
ORD001920,2025-12-27,C02166,North,Online,Electronics,Headphones,4,95.97,0.0,49.3
ORD002056,2025-12-27,C00603,South,Online,Fitness,Yoga Mat,1,33.75,0.0,12.6
ORD002838,2025-12-27,C01696,South,Online,Home,Storage Box,1,27.82,0.1,9.36
ORD005037,2025-12-27,C00270,South,Store,Beauty,Hair Dryer,3,95.13,0.0,39.0
ORD005786,2025-12-27,C00191,East,Online,Electronics,Keyboard,3,72.78,0.15,33.8
ORD005786,2025-12-27,C00191,East,Online,Beauty,Skin Care Set,1,54.01,0.3,16.65
ORD005804,2025-12-27,C00568,South,Store,Electronics,Keyboard,2,69.45,0.1,33.8
ORD000064,2025-12-28,C00473,North,Online,Fitness,Yoga Mat,1,35.74,0.05,12.6
ORD000064,2025-12-28,C00473,North,Online,Fitness,Resistance Bands,2,23.6,0.0,7.48
ORD000141,2025-12-28,C01943,North,Store,Electronics,Smartwatch,1,239.45,0.0,132.3
ORD000141,2025-12-28,C01943,North,Store,Fitness,Yoga Mat,3,33.02,0.05,12.6
ORD001805,2025-12-28,C01405,West,Online,Electronics,Headphones,1,94.66,0.05,49.3
ORD004091,2025-12-28,C00054,West,Store,Beauty,Hair Dryer,1,89.03,0.15,39.0
ORD004160,2025-12-28,C00131,East,Store,Electronics,Keyboard,2,72.07,0.0,33.8
ORD004160,2025-12-28,C00131,East,Store,Fitness,Yoga Mat,1,35.73,0.0,12.6
ORD005501,2025-12-28,C00497,East,Store,Fitness,Yoga Mat,1,32.77,0.15,12.6
ORD005865,2025-12-28,C00719,South,Online,Fitness,Dumbbells,1,77.73,0.05,39.9
ORD005865,2025-12-28,C00719,South,Online,Beauty,Hair Dryer,1,86.77,0.3,39.0
ORD001123,2025-12-29,C00013,East,Online,Electronics,Headphones,3,96.93,0.15,49.3
ORD001437,2025-12-29,C00863,East,Online,Beauty,Hair Dryer,2,93.73,0.05,39.0
ORD001437,2025-12-29,C00863,East,Online,Electronics,Keyboard,3,72.36,0.05,33.8
ORD002205,2025-12-29,C00596,South,Online,Fitness,Resistance Bands,2,26.82,0.2,7.48
ORD002205,2025-12-29,C00596,South,Online,Fitness,Yoga Mat,3,36.43,0.1,12.6
ORD002466,2025-12-29,C00664,South,Online,Home,Lamp,2,52.58,0.2,21.12
ORD002466,2025-12-29,C00664,South,Online,Fitness,Yoga Mat,1,35.83,0.0,12.6
ORD003284,2025-12-29,C00577,East,Marketplace,Electronics,Smartwatch,2,226.54,0.05,132.3
ORD003485,2025-12-29,C00498,West,Store,Home,Coffee Maker,2,106.4,0.05,52.25
ORD003945,2025-12-29,C00040,East,Store,Beauty,Makeup Kit,4,47.04,0.0,14.0
ORD005579,2025-12-29,C00302,East,Online,Fitness,Resistance Bands,1,26.34,0.0,7.48
ORD005955,2025-12-29,C00220,North,Online,Fitness,Dumbbells,4,84.01,0.2,39.9
ORD001140,2025-12-30,C01725,North,Store,Electronics,Keyboard,2,71.86,0.0,33.8
ORD001655,2025-12-30,C00503,South,Marketplace,Fitness,Yoga Mat,2,32.62,0.05,12.6
ORD003092,2025-12-30,C00439,North,Online,Fitness,Resistance Bands,1,26.41,0.05,7.48
ORD003722,2025-12-30,C00125,North,Online,Electronics,Keyboard,1,70.6,0.0,33.8
ORD004151,2025-12-30,C01945,North,Online,Home,Storage Box,2,28.62,0.0,9.36
ORD004289,2025-12-30,C00099,North,Marketplace,Home,Storage Box,1,26.65,0.0,9.36
ORD005717,2025-12-30,C01795,West,Store,Fitness,Dumbbells,2,77.31,0.0,39.9
ORD005717,2025-12-30,C01795,West,Store,Home,Coffee Maker,2,101.02,0.3,52.25
ORD000453,2025-12-31,C00009,South,Store,Fitness,Dumbbells,1,75.15,0.05,39.9
ORD000453,2025-12-31,C00009,South,Store,Electronics,Headphones,3,96.76,0.15,49.3
ORD001866,2025-12-31,C00461,North,Online,Electronics,Keyboard,2,77.6,0.2,33.8
ORD001866,2025-12-31,C00461,North,Online,Home,Storage Box,1,28.21,0.1,9.36
ORD002131,2025-12-31,C00086,West,Online,Beauty,Skin Care Set,2,48.55,0.0,16.65
ORD002131,2025-12-31,C00086,West,Online,Home,Coffee Maker,4,106.4,0.0,52.25
ORD002936,2025-12-31,C01592,South,Online,Home,Storage Box,1,28.15,0.1,9.36
ORD002936,2025-12-31,C01592,South,Online,Fitness,Resistance Bands,1,26.35,0.15,7.48
ORD004252,2025-12-31,C00648,West,Store,Fitness,Yoga Mat,1,32.54,0.05,12.6
ORD004252,2025-12-31,C00648,West,Store,Fitness,Yoga Mat,4,35.18,0.1,12.6
ORD004508,2025-12-31,C00717,North,Online,Fitness,Dumbbells,1,75.6,0.05,39.9
ORD004508,2025-12-31,C00717,North,Online,Fitness,Resistance Bands,2,25.44,0.05,7.48
ORD004628,2025-12-31,C01173,North,Online,Fitness,Dumbbells,1,79.01,0.0,39.9
ORD004628,2025-12-31,C01173,North,Online,Electronics,Keyboard,1,69.68,0.0,33.8
